CustomerID,Country,FirstPurchase,LastPurchase,Orders,Revenue,RecencyDays,R,F,M,Segment
12346,United Kingdom,2010-03-02 13:08:00,2010-06-28 13:53:00,2.0,169.36,529.0,1.0,2.0,1.0,At Risk
12347,Iceland,2010-10-31 14:20:00,2011-12-07 15:52:00,8.0,4921.53,2.0,4.0,4.0,4.0,Champions
12348,Finland,2010-09-27 14:59:00,2011-09-25 13:13:00,5.0,1658.4,75.0,3.0,3.0,3.0,Champions
12349,Italy,2010-04-29 13:20:00,2011-11-21 09:51:00,3.0,3678.69,19.0,4.0,2.0,4.0,Recent / Promising
12350,Norway,2011-02-02 16:01:00,2011-02-02 16:01:00,1.0,294.4,310.0,2.0,1.0,1.0,Hibernating
12351,Unknown,2010-11-29 15:23:00,2010-11-29 15:23:00,1.0,300.93,375.0,2.0,1.0,1.0,Hibernating
12352,Norway,2010-11-12 10:20:00,2011-11-03 14:37:00,9.0,1729.54,36.0,3.0,4.0,3.0,Champions
12353,Bahrain,2010-10-27 12:44:00,2011-05-19 17:47:00,2.0,406.76,204.0,2.0,2.0,2.0,Hibernating
12354,Spain,2011-04-21 13:11:00,2011-04-21 13:11:00,1.0,1079.4,232.0,2.0,1.0,3.0,Hibernating
12355,Bahrain,2010-05-21 11:59:00,2011-05-09 13:49:00,2.0,947.61,214.0,2.0,2.0,3.0,Hibernating
12356,Portugal,2010-10-11 09:42:00,2011-11-17 08:40:00,6.0,5611.73,23.0,4.0,3.0,4.0,Champions
12357,Switzerland,2010-11-16 10:05:00,2011-11-06 16:07:00,2.0,17437.66,33.0,3.0,2.0,4.0,Recent / Promising
12358,Austria,2009-12-08 07:59:00,2011-12-08 10:26:00,5.0,3447.07,2.0,4.0,3.0,4.0,Champions
12359,Cyprus,2009-12-05 13:32:00,2011-10-13 12:47:00,10.0,8873.39,58.0,3.0,4.0,4.0,Champions
12360,Austria,2010-02-22 09:32:00,2011-10-18 15:22:00,6.0,3612.89,52.0,3.0,3.0,4.0,Champions
12361,Belgium,2010-01-26 14:37:00,2011-02-25 13:51:00,4.0,451.25,287.0,2.0,3.0,2.0,Loyal
12362,Belgium,2011-02-17 10:30:00,2011-12-06 15:40:00,10.0,4737.23,3.0,4.0,4.0,4.0,Champions
12363,Unknown,2011-04-11 13:29:00,2011-08-22 10:18:00,2.0,552.0,110.0,2.0,2.0,2.0,Hibernating
12364,Belgium,2011-08-19 15:24:00,2011-12-02 10:22:00,4.0,1208.1,8.0,4.0,3.0,3.0,Champions
12365,Cyprus,2011-02-21 13:51:00,2011-02-21 13:51:00,1.0,320.69,291.0,2.0,1.0,1.0,Hibernating
12366,Cyprus,2010-03-16 10:28:00,2010-03-16 10:28:00,1.0,500.24,634.0,1.0,1.0,2.0,Hibernating
12367,Denmark,2011-12-05 16:48:00,2011-12-05 16:48:00,1.0,150.9,4.0,4.0,1.0,1.0,Recent / Promising
12368,Cyprus,2010-03-21 15:56:00,2010-03-21 15:56:00,1.0,917.7,628.0,1.0,1.0,3.0,Hibernating
12369,Austria,2010-03-08 08:09:00,2010-10-22 13:13:00,3.0,1511.15,413.0,1.0,2.0,3.0,At Risk
12370,Cyprus,2010-02-09 09:41:00,2011-10-19 14:51:00,7.0,3956.56,51.0,3.0,3.0,4.0,Champions
12371,Switzerland,2010-03-04 18:23:00,2011-10-11 10:43:00,4.0,3347.38,60.0,3.0,3.0,4.0,Champions
12372,Denmark,2011-02-16 12:46:00,2011-09-29 12:12:00,3.0,1196.04,72.0,3.0,2.0,3.0,Recent / Promising
12373,Austria,2010-02-04 12:08:00,2011-02-01 13:10:00,3.0,927.65,311.0,2.0,2.0,3.0,Hibernating
12374,Austria,2010-04-30 14:01:00,2011-11-14 15:37:00,3.0,2669.22,25.0,4.0,2.0,4.0,Recent / Promising
12375,Finland,2011-09-02 14:23:00,2011-11-29 10:36:00,2.0,377.5,11.0,4.0,2.0,2.0,Recent / Promising
12376,Switzerland,2010-10-18 08:42:00,2010-11-15 12:15:00,2.0,383.15,390.0,1.0,2.0,2.0,At Risk
12377,Switzerland,2010-04-29 15:34:00,2011-01-28 15:45:00,4.0,3266.32,315.0,2.0,3.0,4.0,Loyal
12378,Switzerland,2010-05-26 14:07:00,2011-08-02 10:34:00,2.0,5416.32,130.0,2.0,2.0,4.0,Hibernating
12379,Belgium,2010-06-23 12:49:00,2011-09-19 10:09:00,4.0,1470.22,82.0,3.0,3.0,3.0,Champions
12380,Belgium,2010-02-15 12:05:00,2011-11-18 11:27:00,8.0,7210.65,22.0,4.0,4.0,4.0,Champions
12381,Norway,2011-08-12 09:57:00,2011-12-05 12:44:00,3.0,1474.81,5.0,4.0,2.0,3.0,Recent / Promising
12383,Belgium,2010-12-22 14:28:00,2011-06-08 08:02:00,5.0,1628.56,185.0,2.0,3.0,3.0,Loyal
12384,Switzerland,2011-08-10 11:23:00,2011-11-11 08:39:00,2.0,425.27,29.0,3.0,2.0,2.0,Recent / Promising
12385,Belgium,2010-11-25 15:14:00,2010-11-25 15:14:00,1.0,1668.4,379.0,2.0,1.0,3.0,Hibernating
12386,Australia,2010-12-08 09:53:00,2011-01-06 12:37:00,2.0,401.9,338.0,2.0,2.0,2.0,Hibernating
12387,Australia,2010-10-20 16:27:00,2010-10-20 16:27:00,1.0,143.94,415.0,1.0,1.0,1.0,Hibernating
12388,Australia,2010-05-06 12:54:00,2011-11-24 12:30:00,8.0,3901.11,16.0,4.0,4.0,4.0,Champions
12389,Australia,2010-02-22 10:15:00,2010-11-02 11:52:00,3.0,1433.33,403.0,1.0,2.0,3.0,At Risk
12390,Belgium,2011-09-21 09:33:00,2011-09-21 09:33:00,1.0,504.84,80.0,3.0,1.0,2.0,Recent / Promising
12391,Cyprus,2010-02-15 10:12:00,2011-11-18 12:07:00,6.0,2724.84,22.0,4.0,3.0,4.0,Champions
12392,Australia,2010-04-27 14:04:00,2010-04-27 14:04:00,1.0,234.75,591.0,1.0,1.0,1.0,Hibernating
12393,Australia,2010-10-07 13:49:00,2011-09-28 15:41:00,6.0,2399.45,72.0,3.0,3.0,4.0,Champions
12394,Denmark,2011-05-06 14:01:00,2011-10-07 08:08:00,2.0,1080.48,64.0,3.0,2.0,3.0,Recent / Promising
12395,Belgium,2010-04-16 10:16:00,2011-11-20 15:21:00,15.0,4241.17,19.0,4.0,4.0,4.0,Champions
12396,South Africa,2010-02-03 13:22:00,2010-02-03 13:22:00,1.0,931.43,674.0,1.0,1.0,3.0,Hibernating
12397,Belgium,2011-07-27 14:21:00,2011-11-04 09:52:00,2.0,2214.9,36.0,3.0,2.0,3.0,Recent / Promising
12398,Switzerland,2011-10-25 10:27:00,2011-10-25 10:27:00,1.0,1435.66,46.0,3.0,1.0,3.0,Recent / Promising
12399,Belgium,2010-03-05 08:45:00,2011-08-12 13:15:00,7.0,1842.3,119.0,2.0,3.0,3.0,Loyal
12400,Australia,2010-10-21 13:45:00,2010-10-21 13:45:00,1.0,205.25,414.0,1.0,1.0,1.0,Hibernating
12401,Belgium,2011-02-09 13:50:00,2011-02-09 13:50:00,1.0,69.3,303.0,2.0,1.0,1.0,Hibernating
12402,Belgium,2010-02-07 12:41:00,2011-01-20 13:49:00,6.0,1136.9,323.0,2.0,3.0,3.0,Loyal
12403,Denmark,2010-07-06 11:39:00,2011-10-21 10:51:00,2.0,947.36,50.0,3.0,2.0,3.0,Recent / Promising
12405,Finland,2011-07-14 08:52:00,2011-07-14 08:52:00,1.0,1390.39,149.0,2.0,1.0,3.0,Hibernating
12406,Denmark,2010-01-11 14:04:00,2011-11-17 19:22:00,5.0,6390.36,22.0,4.0,3.0,4.0,Champions
12407,Belgium,2011-03-20 13:21:00,2011-10-21 10:11:00,5.0,1507.12,50.0,3.0,3.0,3.0,Champions
12408,Belgium,2010-07-29 13:27:00,2011-11-07 12:27:00,8.0,3905.77,33.0,3.0,4.0,4.0,Champions
12409,Switzerland,2010-05-23 15:21:00,2011-09-22 10:38:00,7.0,23419.29,79.0,3.0,3.0,4.0,Champions
12410,Switzerland,2010-07-25 13:26:00,2011-02-04 10:39:00,3.0,773.71,309.0,2.0,2.0,2.0,Hibernating
12411,Australia,2010-10-26 09:25:00,2010-10-26 09:25:00,1.0,346.9,410.0,1.0,1.0,2.0,Hibernating
12412,Denmark,2010-06-18 13:22:00,2011-09-26 10:16:00,6.0,2404.93,75.0,3.0,3.0,4.0,Champions
12413,France,2010-11-02 13:26:00,2011-10-04 09:00:00,4.0,871.45,67.0,3.0,3.0,3.0,Champions
12414,Austria,2010-09-02 12:22:00,2011-05-06 14:51:00,4.0,532.41,217.0,2.0,3.0,2.0,Loyal
12415,Australia,2010-06-30 08:30:00,2011-11-15 14:22:00,24.0,144033.37,24.0,4.0,4.0,4.0,Champions
12416,Australia,2010-02-21 10:19:00,2010-02-21 10:19:00,1.0,202.56,657.0,1.0,1.0,1.0,Hibernating
12417,Belgium,2009-12-06 10:30:00,2011-12-06 14:52:00,20.0,5998.41,3.0,4.0,4.0,4.0,Champions
12418,Switzerland,2010-03-19 14:47:00,2011-08-19 11:08:00,4.0,2021.2,113.0,2.0,3.0,3.0,Loyal
12419,Spain,2010-10-22 10:40:00,2010-11-19 10:04:00,2.0,391.01,386.0,1.0,2.0,2.0,At Risk
12420,Cyprus,2011-10-07 08:55:00,2011-10-07 08:55:00,1.0,600.39,64.0,3.0,1.0,2.0,Recent / Promising
12421,Spain,2010-07-22 13:57:00,2011-11-24 09:07:00,6.0,874.6,16.0,4.0,3.0,3.0,Champions
12422,Australia,2009-12-18 12:44:00,2011-09-05 09:48:00,12.0,3639.35,96.0,2.0,4.0,4.0,Loyal
12423,Belgium,2010-08-31 09:31:00,2011-12-09 10:10:00,10.0,2301.39,1.0,4.0,4.0,4.0,Champions
12424,Australia,2010-06-09 15:15:00,2011-06-30 12:06:00,4.0,3340.03,163.0,2.0,3.0,4.0,Loyal
12425,Portugal,2010-09-17 14:10:00,2011-09-22 17:31:00,2.0,1741.41,78.0,3.0,2.0,3.0,Recent / Promising
12426,Germany,2010-02-15 08:41:00,2011-05-29 12:26:00,2.0,1201.21,195.0,2.0,2.0,3.0,Hibernating
12427,Germany,2010-12-03 10:44:00,2011-11-18 08:56:00,3.0,699.8,22.0,4.0,2.0,2.0,Recent / Promising
12428,Finland,2011-03-01 09:33:00,2011-11-14 08:22:00,8.0,6405.26,26.0,3.0,4.0,4.0,Champions
12429,Denmark,2010-06-11 13:28:00,2011-11-30 17:22:00,8.0,5842.41,9.0,4.0,4.0,4.0,Champions
12430,Norway,2011-10-27 15:09:00,2011-10-27 15:09:00,1.0,216.4,43.0,3.0,1.0,1.0,Recent / Promising
12431,Australia,2010-01-15 09:04:00,2011-11-04 11:55:00,25.0,10102.22,36.0,3.0,4.0,4.0,Champions
12432,Norway,2011-06-20 13:27:00,2011-10-28 11:43:00,4.0,4359.32,43.0,3.0,3.0,4.0,Champions
12433,Norway,2010-08-20 09:23:00,2011-12-09 10:02:00,10.0,16794.14,1.0,4.0,4.0,4.0,Champions
12434,Australia,2010-11-23 13:38:00,2011-09-16 12:38:00,3.0,1103.43,85.0,3.0,2.0,3.0,Recent / Promising
12435,Denmark,2009-12-02 13:58:00,2011-09-21 09:06:00,6.0,13925.93,80.0,3.0,3.0,4.0,Champions
12436,Norway,2011-09-01 12:09:00,2011-09-01 12:09:00,1.0,429.01,100.0,2.0,1.0,2.0,Hibernating
12437,France,2009-12-02 16:24:00,2011-12-08 11:35:00,38.0,11282.4,2.0,4.0,4.0,4.0,Champions
12438,Norway,2011-07-22 13:29:00,2011-11-25 13:28:00,2.0,2466.85,14.0,4.0,2.0,4.0,Recent / Promising
12439,Cyprus,2009-12-14 08:40:00,2010-01-26 12:11:00,2.0,1142.88,683.0,1.0,2.0,3.0,At Risk
12440,Austria,2009-12-22 12:03:00,2010-09-03 13:11:00,2.0,739.2,462.0,1.0,2.0,2.0,At Risk
12441,France,2010-12-08 10:45:00,2010-12-08 10:45:00,1.0,155.55,367.0,2.0,1.0,1.0,Hibernating
12442,Spain,2011-12-06 14:22:00,2011-12-06 14:22:00,1.0,144.06,3.0,4.0,1.0,1.0,Recent / Promising
12443,Norway,2009-12-07 15:42:00,2009-12-07 15:42:00,1.0,365.31,732.0,1.0,1.0,2.0,Hibernating
12444,Norway,2011-06-21 14:00:00,2011-11-18 13:23:00,5.0,4085.46,21.0,4.0,3.0,4.0,Champions
12445,Spain,2010-10-15 12:28:00,2011-11-17 18:43:00,2.0,378.98,22.0,4.0,2.0,2.0,Recent / Promising
12446,South Africa,2011-10-13 12:50:00,2011-10-13 12:50:00,1.0,1002.31,58.0,3.0,1.0,3.0,Recent / Promising
12447,Belgium,2011-04-10 13:25:00,2011-04-10 13:25:00,1.0,431.49,243.0,2.0,1.0,2.0,Hibernating
12448,Spain,2011-10-26 13:46:00,2011-10-26 13:46:00,1.0,365.45,44.0,3.0,1.0,2.0,Recent / Promising
12449,Belgium,2010-09-27 09:37:00,2011-11-17 13:46:00,5.0,4274.89,22.0,4.0,3.0,4.0,Champions
12450,Spain,2010-08-22 13:11:00,2011-07-06 14:41:00,5.0,688.2,156.0,2.0,3.0,2.0,Loyal
12451,Switzerland,2010-06-28 12:58:00,2011-11-29 08:40:00,8.0,12629.88,11.0,4.0,4.0,4.0,Champions
12452,Switzerland,2011-11-23 08:05:00,2011-11-23 08:05:00,1.0,348.57,17.0,4.0,1.0,2.0,Recent / Promising
12453,Austria,2011-07-28 14:08:00,2011-07-28 14:08:00,1.0,707.09,134.0,2.0,1.0,2.0,Hibernating
12454,Spain,2010-10-14 17:33:00,2011-10-14 17:13:00,4.0,16459.78,56.0,3.0,3.0,4.0,Champions
12455,Spain,2009-12-18 12:33:00,2011-09-27 15:31:00,9.0,5722.95,73.0,3.0,4.0,4.0,Champions
12456,Switzerland,2011-03-30 09:12:00,2011-10-26 14:41:00,3.0,2581.04,44.0,3.0,2.0,4.0,Recent / Promising
12457,Cyprus,2010-09-30 17:59:00,2011-10-04 13:13:00,7.0,2555.91,66.0,3.0,3.0,4.0,Champions
12458,Switzerland,2010-08-09 10:33:00,2011-09-29 15:25:00,4.0,1502.49,71.0,3.0,3.0,3.0,Champions
12459,Spain,2010-04-13 14:53:00,2010-04-13 14:53:00,1.0,398.36,605.0,1.0,1.0,2.0,Hibernating
12460,Belgium,2010-09-09 13:51:00,2010-09-09 13:51:00,1.0,296.65,456.0,1.0,1.0,1.0,Hibernating
12461,Switzerland,2011-07-08 10:23:00,2011-07-08 10:23:00,1.0,626.88,155.0,2.0,1.0,2.0,Hibernating
12462,Spain,2011-02-09 14:44:00,2011-11-21 09:11:00,2.0,937.59,19.0,4.0,2.0,3.0,Recent / Promising
12463,Belgium,2011-04-12 12:47:00,2011-10-17 13:44:00,4.0,1200.78,53.0,3.0,3.0,3.0,Champions
12464,Belgium,2011-02-03 13:30:00,2011-11-29 13:33:00,8.0,957.05,10.0,4.0,4.0,3.0,Champions
12465,Belgium,2011-06-23 13:37:00,2011-11-22 16:34:00,2.0,682.19,17.0,4.0,2.0,2.0,Recent / Promising
12467,USA,2010-10-12 15:41:00,2010-10-12 15:41:00,1.0,132.8,423.0,1.0,1.0,1.0,Hibernating
12468,Germany,2010-01-26 10:09:00,2011-06-05 11:36:00,5.0,3238.74,188.0,2.0,3.0,4.0,Loyal
12469,Thailand,2010-06-21 10:30:00,2010-07-05 12:40:00,2.0,3070.54,523.0,1.0,2.0,4.0,At Risk
12470,Unknown,2010-01-19 11:01:00,2010-01-19 11:01:00,1.0,211.95,690.0,1.0,1.0,1.0,Hibernating
12471,Germany,2009-12-07 10:41:00,2011-12-07 15:43:00,71.0,35099.9,2.0,4.0,4.0,4.0,Champions
12472,Germany,2009-12-14 10:49:00,2011-11-07 14:01:00,19.0,14971.29,32.0,3.0,4.0,4.0,Champions
12473,Germany,2011-06-01 10:15:00,2011-10-17 11:27:00,3.0,2585.73,54.0,3.0,2.0,4.0,Recent / Promising
12474,Germany,2010-02-11 09:41:00,2011-11-22 14:39:00,29.0,11310.75,17.0,4.0,4.0,4.0,Champions
12475,Germany,2010-10-26 08:49:00,2011-10-17 10:10:00,2.0,1065.64,54.0,3.0,2.0,3.0,Recent / Promising
12476,Germany,2010-07-26 09:04:00,2011-11-24 12:40:00,18.0,12319.91,16.0,4.0,4.0,4.0,Champions
12477,Germany,2010-03-26 14:01:00,2011-11-17 09:51:00,9.0,20276.37,23.0,4.0,4.0,4.0,Champions
12478,Greece,2011-12-06 09:56:00,2011-12-06 09:56:00,1.0,545.99,4.0,4.0,1.0,2.0,Recent / Promising
12479,Germany,2011-11-28 13:26:00,2011-11-28 13:26:00,1.0,473.2,11.0,4.0,1.0,2.0,Recent / Promising
12480,Germany,2010-07-20 13:21:00,2011-11-11 14:52:00,7.0,4834.85,28.0,3.0,3.0,4.0,Champions
12481,Germany,2010-04-11 13:10:00,2011-11-17 08:29:00,14.0,11033.51,23.0,4.0,4.0,4.0,Champions
12482,Sweden,2010-02-24 10:24:00,2010-05-12 16:51:00,27.0,21941.72,576.0,1.0,4.0,4.0,Loyal
12483,Sweden,2010-01-31 13:28:00,2011-11-22 17:02:00,19.0,4069.18,17.0,4.0,4.0,4.0,Champions
12484,Spain,2010-01-27 16:41:00,2011-11-04 15:18:00,9.0,5557.1,35.0,3.0,4.0,4.0,Champions
12485,Sweden,2010-06-28 15:22:00,2010-06-28 15:22:00,1.0,708.1,529.0,1.0,1.0,2.0,Hibernating
12486,Sweden,2010-10-04 12:14:00,2010-10-04 12:14:00,1.0,917.28,432.0,1.0,1.0,3.0,Hibernating
12487,Sweden,2009-12-09 11:36:00,2009-12-09 11:36:00,1.0,285.3,731.0,1.0,1.0,1.0,Hibernating
12488,France,2011-09-25 10:34:00,2011-11-30 08:50:00,3.0,1244.66,10.0,4.0,2.0,3.0,Recent / Promising
12489,France,2011-01-07 13:13:00,2011-01-07 13:13:00,1.0,298.93,336.0,2.0,1.0,1.0,Hibernating
12490,France,2009-12-01 12:52:00,2011-12-04 16:07:00,20.0,8764.64,5.0,4.0,4.0,4.0,Champions
12491,France,2011-11-01 12:18:00,2011-11-01 12:18:00,1.0,424.4,39.0,3.0,1.0,2.0,Recent / Promising
12492,Germany,2010-11-01 14:58:00,2011-10-07 15:15:00,3.0,607.21,63.0,3.0,2.0,2.0,Recent / Promising
12493,France,2011-05-26 14:53:00,2011-06-27 10:17:00,2.0,379.74,166.0,2.0,2.0,2.0,Hibernating
12494,France,2010-05-12 13:52:00,2011-11-24 09:34:00,9.0,1563.27,16.0,4.0,4.0,3.0,Champions
12495,Sweden,2010-03-09 10:53:00,2010-03-09 10:53:00,1.0,277.4,641.0,1.0,1.0,1.0,Hibernating
12496,Spain,2010-03-29 13:57:00,2010-03-29 14:06:00,2.0,45.34,620.0,1.0,2.0,1.0,At Risk
12497,Germany,2010-03-05 09:39:00,2011-09-19 12:29:00,3.0,5996.5,82.0,3.0,2.0,4.0,Recent / Promising
12498,Germany,2011-10-13 09:30:00,2011-11-18 12:53:00,3.0,349.7,21.0,4.0,2.0,2.0,Recent / Promising
12499,Germany,2010-05-28 15:12:00,2010-05-28 15:12:00,1.0,357.72,560.0,1.0,1.0,2.0,Hibernating
12500,Germany,2010-02-04 15:05:00,2011-11-16 16:20:00,18.0,5559.21,23.0,4.0,4.0,4.0,Champions
12501,Germany,2011-01-07 12:28:00,2011-01-07 12:28:00,1.0,2025.39,337.0,2.0,1.0,3.0,Hibernating
12502,Spain,2011-02-03 10:41:00,2011-09-05 11:52:00,5.0,2995.87,96.0,2.0,3.0,4.0,Loyal
12503,Spain,2010-05-04 13:59:00,2010-05-04 13:59:00,1.0,896.0,584.0,1.0,1.0,3.0,Hibernating
12504,Germany,2010-04-22 10:24:00,2011-11-21 16:02:00,4.0,689.05,18.0,4.0,3.0,2.0,Loyal
12505,Italy,2010-10-27 09:18:00,2010-10-27 09:18:00,1.0,787.2,409.0,1.0,1.0,2.0,Hibernating
12506,France,2011-04-21 08:54:00,2011-04-21 08:54:00,1.0,73.5,233.0,2.0,1.0,1.0,Hibernating
12507,Spain,2010-05-04 09:23:00,2011-07-28 17:09:00,4.0,1508.06,134.0,2.0,3.0,3.0,Loyal
12508,France,2011-11-10 16:27:00,2011-11-13 15:37:00,2.0,397.88,26.0,3.0,2.0,2.0,Recent / Promising
12509,France,2011-02-28 14:45:00,2011-02-28 14:45:00,1.0,158.5,284.0,2.0,1.0,1.0,Hibernating
12510,Spain,2009-12-04 13:47:00,2011-07-20 10:15:00,7.0,3039.03,143.0,2.0,3.0,4.0,Loyal
12511,Greece,2010-10-07 10:39:00,2010-10-07 10:39:00,1.0,3084.02,429.0,1.0,1.0,4.0,Hibernating
12512,Israel,2011-10-04 14:53:00,2011-10-04 14:55:00,2.0,132.18,66.0,3.0,2.0,1.0,Recent / Promising
12513,France,2011-08-19 10:51:00,2011-08-19 10:51:00,1.0,558.29,113.0,2.0,1.0,2.0,Hibernating
12514,Italy,2010-03-08 12:18:00,2011-03-17 16:38:00,2.0,1597.76,267.0,2.0,2.0,3.0,Hibernating
12515,Italy,2010-12-21 15:43:00,2010-12-21 15:43:00,1.0,278.7,353.0,2.0,1.0,1.0,Hibernating
12516,Germany,2010-04-19 14:14:00,2011-09-23 09:13:00,4.0,2288.62,78.0,3.0,3.0,4.0,Champions
12517,Germany,2011-06-02 15:13:00,2011-11-11 13:57:00,4.0,2301.6,28.0,3.0,3.0,4.0,Champions
12518,Germany,2011-08-21 13:18:00,2011-12-09 10:13:00,5.0,1840.89,1.0,4.0,3.0,3.0,Champions
12519,Germany,2010-08-20 08:21:00,2011-10-07 09:26:00,2.0,626.54,64.0,3.0,2.0,2.0,Recent / Promising
12520,Germany,2011-03-11 11:35:00,2011-09-21 15:23:00,5.0,2346.26,79.0,3.0,3.0,4.0,Champions
12521,Germany,2011-07-20 10:51:00,2011-07-20 10:51:00,1.0,545.68,143.0,2.0,1.0,2.0,Hibernating
12522,Germany,2011-10-19 14:41:00,2011-10-31 15:30:00,2.0,156.72,39.0,3.0,2.0,1.0,Recent / Promising
12523,France,2009-12-07 13:46:00,2011-11-20 12:55:00,23.0,4010.35,19.0,4.0,4.0,4.0,Champions
12524,Germany,2010-02-08 14:41:00,2011-11-30 15:31:00,17.0,9794.11,9.0,4.0,4.0,4.0,Champions
12525,France,2010-03-02 14:01:00,2010-07-29 16:08:00,3.0,883.73,498.0,1.0,2.0,3.0,At Risk
12526,Germany,2011-09-06 14:19:00,2011-12-09 12:09:00,3.0,1172.66,1.0,4.0,2.0,3.0,Recent / Promising
12527,Germany,2010-06-28 15:37:00,2011-09-19 11:55:00,5.0,717.51,82.0,3.0,3.0,2.0,Loyal
12528,Germany,2011-01-31 09:05:00,2011-11-30 14:40:00,6.0,1645.48,9.0,4.0,3.0,3.0,Champions
12529,France,2010-06-29 13:10:00,2010-06-29 13:10:00,1.0,316.48,528.0,1.0,1.0,1.0,Hibernating
12530,Germany,2010-03-07 14:37:00,2011-10-11 12:34:00,9.0,3381.26,60.0,3.0,4.0,4.0,Champions
12531,Germany,2010-01-22 14:17:00,2011-11-25 11:12:00,2.0,1771.2,15.0,4.0,2.0,3.0,Recent / Promising
12532,France,2011-11-09 13:47:00,2011-11-09 13:47:00,1.0,313.83,30.0,3.0,1.0,1.0,Recent / Promising
12533,Germany,2009-12-01 11:50:00,2010-03-22 10:56:00,2.0,1223.89,628.0,1.0,2.0,3.0,At Risk
12534,Germany,2011-08-01 10:26:00,2011-08-01 10:26:00,1.0,981.18,131.0,2.0,1.0,3.0,Hibernating
12535,France,2011-06-06 12:47:00,2011-09-09 08:48:00,2.0,716.35,92.0,3.0,2.0,2.0,Recent / Promising
12536,France,2011-10-11 14:52:00,2011-10-11 14:52:00,1.0,4279.71,59.0,3.0,1.0,4.0,Recent / Promising
12537,Sweden,2010-10-27 08:36:00,2010-10-27 08:36:00,1.0,612.94,409.0,1.0,1.0,2.0,Hibernating
12538,Spain,2010-11-26 13:02:00,2011-11-10 17:16:00,2.0,640.45,29.0,3.0,2.0,2.0,Recent / Promising
12539,Spain,2009-12-23 13:00:00,2011-11-17 13:30:00,7.0,11186.75,22.0,4.0,3.0,4.0,Champions
12540,Spain,2009-12-07 16:56:00,2011-11-20 11:31:00,32.0,19250.49,20.0,4.0,4.0,4.0,Champions
12541,Spain,2011-03-04 09:32:00,2011-11-10 10:40:00,3.0,841.18,30.0,3.0,2.0,2.0,Recent / Promising
12542,Spain,2010-03-09 16:26:00,2010-08-12 19:12:00,2.0,481.88,484.0,1.0,2.0,2.0,At Risk
12543,Spain,2010-09-17 15:51:00,2010-09-17 15:51:00,1.0,840.25,448.0,1.0,1.0,2.0,Hibernating
12544,Spain,2011-11-03 16:15:00,2011-11-03 16:15:00,1.0,316.7,36.0,3.0,1.0,1.0,Recent / Promising
12545,Spain,2011-03-25 12:04:00,2011-09-25 13:39:00,2.0,832.39,75.0,3.0,2.0,2.0,Recent / Promising
12546,Spain,2011-09-23 09:44:00,2011-10-24 12:09:00,2.0,1021.5,47.0,3.0,2.0,3.0,Recent / Promising
12547,Spain,2010-07-27 13:55:00,2011-05-26 12:38:00,3.0,299.58,198.0,2.0,2.0,1.0,Hibernating
12548,Spain,2011-06-26 15:35:00,2011-06-26 15:35:00,1.0,67.2,166.0,2.0,1.0,1.0,Hibernating
12549,USA,2010-01-11 12:29:00,2010-05-13 12:05:00,5.0,1570.68,576.0,1.0,3.0,3.0,Loyal
12550,Spain,2011-09-21 14:35:00,2011-09-21 14:35:00,1.0,824.83,79.0,3.0,1.0,2.0,Recent / Promising
12551,Spain,2010-12-17 11:23:00,2010-12-17 11:23:00,1.0,168.0,358.0,2.0,1.0,1.0,Hibernating
12552,Italy,2011-10-31 12:11:00,2011-10-31 12:11:00,1.0,317.82,40.0,3.0,1.0,1.0,Recent / Promising
12553,France,2010-10-12 13:35:00,2011-12-01 16:38:00,12.0,4104.75,8.0,4.0,4.0,4.0,Champions
12554,Spain,2010-09-17 12:29:00,2010-09-17 12:29:00,1.0,384.5,449.0,1.0,1.0,2.0,Hibernating
12556,Spain,2011-07-11 13:35:00,2011-10-20 13:06:00,2.0,599.56,50.0,3.0,2.0,2.0,Recent / Promising
12557,Spain,2009-12-17 10:39:00,2011-11-23 16:59:00,8.0,18096.14,16.0,4.0,4.0,4.0,Champions
12558,USA,2011-12-02 10:41:00,2011-12-02 10:41:00,1.0,269.96,8.0,4.0,1.0,1.0,Recent / Promising
12559,Germany,2011-01-24 10:12:00,2011-02-02 09:49:00,2.0,525.71,311.0,2.0,2.0,2.0,Hibernating
12560,Germany,2011-07-19 15:55:00,2011-12-04 13:54:00,2.0,1918.01,5.0,4.0,2.0,3.0,Recent / Promising
12561,Germany,2011-02-10 11:39:00,2011-02-10 11:39:00,1.0,238.85,303.0,2.0,1.0,1.0,Hibernating
12562,France,2010-09-30 13:13:00,2011-12-01 17:20:00,9.0,4426.92,8.0,4.0,4.0,4.0,Champions
12563,Italy,2010-10-27 09:52:00,2010-10-27 09:52:00,1.0,221.24,409.0,1.0,1.0,1.0,Hibernating
12564,France,2011-03-23 14:55:00,2011-03-23 14:55:00,1.0,402.9,261.0,2.0,1.0,2.0,Hibernating
12565,Saudi Arabia,2011-02-24 10:34:00,2011-02-24 10:34:00,1.0,145.92,289.0,2.0,1.0,1.0,Hibernating
12566,Germany,2011-09-14 14:30:00,2011-09-14 14:30:00,1.0,297.65,86.0,3.0,1.0,1.0,Recent / Promising
12567,France,2010-02-11 10:30:00,2011-11-17 11:02:00,15.0,10741.48,23.0,4.0,4.0,4.0,Champions
12568,Germany,2010-03-05 09:15:00,2010-03-05 09:15:00,1.0,52.0,645.0,1.0,1.0,1.0,Hibernating
12569,Germany,2011-04-01 13:47:00,2011-12-07 16:24:00,32.0,3152.69,2.0,4.0,4.0,4.0,Champions
12571,France,2011-08-10 12:35:00,2011-10-31 10:19:00,2.0,519.61,40.0,3.0,2.0,2.0,Recent / Promising
12572,Germany,2011-10-19 08:20:00,2011-12-01 09:20:00,2.0,912.42,9.0,4.0,2.0,3.0,Recent / Promising
12573,France,2010-08-31 17:25:00,2011-04-26 15:52:00,5.0,717.41,227.0,2.0,3.0,2.0,Loyal
12574,France,2011-01-28 09:20:00,2011-01-28 09:20:00,1.0,182.45,316.0,2.0,1.0,1.0,Hibernating
12575,France,2010-07-01 09:15:00,2010-09-08 13:09:00,2.0,568.82,457.0,1.0,2.0,2.0,At Risk
12576,Poland,2010-07-01 13:46:00,2011-11-04 10:11:00,8.0,2062.72,36.0,3.0,4.0,3.0,Champions
12577,France,2009-12-03 19:31:00,2011-11-04 13:24:00,8.0,1613.15,35.0,3.0,4.0,3.0,Champions
12578,Italy,2010-09-22 11:19:00,2011-11-18 13:30:00,4.0,4026.45,21.0,4.0,3.0,4.0,Champions
12579,France,2011-09-22 17:15:00,2011-09-22 17:15:00,1.0,386.42,78.0,3.0,1.0,2.0,Recent / Promising
12580,Germany,2010-05-12 11:45:00,2011-04-07 10:24:00,2.0,962.9,247.0,2.0,2.0,3.0,Hibernating
12581,Germany,2011-10-31 08:56:00,2011-10-31 08:56:00,1.0,179.71,40.0,3.0,1.0,1.0,Recent / Promising
12582,Finland,2010-05-11 09:55:00,2011-04-15 08:45:00,4.0,1820.4,239.0,2.0,3.0,3.0,Loyal
12583,France,2009-12-06 11:57:00,2011-12-07 08:07:00,27.0,12493.58,3.0,4.0,4.0,4.0,Champions
12584,Italy,2011-03-04 15:15:00,2011-12-06 09:35:00,9.0,2254.15,4.0,4.0,4.0,4.0,Champions
12585,Germany,2010-12-23 12:58:00,2011-04-19 13:39:00,2.0,1824.1,234.0,2.0,2.0,3.0,Hibernating
12586,Italy,2009-12-16 13:15:00,2011-11-22 16:24:00,4.0,2062.67,17.0,4.0,3.0,3.0,Champions
12587,Finland,2011-12-02 12:47:00,2011-12-02 12:47:00,1.0,104.0,8.0,4.0,1.0,1.0,Recent / Promising
12588,Finland,2010-04-21 12:22:00,2011-10-31 15:01:00,3.0,718.78,39.0,3.0,2.0,2.0,Recent / Promising
12589,France,2010-01-19 12:26:00,2011-11-11 10:19:00,6.0,3294.91,29.0,3.0,3.0,4.0,Champions
12590,Germany,2011-05-12 14:46:00,2011-05-12 14:46:00,1.0,9341.26,211.0,2.0,1.0,4.0,Hibernating
12591,Italy,2010-10-27 10:42:00,2011-01-26 14:35:00,3.0,1114.95,317.0,2.0,2.0,3.0,Hibernating
12592,Germany,2010-07-08 14:06:00,2011-09-08 15:04:00,4.0,1723.64,92.0,3.0,3.0,3.0,Champions
12593,France,2011-05-05 09:29:00,2011-08-23 12:43:00,3.0,382.1,109.0,2.0,2.0,2.0,Hibernating
12594,Italy,2010-03-03 13:51:00,2011-11-02 12:20:00,14.0,4890.11,38.0,3.0,4.0,4.0,Champions
12595,Germany,2010-07-23 09:10:00,2010-07-23 09:10:00,1.0,281.02,505.0,1.0,1.0,1.0,Hibernating
12596,Spain,2011-04-11 13:22:00,2011-10-19 13:02:00,2.0,450.27,51.0,3.0,2.0,2.0,Recent / Promising
12597,Spain,2011-03-16 14:00:00,2011-11-20 13:33:00,4.0,3195.22,19.0,4.0,3.0,4.0,Champions
12598,France,2010-03-01 09:58:00,2011-11-30 12:18:00,10.0,4192.09,10.0,4.0,4.0,4.0,Champions
12599,France,2010-05-11 10:42:00,2011-11-10 13:34:00,13.0,2026.72,29.0,3.0,4.0,3.0,Champions
12600,Germany,2009-12-07 13:37:00,2011-11-11 10:29:00,20.0,4385.85,29.0,3.0,4.0,4.0,Champions
12601,Germany,2010-10-31 10:57:00,2011-06-03 10:17:00,6.0,573.26,190.0,2.0,3.0,2.0,Loyal
12602,France,2011-10-12 11:22:00,2011-10-12 11:22:00,1.0,153.12,59.0,3.0,1.0,1.0,Recent / Promising
12603,Germany,2011-11-18 10:42:00,2011-11-18 10:42:00,1.0,613.2,22.0,4.0,1.0,2.0,Recent / Promising
12604,France,2011-03-23 12:06:00,2011-09-21 14:08:00,2.0,236.18,79.0,3.0,2.0,1.0,Recent / Promising
12605,Germany,2010-09-07 14:21:00,2010-11-28 14:18:00,3.0,1124.95,376.0,2.0,2.0,3.0,Hibernating
12607,USA,2011-10-10 16:06:00,2011-10-10 16:06:00,1.0,1579.51,60.0,3.0,1.0,3.0,Recent / Promising
12608,United Kingdom,2010-10-31 10:49:00,2010-10-31 10:49:00,1.0,415.79,405.0,1.0,1.0,2.0,Hibernating
12609,Germany,2009-12-20 13:30:00,2011-09-22 16:34:00,9.0,3021.86,78.0,3.0,4.0,4.0,Champions
12610,Italy,2011-08-05 13:52:00,2011-11-17 09:34:00,4.0,1747.54,23.0,4.0,3.0,3.0,Champions
12611,Italy,2011-10-18 13:12:00,2011-10-18 13:12:00,1.0,1193.32,52.0,3.0,1.0,3.0,Recent / Promising
12612,Germany,2011-09-26 15:35:00,2011-09-26 15:35:00,1.0,668.04,74.0,3.0,1.0,2.0,Recent / Promising
12613,Germany,2009-12-14 13:10:00,2011-10-13 14:59:00,9.0,6277.37,57.0,3.0,4.0,4.0,Champions
12614,Germany,2011-03-07 10:22:00,2011-03-07 10:22:00,1.0,315.6,278.0,2.0,1.0,1.0,Hibernating
12615,France,2010-03-18 14:09:00,2011-12-07 15:02:00,8.0,5362.98,2.0,4.0,4.0,4.0,Champions
12616,France,2010-11-16 11:38:00,2011-09-05 15:17:00,3.0,1023.1,95.0,3.0,2.0,3.0,Recent / Promising
12617,France,2011-11-10 14:39:00,2011-11-10 14:39:00,1.0,352.98,29.0,3.0,1.0,2.0,Recent / Promising
12618,Italy,2011-11-18 11:10:00,2011-11-18 11:10:00,1.0,137.31,22.0,4.0,1.0,1.0,Recent / Promising
12619,Germany,2010-05-28 12:52:00,2011-11-23 14:52:00,9.0,3085.7,16.0,4.0,4.0,4.0,Champions
12620,France,2011-05-19 12:10:00,2011-11-25 10:20:00,3.0,1303.41,15.0,4.0,2.0,3.0,Recent / Promising
12621,Germany,2010-02-09 12:01:00,2011-12-08 11:25:00,35.0,22097.2,2.0,4.0,4.0,4.0,Champions
12622,Germany,2011-04-21 16:39:00,2011-04-21 16:39:00,1.0,162.1,232.0,2.0,1.0,1.0,Hibernating
12623,Germany,2010-01-12 11:45:00,2011-03-08 13:50:00,7.0,3315.84,276.0,2.0,3.0,4.0,Loyal
12624,France,2011-06-15 12:34:00,2011-08-25 15:04:00,2.0,569.13,106.0,2.0,2.0,2.0,Hibernating
12625,Germany,2010-04-22 11:33:00,2011-05-12 09:54:00,4.0,4678.88,212.0,2.0,3.0,4.0,Loyal
12626,Germany,2011-01-17 11:01:00,2011-11-16 16:06:00,9.0,5954.48,23.0,4.0,4.0,4.0,Champions
12627,Germany,2011-07-22 13:59:00,2011-11-29 12:07:00,6.0,4082.53,11.0,4.0,3.0,4.0,Champions
12628,Germany,2011-10-06 09:28:00,2011-12-05 13:15:00,3.0,732.46,4.0,4.0,2.0,2.0,Recent / Promising
12629,Sweden,2010-10-12 16:40:00,2010-11-19 09:18:00,2.0,1198.22,386.0,1.0,2.0,3.0,At Risk
12630,Finland,2011-10-27 10:41:00,2011-11-30 10:48:00,2.0,1030.88,10.0,4.0,2.0,3.0,Recent / Promising
12631,Finland,2010-01-15 14:50:00,2011-10-13 13:53:00,6.0,3321.57,57.0,3.0,3.0,4.0,Champions
12632,Germany,2010-05-24 09:07:00,2010-07-07 09:39:00,2.0,714.88,521.0,1.0,2.0,2.0,At Risk
12633,Germany,2010-07-02 11:44:00,2011-10-12 11:40:00,7.0,5156.16,59.0,3.0,3.0,4.0,Champions
12634,USA,2010-06-09 15:41:00,2010-06-09 15:41:00,1.0,360.0,548.0,1.0,1.0,2.0,Hibernating
12635,Germany,2010-09-09 10:50:00,2011-09-11 11:04:00,4.0,2624.41,90.0,3.0,3.0,4.0,Champions
12637,France,2010-06-14 13:36:00,2011-10-03 13:46:00,12.0,8085.81,67.0,3.0,4.0,4.0,Champions
12638,Sweden,2010-03-10 10:30:00,2011-11-06 13:11:00,2.0,681.49,33.0,3.0,2.0,2.0,Recent / Promising
12639,Sweden,2010-03-22 09:05:00,2011-04-15 12:48:00,3.0,1072.37,239.0,2.0,2.0,3.0,Hibernating
12640,France,2011-09-19 12:01:00,2011-11-16 11:52:00,3.0,994.58,24.0,4.0,2.0,3.0,Recent / Promising
12641,Sweden,2011-08-16 13:26:00,2011-08-16 13:26:00,1.0,145.9,115.0,2.0,1.0,1.0,Hibernating
12642,Germany,2011-08-24 09:23:00,2011-11-14 15:03:00,3.0,905.26,25.0,4.0,2.0,3.0,Recent / Promising
12643,France,2010-04-07 14:16:00,2011-08-03 12:56:00,11.0,7803.82,128.0,2.0,4.0,4.0,Loyal
12644,Germany,2010-01-14 13:02:00,2011-08-02 10:33:00,4.0,1900.49,130.0,2.0,3.0,3.0,Loyal
12645,Germany,2010-02-09 10:49:00,2011-11-06 12:38:00,8.0,3215.3,34.0,3.0,4.0,4.0,Champions
12646,USA,2011-10-21 12:52:00,2011-12-05 10:14:00,2.0,1346.97,5.0,4.0,2.0,3.0,Recent / Promising
12647,Germany,2010-01-13 15:06:00,2011-11-17 12:56:00,35.0,14109.55,22.0,4.0,4.0,4.0,Champions
12648,Germany,2010-01-07 18:38:00,2011-07-08 11:55:00,4.0,1039.0,155.0,2.0,3.0,3.0,Loyal
12649,Germany,2010-01-12 17:24:00,2011-08-24 14:41:00,8.0,2096.65,107.0,2.0,4.0,3.0,Loyal
12650,France,2011-12-06 16:34:00,2011-12-06 16:34:00,1.0,242.44,3.0,4.0,1.0,1.0,Recent / Promising
12651,France,2010-08-31 15:21:00,2011-01-09 12:46:00,4.0,377.75,335.0,2.0,3.0,2.0,Loyal
12652,France,2010-10-01 15:16:00,2011-01-12 15:00:00,2.0,891.03,331.0,2.0,2.0,3.0,Hibernating
12653,Israel,2010-07-01 09:56:00,2011-07-14 10:41:00,3.0,4160.83,149.0,2.0,2.0,4.0,Hibernating
12654,Germany,2011-02-17 13:16:00,2011-11-29 10:10:00,5.0,529.98,11.0,4.0,3.0,2.0,Loyal
12655,France,2010-10-12 09:17:00,2010-10-12 09:17:00,1.0,243.35,424.0,1.0,1.0,1.0,Hibernating
12656,France,2010-05-26 09:00:00,2011-11-22 13:42:00,8.0,5723.83,17.0,4.0,4.0,4.0,Champions
12657,France,2011-09-22 11:40:00,2011-11-28 15:47:00,4.0,1427.18,11.0,4.0,3.0,3.0,Champions
12658,Germany,2011-11-21 10:22:00,2011-11-21 10:22:00,1.0,632.05,19.0,4.0,1.0,2.0,Recent / Promising
12659,France,2011-11-10 11:53:00,2011-11-10 11:53:00,1.0,73.68,30.0,3.0,1.0,1.0,Recent / Promising
12660,France,2011-11-28 13:26:00,2011-11-28 13:26:00,1.0,227.1,11.0,4.0,1.0,1.0,Recent / Promising
12661,Sweden,2010-09-29 16:46:00,2010-09-29 16:46:00,1.0,162.0,436.0,1.0,1.0,1.0,Hibernating
12662,Germany,2010-04-01 09:50:00,2011-12-09 11:59:00,20.0,6130.54,1.0,4.0,4.0,4.0,Champions
12663,Germany,2010-02-09 14:28:00,2010-03-25 09:40:00,2.0,185.4,625.0,1.0,2.0,1.0,At Risk
12664,Finland,2009-12-13 10:28:00,2011-12-01 17:07:00,11.0,5420.04,8.0,4.0,4.0,4.0,Champions
12665,Germany,2010-02-08 15:11:00,2011-01-19 08:34:00,3.0,259.6,325.0,2.0,2.0,1.0,Hibernating
12666,Israel,2010-11-10 16:40:00,2010-11-10 16:40:00,1.0,1248.42,394.0,1.0,1.0,3.0,Hibernating
12667,Finland,2011-10-12 17:00:00,2011-10-12 17:00:00,1.0,460.13,58.0,3.0,1.0,2.0,Recent / Promising
12668,Germany,2010-01-31 15:45:00,2011-11-28 10:56:00,9.0,9906.03,12.0,4.0,4.0,4.0,Champions
12669,France,2011-03-28 10:15:00,2011-07-12 09:54:00,2.0,1427.73,151.0,2.0,2.0,3.0,Hibernating
12670,France,2010-02-11 10:13:00,2011-11-29 15:23:00,7.0,3436.29,10.0,4.0,3.0,4.0,Champions
12671,Germany,2010-04-12 16:30:00,2010-04-12 16:30:00,1.0,2622.48,606.0,1.0,1.0,4.0,Hibernating
12672,France,2010-04-23 09:57:00,2011-01-14 09:20:00,2.0,407.05,330.0,2.0,2.0,2.0,Hibernating
12673,Germany,2010-11-03 10:46:00,2011-12-04 13:55:00,3.0,1140.02,5.0,4.0,2.0,3.0,Recent / Promising
12674,France,2011-05-16 09:10:00,2011-11-01 12:12:00,4.0,1844.6,39.0,3.0,3.0,3.0,Champions
12675,Italy,2010-05-10 16:44:00,2010-06-04 09:49:00,2.0,873.25,554.0,1.0,2.0,3.0,At Risk
12676,Sweden,2010-08-13 13:29:00,2011-11-15 12:25:00,10.0,2333.09,25.0,4.0,4.0,4.0,Champions
12677,France,2010-02-11 13:55:00,2010-06-02 14:30:00,2.0,359.1,555.0,1.0,2.0,2.0,At Risk
12678,France,2010-01-07 16:46:00,2011-10-28 13:04:00,15.0,32595.18,42.0,3.0,4.0,4.0,Champions
12679,France,2011-03-01 12:26:00,2011-10-12 12:30:00,4.0,951.02,59.0,3.0,3.0,3.0,Champions
12680,France,2011-08-18 15:44:00,2011-12-09 12:50:00,4.0,790.81,1.0,4.0,3.0,2.0,Loyal
12681,France,2009-12-13 13:31:00,2011-11-25 11:33:00,44.0,26936.76,15.0,4.0,4.0,4.0,Champions
12682,France,2009-12-01 09:28:00,2011-12-06 10:00:00,51.0,20736.22,4.0,4.0,4.0,4.0,Champions
12683,France,2009-12-13 15:01:00,2011-12-05 16:28:00,20.0,10445.7,4.0,4.0,4.0,4.0,Champions
12684,France,2011-05-10 12:55:00,2011-12-02 09:53:00,6.0,2073.63,8.0,4.0,3.0,3.0,Champions
12685,France,2011-09-07 10:28:00,2011-11-11 13:46:00,6.0,2575.08,28.0,3.0,3.0,4.0,Champions
12686,France,2010-12-03 09:51:00,2010-12-03 09:51:00,1.0,71.14,372.0,2.0,1.0,1.0,Hibernating
12687,Sweden,2010-08-16 12:12:00,2010-08-16 12:12:00,1.0,1858.91,481.0,1.0,1.0,3.0,Hibernating
12688,Israel,2011-08-18 08:49:00,2011-08-18 08:49:00,1.0,4873.81,114.0,2.0,1.0,4.0,Hibernating
12689,France,2011-08-04 10:04:00,2011-11-14 08:31:00,2.0,1139.61,26.0,3.0,2.0,3.0,Recent / Promising
12690,France,2011-05-18 09:09:00,2011-05-18 09:09:00,1.0,335.01,206.0,2.0,1.0,1.0,Hibernating
12691,France,2010-10-15 12:00:00,2011-11-11 16:49:00,6.0,1044.4,28.0,3.0,3.0,3.0,Champions
12692,France,2010-03-12 14:02:00,2010-03-12 14:02:00,1.0,110.95,637.0,1.0,1.0,1.0,Hibernating
12693,Germany,2010-07-05 13:56:00,2011-08-04 17:51:00,7.0,1415.02,127.0,2.0,3.0,3.0,Loyal
12694,France,2010-10-14 19:39:00,2011-09-30 13:06:00,3.0,1663.35,70.0,3.0,2.0,3.0,Recent / Promising
12695,France,2010-02-12 13:22:00,2011-12-02 13:22:00,7.0,1371.12,7.0,4.0,3.0,3.0,Champions
12696,Finland,2010-07-19 10:02:00,2010-10-01 10:43:00,2.0,731.91,435.0,1.0,2.0,2.0,At Risk
12697,Sweden,2011-06-23 15:44:00,2011-11-11 08:47:00,3.0,757.59,29.0,3.0,2.0,2.0,Recent / Promising
12698,Germany,2010-04-28 15:51:00,2010-04-28 15:51:00,1.0,285.75,590.0,1.0,1.0,1.0,Hibernating
12699,Germany,2010-10-18 12:07:00,2010-10-18 12:07:00,1.0,566.11,418.0,1.0,1.0,2.0,Hibernating
12700,France,2011-05-08 16:10:00,2011-12-02 10:47:00,4.0,4525.99,8.0,4.0,3.0,4.0,Champions
12701,Germany,2010-03-16 13:23:00,2011-09-21 10:47:00,6.0,2248.41,80.0,3.0,3.0,4.0,Champions
12702,Germany,2011-11-20 10:36:00,2011-11-20 10:36:00,1.0,201.0,20.0,4.0,1.0,1.0,Recent / Promising
12703,Germany,2010-01-24 12:05:00,2011-09-29 17:52:00,4.0,898.53,71.0,3.0,3.0,3.0,Champions
12704,Finland,2011-06-23 10:20:00,2011-12-02 13:15:00,8.0,1740.84,7.0,4.0,4.0,3.0,Champions
12705,Germany,2010-06-24 09:51:00,2011-11-24 13:17:00,13.0,11114.1,15.0,4.0,4.0,4.0,Champions
12707,France,2011-02-21 08:38:00,2011-02-21 08:38:00,1.0,603.42,292.0,2.0,1.0,2.0,Hibernating
12708,Germany,2009-12-18 10:25:00,2011-11-10 09:52:00,18.0,4559.66,30.0,3.0,4.0,4.0,Champions
12709,Germany,2009-12-09 13:49:00,2011-11-24 15:38:00,32.0,29487.18,15.0,4.0,4.0,4.0,Champions
12710,Germany,2011-05-22 14:05:00,2011-09-04 12:00:00,3.0,1023.02,97.0,2.0,2.0,3.0,Hibernating
12711,Germany,2010-02-01 11:30:00,2010-04-07 11:59:00,2.0,1213.05,612.0,1.0,2.0,3.0,At Risk
12712,Germany,2009-12-09 10:46:00,2011-11-11 08:19:00,21.0,5985.03,29.0,3.0,4.0,4.0,Champions
12713,Germany,2011-12-09 12:16:00,2011-12-09 12:16:00,1.0,794.55,1.0,4.0,1.0,2.0,Recent / Promising
12714,France,2009-12-04 10:00:00,2011-11-30 15:43:00,12.0,12815.71,9.0,4.0,4.0,4.0,Champions
12715,Sweden,2011-08-25 15:22:00,2011-08-25 15:22:00,1.0,263.36,106.0,2.0,1.0,1.0,Hibernating
12716,France,2011-07-29 13:28:00,2011-12-06 08:55:00,2.0,963.49,4.0,4.0,2.0,3.0,Recent / Promising
12717,Greece,2010-04-28 14:34:00,2011-07-11 14:47:00,3.0,1058.91,151.0,2.0,2.0,3.0,Hibernating
12718,France,2011-09-29 16:38:00,2011-09-29 16:38:00,1.0,202.25,71.0,3.0,1.0,1.0,Recent / Promising
12719,France,2011-10-05 14:50:00,2011-12-04 13:45:00,2.0,572.95,5.0,4.0,2.0,2.0,Recent / Promising
12720,Germany,2010-07-21 09:46:00,2011-12-07 08:03:00,29.0,6905.28,3.0,4.0,4.0,4.0,Champions
12721,France,2010-08-25 11:07:00,2011-11-08 12:13:00,8.0,3635.08,32.0,3.0,4.0,4.0,Champions
12722,France,2011-07-12 11:55:00,2011-09-15 14:50:00,4.0,979.63,85.0,3.0,3.0,3.0,Champions
12723,France,2011-10-05 15:52:00,2011-12-06 10:19:00,5.0,707.07,4.0,4.0,3.0,2.0,Loyal
12724,France,2010-06-22 14:00:00,2011-12-04 16:02:00,7.0,2083.52,5.0,4.0,3.0,3.0,Champions
12725,Italy,2010-05-04 13:59:00,2010-12-03 15:45:00,3.0,1906.76,371.0,2.0,2.0,3.0,Hibernating
12726,France,2010-03-25 16:25:00,2011-11-11 13:35:00,11.0,3690.6,28.0,3.0,4.0,4.0,Champions
12727,France,2010-02-23 09:54:00,2011-11-29 11:46:00,10.0,4905.53,11.0,4.0,4.0,4.0,Champions
12728,France,2010-11-21 11:34:00,2011-09-29 15:31:00,5.0,926.17,71.0,3.0,3.0,3.0,Champions
12729,France,2011-08-18 11:40:00,2011-08-18 11:40:00,1.0,417.01,114.0,2.0,1.0,2.0,Hibernating
12730,Germany,2010-07-06 12:19:00,2010-07-06 12:19:00,1.0,703.25,522.0,1.0,1.0,2.0,Hibernating
12731,France,2010-03-02 09:23:00,2011-11-16 11:59:00,17.0,25631.71,24.0,4.0,4.0,4.0,Champions
12732,France,2011-06-13 11:33:00,2011-06-13 11:33:00,1.0,218.26,180.0,2.0,1.0,1.0,Hibernating
12733,USA,2010-01-19 13:23:00,2011-04-19 16:19:00,4.0,2424.02,234.0,2.0,3.0,4.0,Loyal
12734,France,2010-11-12 13:26:00,2010-12-22 12:47:00,3.0,603.65,353.0,2.0,2.0,2.0,Hibernating
12735,France,2011-01-06 14:26:00,2011-01-28 13:37:00,2.0,689.57,315.0,2.0,2.0,2.0,Hibernating
12736,France,2011-01-11 07:57:00,2011-01-11 07:57:00,1.0,144.0,333.0,2.0,1.0,1.0,Hibernating
12738,Germany,2010-12-02 18:27:00,2010-12-02 18:27:00,1.0,137.35,372.0,2.0,1.0,1.0,Hibernating
12739,United Arab Emirates,2010-11-10 14:27:00,2011-09-01 17:45:00,2.0,2421.23,99.0,2.0,2.0,4.0,Hibernating
12740,France,2011-10-07 10:44:00,2011-10-07 10:44:00,1.0,427.6,64.0,3.0,1.0,2.0,Recent / Promising
12741,USA,2010-06-24 16:24:00,2010-06-24 16:24:00,1.0,236.07,533.0,1.0,1.0,1.0,Hibernating
12742,United Arab Emirates,2010-03-24 12:43:00,2010-03-24 12:43:00,1.0,1201.52,626.0,1.0,1.0,3.0,Hibernating
12743,Unknown,2011-07-28 16:06:00,2011-07-28 16:21:00,2.0,540.13,134.0,2.0,2.0,2.0,Hibernating
12744,Singapore,2010-04-27 16:19:00,2011-10-14 14:54:00,8.0,13158.16,56.0,3.0,4.0,4.0,Champions
12745,United Kingdom,2010-05-14 16:50:00,2010-08-10 10:14:00,2.0,723.85,487.0,1.0,2.0,2.0,At Risk
12746,United Kingdom,2010-06-17 10:41:00,2010-06-17 10:41:00,1.0,254.55,541.0,1.0,1.0,1.0,Hibernating
12747,United Kingdom,2009-12-07 13:23:00,2011-12-07 14:34:00,26.0,8898.48,2.0,4.0,4.0,4.0,Champions
12748,United Kingdom,2009-12-04 17:31:00,2011-12-09 12:20:00,322.0,49173.79,1.0,4.0,4.0,4.0,Champions
12749,United Kingdom,2010-07-06 15:05:00,2011-12-06 09:56:00,9.0,6847.36,4.0,4.0,4.0,4.0,Champions
12750,Poland,2011-08-03 09:13:00,2011-08-03 09:13:00,1.0,275.88,129.0,2.0,1.0,1.0,Hibernating
12751,Brazil,2010-09-21 12:49:00,2010-09-21 12:49:00,1.0,268.27,445.0,1.0,1.0,1.0,Hibernating
12752,Norway,2011-09-19 13:32:00,2011-09-19 13:32:00,1.0,4366.78,81.0,3.0,1.0,4.0,Recent / Promising
12753,Japan,2010-12-12 11:44:00,2011-11-17 10:52:00,6.0,21429.39,23.0,4.0,3.0,4.0,Champions
12754,Japan,2011-02-04 10:31:00,2011-04-18 09:00:00,3.0,3010.74,236.0,2.0,2.0,4.0,Hibernating
12755,Japan,2010-01-15 11:57:00,2011-03-04 12:42:00,11.0,5236.26,281.0,2.0,4.0,4.0,Loyal
12756,Japan,2011-09-14 09:31:00,2011-09-14 09:31:00,1.0,112.08,87.0,3.0,1.0,1.0,Recent / Promising
12757,Portugal,2011-05-12 19:01:00,2011-11-24 12:30:00,9.0,4176.75,16.0,4.0,4.0,4.0,Champions
12758,Portugal,2009-12-01 14:40:00,2011-08-15 10:22:00,7.0,9903.24,117.0,2.0,3.0,4.0,Loyal
12759,Netherlands,2009-12-04 10:47:00,2011-10-18 14:49:00,8.0,4618.74,52.0,3.0,4.0,4.0,Champions
12760,Netherlands,2010-09-10 08:50:00,2010-09-10 08:50:00,1.0,317.8,456.0,1.0,1.0,1.0,Hibernating
12761,Netherlands,2010-09-01 10:47:00,2010-09-01 10:47:00,1.0,712.95,465.0,1.0,1.0,2.0,Hibernating
12762,Portugal,2011-11-14 14:23:00,2011-12-02 10:23:00,2.0,1702.52,8.0,4.0,2.0,3.0,Recent / Promising
12763,Japan,2010-12-05 15:46:00,2011-07-24 14:12:00,2.0,494.08,138.0,2.0,2.0,2.0,Hibernating
12764,Lebanon,2011-01-27 10:19:00,2011-01-27 10:19:00,1.0,1693.88,317.0,2.0,1.0,3.0,Hibernating
12765,Netherlands,2010-03-08 09:43:00,2010-08-24 13:51:00,6.0,1299.58,472.0,1.0,3.0,3.0,Loyal
12766,Portugal,2010-10-28 09:29:00,2011-12-06 08:46:00,9.0,8134.99,4.0,4.0,4.0,4.0,Champions
12767,Korea,2010-11-29 09:38:00,2010-11-29 09:38:00,1.0,949.82,376.0,2.0,1.0,3.0,Hibernating
12768,Korea,2010-09-15 12:08:00,2010-09-15 12:08:00,1.0,168.69,451.0,1.0,1.0,1.0,Hibernating
12769,Brazil,2011-04-15 10:25:00,2011-04-15 10:25:00,1.0,1143.6,239.0,2.0,1.0,3.0,Hibernating
12770,Japan,2010-09-09 11:43:00,2011-05-13 09:33:00,2.0,3246.45,211.0,2.0,2.0,4.0,Hibernating
12771,Portugal,2010-08-11 11:51:00,2010-08-11 11:51:00,1.0,226.3,486.0,1.0,1.0,1.0,Hibernating
12772,Portugal,2011-10-11 09:19:00,2011-10-11 09:19:00,1.0,752.47,60.0,3.0,1.0,2.0,Recent / Promising
12773,Portugal,2010-05-24 17:30:00,2010-05-24 17:30:00,1.0,124.25,564.0,1.0,1.0,1.0,Hibernating
12774,Netherlands,2010-06-22 10:38:00,2010-06-22 10:38:00,1.0,83.7,536.0,1.0,1.0,1.0,Hibernating
12775,Netherlands,2010-10-26 14:24:00,2011-11-22 16:33:00,7.0,1551.12,17.0,4.0,3.0,3.0,Champions
12776,Portugal,2010-02-10 12:11:00,2010-02-10 12:11:00,1.0,27.5,668.0,1.0,1.0,1.0,Hibernating
12777,United Kingdom,2010-09-08 11:35:00,2010-09-08 11:35:00,1.0,519.45,458.0,1.0,1.0,2.0,Hibernating
12778,Netherlands,2010-04-16 09:57:00,2011-11-20 11:30:00,9.0,1541.68,20.0,4.0,4.0,3.0,Champions
12779,Poland,2009-12-03 07:25:00,2011-11-02 11:43:00,14.0,6474.11,38.0,3.0,4.0,4.0,Champions
12780,Netherlands,2010-04-20 09:40:00,2010-04-20 09:40:00,1.0,322.4,599.0,1.0,1.0,1.0,Hibernating
12781,Czech Republic,2011-02-28 08:43:00,2011-10-07 10:37:00,2.0,786.74,64.0,3.0,2.0,2.0,Recent / Promising
12782,Portugal,2010-07-08 13:31:00,2011-12-05 09:16:00,11.0,3862.24,5.0,4.0,4.0,4.0,Champions
12783,Portugal,2011-09-25 15:35:00,2011-12-07 15:56:00,4.0,1295.87,2.0,4.0,3.0,3.0,Champions
12784,Portugal,2010-06-28 13:06:00,2011-11-24 12:53:00,2.0,1511.15,15.0,4.0,2.0,3.0,Recent / Promising
12785,Portugal,2009-12-08 13:56:00,2010-12-10 13:48:00,3.0,904.4,364.0,2.0,2.0,3.0,Hibernating
12786,Netherlands,2010-04-09 12:12:00,2010-04-09 12:12:00,1.0,668.5,610.0,1.0,1.0,2.0,Hibernating
12787,Netherlands,2010-10-22 14:57:00,2011-11-30 08:44:00,4.0,799.18,10.0,4.0,3.0,2.0,Loyal
12788,Netherlands,2010-06-29 13:05:00,2010-09-02 14:21:00,4.0,384.9,463.0,1.0,3.0,2.0,Loyal
12789,Netherlands,2010-01-15 12:06:00,2011-10-05 13:34:00,3.0,225.35,65.0,3.0,2.0,1.0,Recent / Promising
12790,Netherlands,2010-10-25 13:04:00,2011-05-31 14:14:00,2.0,546.85,192.0,2.0,2.0,2.0,Hibernating
12791,Netherlands,2010-03-25 17:29:00,2010-12-01 11:27:00,5.0,656.83,374.0,2.0,3.0,2.0,Loyal
12792,Portugal,2010-06-23 10:49:00,2011-03-28 11:36:00,2.0,715.01,257.0,2.0,2.0,2.0,Hibernating
12793,Portugal,2010-11-03 13:05:00,2011-01-09 12:12:00,3.0,745.53,335.0,2.0,2.0,2.0,Hibernating
12794,Portugal,2011-09-02 12:01:00,2011-10-17 14:54:00,2.0,860.41,53.0,3.0,2.0,3.0,Recent / Promising
12795,Portugal,2011-11-21 10:27:00,2011-11-21 10:27:00,1.0,318.48,19.0,4.0,1.0,1.0,Recent / Promising
12796,Netherlands,2010-03-21 15:49:00,2010-03-21 15:49:00,1.0,351.0,628.0,1.0,1.0,2.0,Hibernating
12797,Portugal,2010-10-11 12:53:00,2010-12-09 10:55:00,2.0,468.08,366.0,2.0,2.0,2.0,Hibernating
12798,Japan,2010-10-14 12:27:00,2011-11-29 15:52:00,4.0,8510.93,10.0,4.0,3.0,4.0,Champions
12799,Japan,2010-06-28 15:57:00,2010-06-28 15:57:00,1.0,219.35,529.0,1.0,1.0,1.0,Hibernating
12800,Portugal,2010-02-01 11:02:00,2010-08-26 14:11:00,2.0,500.25,470.0,1.0,2.0,2.0,At Risk
12801,Sweden,2010-07-27 09:38:00,2010-07-27 09:38:00,1.0,871.82,501.0,1.0,1.0,3.0,Hibernating
12802,Netherlands,2010-05-25 09:34:00,2011-06-06 09:36:00,5.0,2186.42,187.0,2.0,3.0,3.0,Loyal
12803,Netherlands,2010-11-11 14:57:00,2010-11-11 14:57:00,1.0,1017.81,393.0,1.0,1.0,3.0,Hibernating
12804,Netherlands,2010-07-27 13:52:00,2010-08-31 11:58:00,2.0,325.37,466.0,1.0,2.0,1.0,At Risk
12805,Netherlands,2010-02-03 09:06:00,2010-11-23 12:27:00,4.0,1230.95,382.0,1.0,3.0,3.0,Loyal
12806,Netherlands,2010-04-30 10:44:00,2010-05-16 13:49:00,2.0,2558.96,572.0,1.0,2.0,4.0,At Risk
12807,Sweden,2010-11-21 14:21:00,2010-11-21 14:21:00,1.0,250.35,383.0,1.0,1.0,1.0,Hibernating
12808,Portugal,2010-09-03 10:24:00,2011-11-03 10:05:00,5.0,748.7,37.0,3.0,3.0,2.0,Loyal
12809,Portugal,2010-03-02 14:19:00,2011-06-15 10:51:00,3.0,1384.34,178.0,2.0,2.0,3.0,Hibernating
12810,Japan,2010-02-01 09:52:00,2010-06-23 10:53:00,2.0,534.99,535.0,1.0,2.0,2.0,At Risk
12811,Portugal,2010-10-08 12:20:00,2011-03-23 10:55:00,4.0,893.9,262.0,2.0,3.0,3.0,Loyal
12812,Japan,2011-10-26 09:54:00,2011-10-26 09:54:00,1.0,229.64,45.0,3.0,1.0,1.0,Recent / Promising
12813,Netherlands,2010-01-15 16:52:00,2010-07-26 09:50:00,3.0,1621.8,502.0,1.0,2.0,3.0,At Risk
12814,Poland,2011-08-30 12:11:00,2011-08-30 12:11:00,1.0,85.92,102.0,2.0,1.0,1.0,Hibernating
12815,Poland,2011-05-25 13:34:00,2011-07-15 10:21:00,2.0,863.46,148.0,2.0,2.0,3.0,Hibernating
12816,Poland,2011-06-16 13:24:00,2011-09-05 12:41:00,2.0,452.2,96.0,2.0,2.0,2.0,Hibernating
12817,Austria,2010-10-01 08:57:00,2011-03-03 16:28:00,3.0,570.98,281.0,2.0,2.0,2.0,Hibernating
12818,Austria,2011-03-23 12:06:00,2011-03-23 12:06:00,1.0,1182.08,262.0,2.0,1.0,3.0,Hibernating
12819,United Kingdom,2010-09-07 15:20:00,2010-09-07 15:20:00,1.0,540.52,458.0,1.0,1.0,2.0,Hibernating
12820,United Kingdom,2009-12-05 13:37:00,2011-12-06 15:12:00,11.0,2689.52,3.0,4.0,4.0,4.0,Champions
12821,United Kingdom,2010-04-07 15:14:00,2011-05-09 15:51:00,2.0,220.8,214.0,2.0,2.0,1.0,Hibernating
12822,United Kingdom,2011-09-13 13:46:00,2011-09-30 10:04:00,2.0,948.88,71.0,3.0,2.0,3.0,Recent / Promising
12823,United Kingdom,2010-01-29 12:52:00,2011-09-26 07:35:00,18.0,6501.5,75.0,3.0,4.0,4.0,Champions
12824,United Kingdom,2011-10-11 12:49:00,2011-10-11 12:49:00,1.0,397.12,60.0,3.0,1.0,2.0,Recent / Promising
12825,United Kingdom,2010-03-08 10:17:00,2010-07-06 13:56:00,2.0,518.63,521.0,1.0,2.0,2.0,At Risk
12826,United Kingdom,2009-12-18 10:43:00,2011-12-07 10:25:00,12.0,2800.75,3.0,4.0,4.0,4.0,Champions
12827,United Kingdom,2011-10-26 15:44:00,2011-12-04 12:17:00,3.0,430.15,6.0,4.0,2.0,2.0,Recent / Promising
12828,United Kingdom,2011-08-01 16:16:00,2011-12-07 08:45:00,6.0,1018.71,3.0,4.0,3.0,3.0,Champions
12829,United Kingdom,2010-06-07 15:04:00,2011-01-07 11:13:00,3.0,385.3,337.0,2.0,2.0,2.0,Hibernating
12830,United Kingdom,2011-06-21 10:53:00,2011-11-02 11:54:00,6.0,6814.64,38.0,3.0,3.0,4.0,Champions
12831,United Kingdom,2010-09-02 15:58:00,2011-03-22 13:02:00,3.0,451.11,262.0,2.0,2.0,2.0,Hibernating
12832,United Kingdom,2011-09-02 13:48:00,2011-11-07 13:30:00,2.0,383.03,32.0,3.0,2.0,2.0,Recent / Promising
12833,United Kingdom,2011-07-17 13:46:00,2011-07-17 13:46:00,1.0,417.38,145.0,2.0,1.0,2.0,Hibernating
12834,United Kingdom,2011-03-02 09:49:00,2011-03-02 09:49:00,1.0,312.38,283.0,2.0,1.0,1.0,Hibernating
12835,United Kingdom,2009-12-03 12:13:00,2010-10-08 10:59:00,41.0,5996.83,428.0,1.0,4.0,4.0,Loyal
12836,United Kingdom,2009-12-01 14:19:00,2011-10-11 15:10:00,15.0,6559.73,59.0,3.0,4.0,4.0,Champions
12837,United Kingdom,2010-05-19 15:10:00,2011-06-19 16:07:00,2.0,662.66,173.0,2.0,2.0,2.0,Hibernating
12838,United Kingdom,2010-04-26 09:59:00,2011-11-06 12:20:00,10.0,2975.91,34.0,3.0,4.0,4.0,Champions
12839,United Kingdom,2009-12-07 09:18:00,2011-12-07 12:33:00,26.0,9669.12,3.0,4.0,4.0,4.0,Champions
12840,United Kingdom,2010-02-03 14:51:00,2011-07-19 09:29:00,7.0,4041.97,144.0,2.0,3.0,4.0,Loyal
12841,United Kingdom,2010-07-08 15:38:00,2011-12-05 11:13:00,40.0,6958.2,5.0,4.0,4.0,4.0,Champions
12842,United Kingdom,2009-12-02 08:15:00,2011-09-30 15:33:00,4.0,1917.99,70.0,3.0,3.0,3.0,Champions
12843,United Kingdom,2009-12-13 11:41:00,2011-10-05 12:09:00,28.0,6461.87,66.0,3.0,4.0,4.0,Champions
12844,United Kingdom,2010-04-25 11:51:00,2011-11-10 13:31:00,4.0,648.6,29.0,3.0,3.0,2.0,Loyal
12845,United Kingdom,2011-02-22 14:10:00,2011-03-17 13:34:00,4.0,354.09,267.0,2.0,3.0,2.0,Loyal
12847,United Kingdom,2010-11-17 12:44:00,2011-11-17 13:16:00,2.0,1609.0,22.0,4.0,2.0,3.0,Recent / Promising
12848,United Kingdom,2010-02-02 12:45:00,2010-02-02 12:45:00,1.0,208.0,676.0,1.0,1.0,1.0,Hibernating
12849,United Kingdom,2010-04-27 13:44:00,2011-11-08 13:41:00,6.0,3015.98,31.0,3.0,3.0,4.0,Champions
12850,United Kingdom,2010-09-20 12:26:00,2010-09-20 12:26:00,1.0,330.0,446.0,1.0,1.0,1.0,Hibernating
12851,United Kingdom,2010-08-19 15:13:00,2011-09-04 12:41:00,2.0,280.76,97.0,2.0,2.0,1.0,Hibernating
12852,United Kingdom,2011-02-18 08:47:00,2011-02-18 08:47:00,1.0,311.55,295.0,2.0,1.0,1.0,Hibernating
12853,United Kingdom,2010-02-05 11:57:00,2011-07-28 11:29:00,11.0,3907.5,135.0,2.0,4.0,4.0,Loyal
12854,United Kingdom,2009-12-11 12:55:00,2011-09-22 12:15:00,7.0,2970.97,79.0,3.0,3.0,4.0,Champions
12855,United Kingdom,2010-11-02 18:16:00,2010-12-02 09:37:00,4.0,612.84,373.0,2.0,3.0,2.0,Loyal
12856,United Kingdom,2011-10-07 12:38:00,2011-12-02 10:52:00,6.0,2170.78,8.0,4.0,3.0,3.0,Champions
12857,United Kingdom,2010-01-25 15:37:00,2011-05-13 10:20:00,6.0,3688.0,211.0,2.0,3.0,4.0,Loyal
12858,United Kingdom,2010-11-21 12:55:00,2010-11-21 12:55:00,1.0,147.27,383.0,1.0,1.0,1.0,Hibernating
12859,United Kingdom,2010-09-07 12:20:00,2010-09-07 12:20:00,1.0,575.1,459.0,1.0,1.0,2.0,Hibernating
12860,United Kingdom,2010-01-15 15:22:00,2010-01-15 15:22:00,1.0,54.22,693.0,1.0,1.0,1.0,Hibernating
12861,United Kingdom,2010-03-30 11:39:00,2010-03-30 11:39:00,1.0,68.25,620.0,1.0,1.0,1.0,Hibernating
12862,United Kingdom,2010-08-01 15:20:00,2010-10-10 11:47:00,2.0,984.62,426.0,1.0,2.0,3.0,At Risk
12863,United Kingdom,2010-04-29 13:54:00,2011-10-18 14:15:00,6.0,2792.55,52.0,3.0,3.0,4.0,Champions
12864,United Kingdom,2010-07-19 17:22:00,2011-07-24 13:03:00,2.0,299.57,138.0,2.0,2.0,1.0,Hibernating
12865,Austria,2010-08-20 12:20:00,2011-11-13 14:31:00,4.0,3323.47,26.0,3.0,3.0,4.0,Champions
12866,Belgium,2010-07-25 11:37:00,2011-03-01 14:11:00,3.0,1092.35,283.0,2.0,2.0,3.0,Hibernating
12867,United Kingdom,2009-12-16 16:25:00,2011-11-13 15:30:00,13.0,7829.26,26.0,3.0,4.0,4.0,Champions
12868,United Kingdom,2010-11-12 10:05:00,2011-06-07 10:42:00,8.0,2043.76,186.0,2.0,4.0,3.0,Loyal
12869,United Kingdom,2010-01-27 12:10:00,2010-01-27 12:10:00,1.0,337.67,682.0,1.0,1.0,1.0,Hibernating
12870,United Kingdom,2010-03-25 14:32:00,2010-11-29 13:42:00,3.0,1676.95,375.0,2.0,2.0,3.0,Hibernating
12871,United Kingdom,2010-09-26 10:34:00,2011-09-16 15:07:00,3.0,744.02,84.0,3.0,2.0,2.0,Recent / Promising
12872,United Kingdom,2009-12-03 20:03:00,2011-01-17 10:52:00,12.0,3283.96,327.0,2.0,4.0,4.0,Loyal
12873,United Kingdom,2010-01-27 09:50:00,2011-03-02 14:58:00,3.0,2027.3,282.0,2.0,2.0,3.0,Hibernating
12874,Belgium,2010-06-03 12:51:00,2010-11-19 15:23:00,2.0,873.42,385.0,1.0,2.0,3.0,At Risk
12875,United Kingdom,2010-01-11 12:37:00,2011-07-19 15:30:00,5.0,1356.99,143.0,2.0,3.0,3.0,Loyal
12876,Belgium,2010-04-28 13:26:00,2011-10-13 12:26:00,4.0,3751.79,58.0,3.0,3.0,4.0,Champions
12877,United Kingdom,2010-01-18 10:23:00,2011-12-06 10:30:00,20.0,2942.14,4.0,4.0,4.0,4.0,Champions
12878,United Kingdom,2011-03-18 14:02:00,2011-04-17 13:07:00,2.0,854.99,236.0,2.0,2.0,2.0,Hibernating
12879,United Kingdom,2011-09-09 12:11:00,2011-10-26 12:24:00,3.0,573.22,45.0,3.0,2.0,2.0,Recent / Promising
12880,United Kingdom,2010-05-14 11:57:00,2010-11-23 10:50:00,2.0,640.13,382.0,1.0,2.0,2.0,At Risk
12881,United Kingdom,2011-03-09 11:44:00,2011-03-09 11:44:00,1.0,298.0,276.0,2.0,1.0,1.0,Hibernating
12882,United Kingdom,2011-11-06 11:22:00,2011-11-30 16:18:00,2.0,1463.04,9.0,4.0,2.0,3.0,Recent / Promising
12883,United Kingdom,2011-09-11 15:18:00,2011-11-15 09:32:00,4.0,703.47,25.0,4.0,3.0,2.0,Loyal
12884,United Kingdom,2011-09-12 13:10:00,2011-09-12 13:10:00,1.0,309.05,88.0,3.0,1.0,1.0,Recent / Promising
12885,United Kingdom,2011-08-08 11:45:00,2011-10-07 13:40:00,3.0,1175.22,63.0,3.0,2.0,3.0,Recent / Promising
12886,United Kingdom,2011-05-04 11:21:00,2011-10-03 10:09:00,2.0,1378.4,68.0,3.0,2.0,3.0,Recent / Promising
12887,United Kingdom,2010-11-21 11:18:00,2010-11-21 11:18:00,1.0,222.4,384.0,1.0,1.0,1.0,Hibernating
12888,United Kingdom,2011-03-29 14:31:00,2011-05-09 16:02:00,2.0,354.12,214.0,2.0,2.0,2.0,Hibernating
12889,United Kingdom,2010-07-25 14:32:00,2010-11-23 16:08:00,4.0,385.46,381.0,1.0,3.0,2.0,Loyal
12890,United Kingdom,2010-11-17 14:05:00,2011-11-15 17:26:00,2.0,706.02,24.0,4.0,2.0,2.0,Recent / Promising
12891,United Kingdom,2010-02-18 14:32:00,2011-06-07 12:31:00,11.0,840.5,186.0,2.0,4.0,2.0,Loyal
12892,United Kingdom,2010-11-08 09:51:00,2010-11-08 09:51:00,1.0,263.38,397.0,1.0,1.0,1.0,Hibernating
12893,United Kingdom,2011-11-09 12:34:00,2011-11-09 12:34:00,1.0,176.55,31.0,3.0,1.0,1.0,Recent / Promising
12894,United Kingdom,2010-05-13 14:47:00,2010-05-13 14:47:00,1.0,157.35,575.0,1.0,1.0,1.0,Hibernating
12895,United Kingdom,2011-09-14 08:35:00,2011-10-28 13:51:00,2.0,372.8,42.0,3.0,2.0,2.0,Recent / Promising
12897,United Kingdom,2010-06-14 11:58:00,2011-05-19 12:13:00,4.0,514.25,205.0,2.0,3.0,2.0,Loyal
12898,United Kingdom,2010-02-18 12:36:00,2010-09-02 08:08:00,2.0,296.21,464.0,1.0,2.0,1.0,At Risk
12899,United Kingdom,2010-10-22 09:53:00,2010-10-22 09:53:00,1.0,366.4,414.0,1.0,1.0,2.0,Hibernating
12900,United Kingdom,2010-10-13 15:17:00,2010-10-13 15:17:00,1.0,340.33,422.0,1.0,1.0,2.0,Hibernating
12901,United Kingdom,2011-03-14 10:41:00,2011-12-01 10:07:00,28.0,17654.54,9.0,4.0,4.0,4.0,Champions
12902,United Kingdom,2011-03-20 12:06:00,2011-03-20 12:06:00,1.0,138.68,265.0,2.0,1.0,1.0,Hibernating
12903,United Kingdom,2010-10-07 12:39:00,2010-10-07 12:39:00,1.0,833.53,429.0,1.0,1.0,2.0,Hibernating
12904,United Kingdom,2011-06-20 13:18:00,2011-11-21 14:34:00,2.0,496.06,18.0,4.0,2.0,2.0,Recent / Promising
12905,United Kingdom,2010-01-26 14:06:00,2010-05-12 10:05:00,2.0,1018.42,577.0,1.0,2.0,3.0,At Risk
12906,United Kingdom,2011-09-22 15:03:00,2011-11-28 09:55:00,5.0,2919.81,12.0,4.0,3.0,4.0,Champions
12907,United Kingdom,2010-08-02 14:33:00,2010-11-09 12:08:00,2.0,508.91,396.0,1.0,2.0,2.0,At Risk
12908,United Kingdom,2010-03-19 15:59:00,2011-06-16 15:39:00,5.0,1776.0,176.0,2.0,3.0,3.0,Loyal
12909,United Kingdom,2010-02-24 12:14:00,2011-10-31 12:43:00,8.0,3103.19,40.0,3.0,4.0,4.0,Champions
12910,United Kingdom,2010-03-28 13:10:00,2011-11-16 14:28:00,13.0,5796.52,23.0,4.0,4.0,4.0,Champions
12911,United Kingdom,2010-06-06 12:13:00,2010-06-06 12:13:00,1.0,1651.72,552.0,1.0,1.0,3.0,Hibernating
12912,United Kingdom,2011-10-30 11:35:00,2011-12-07 08:55:00,5.0,1662.3,3.0,4.0,3.0,3.0,Champions
12913,United Kingdom,2009-12-01 12:18:00,2011-12-05 12:11:00,13.0,6283.24,5.0,4.0,4.0,4.0,Champions
12914,United Kingdom,2010-11-04 12:28:00,2010-11-04 12:28:00,1.0,223.98,401.0,1.0,1.0,1.0,Hibernating
12915,United Kingdom,2010-04-29 19:36:00,2011-07-14 11:34:00,4.0,975.1,149.0,2.0,3.0,3.0,Loyal
12916,United Kingdom,2010-01-24 11:26:00,2011-07-24 10:35:00,7.0,4479.73,139.0,2.0,3.0,4.0,Loyal
12917,United Kingdom,2009-12-09 14:22:00,2011-08-03 16:42:00,6.0,4359.2,128.0,2.0,3.0,4.0,Loyal
12919,United Kingdom,2011-06-23 09:22:00,2011-12-01 13:47:00,6.0,1335.19,8.0,4.0,3.0,3.0,Champions
12920,United Kingdom,2009-12-14 15:58:00,2011-11-22 15:05:00,4.0,486.64,17.0,4.0,3.0,2.0,Loyal
12921,United Kingdom,2009-12-01 13:43:00,2011-11-30 16:22:00,74.0,35233.24,9.0,4.0,4.0,4.0,Champions
12922,United Kingdom,2011-07-01 15:35:00,2011-07-01 15:35:00,1.0,405.38,161.0,2.0,1.0,2.0,Hibernating
12923,United Kingdom,2010-05-13 14:55:00,2011-10-06 16:20:00,3.0,769.17,64.0,3.0,2.0,2.0,Recent / Promising
12924,United Kingdom,2009-12-09 12:40:00,2011-09-12 13:55:00,12.0,2461.45,88.0,3.0,4.0,4.0,Champions
12925,United Kingdom,2010-04-26 10:32:00,2011-12-05 11:11:00,3.0,729.33,5.0,4.0,2.0,2.0,Recent / Promising
12926,United Kingdom,2009-12-14 14:35:00,2010-10-24 15:57:00,4.0,1523.59,411.0,1.0,3.0,3.0,Loyal
12927,United Kingdom,2010-11-10 10:02:00,2010-11-10 10:02:00,1.0,197.31,395.0,1.0,1.0,1.0,Hibernating
12928,United Kingdom,2010-06-08 10:16:00,2011-11-04 14:24:00,12.0,4304.89,35.0,3.0,4.0,4.0,Champions
12929,United Kingdom,2011-02-01 12:08:00,2011-02-01 12:08:00,1.0,117.85,312.0,2.0,1.0,1.0,Hibernating
12930,United Kingdom,2011-06-21 13:25:00,2011-09-22 15:18:00,2.0,415.8,78.0,3.0,2.0,2.0,Recent / Promising
12931,United Kingdom,2009-12-01 11:46:00,2011-11-18 12:39:00,57.0,92347.34,22.0,4.0,4.0,4.0,Champions
12932,United Kingdom,2010-02-10 08:46:00,2010-06-18 14:22:00,8.0,1698.56,539.0,1.0,4.0,3.0,Loyal
12933,United Kingdom,2009-12-10 16:39:00,2011-11-15 16:38:00,8.0,1636.63,24.0,4.0,4.0,3.0,Champions
12934,United Kingdom,2009-12-03 10:51:00,2009-12-03 10:51:00,1.0,181.65,737.0,1.0,1.0,1.0,Hibernating
12935,United Kingdom,2010-04-11 15:59:00,2011-12-07 17:25:00,15.0,4243.86,2.0,4.0,4.0,4.0,Champions
12936,United Kingdom,2011-09-22 13:51:00,2011-11-22 17:32:00,4.0,1063.9,17.0,4.0,3.0,3.0,Champions
12937,United Kingdom,2009-12-03 15:43:00,2011-11-24 15:05:00,9.0,3097.61,15.0,4.0,4.0,4.0,Champions
12938,United Kingdom,2011-11-14 11:21:00,2011-11-14 11:21:00,1.0,114.14,26.0,3.0,1.0,1.0,Recent / Promising
12939,United Kingdom,2010-01-12 11:27:00,2011-10-06 14:33:00,20.0,25264.8,64.0,3.0,4.0,4.0,Champions
12940,United Kingdom,2011-09-13 10:16:00,2011-10-16 12:09:00,2.0,899.69,55.0,3.0,2.0,3.0,Recent / Promising
12941,United Kingdom,2009-12-15 13:12:00,2009-12-15 13:12:00,1.0,377.49,724.0,1.0,1.0,2.0,Hibernating
12942,United Kingdom,2010-12-09 09:34:00,2011-07-31 14:39:00,3.0,675.6,131.0,2.0,2.0,2.0,Hibernating
12943,United Kingdom,2010-04-13 11:03:00,2010-05-30 13:52:00,2.0,496.5,558.0,1.0,2.0,2.0,At Risk
12944,United Kingdom,2010-12-20 10:41:00,2011-11-04 11:04:00,2.0,604.51,36.0,3.0,2.0,2.0,Recent / Promising
12945,United Kingdom,2010-02-21 15:18:00,2011-02-24 14:15:00,2.0,900.11,288.0,2.0,2.0,3.0,Hibernating
12946,United Kingdom,2010-09-29 10:14:00,2010-09-29 10:14:00,1.0,324.45,437.0,1.0,1.0,1.0,Hibernating
12947,United Kingdom,2010-12-01 16:21:00,2011-07-19 10:06:00,6.0,1603.99,144.0,2.0,3.0,3.0,Loyal
12948,United Kingdom,2009-12-02 12:28:00,2011-11-23 17:10:00,9.0,2317.43,16.0,4.0,4.0,4.0,Champions
12949,United Kingdom,2009-12-03 15:56:00,2011-11-09 11:25:00,22.0,15526.7,31.0,3.0,4.0,4.0,Champions
12950,United Kingdom,2011-11-15 13:48:00,2011-12-07 13:17:00,3.0,1843.0,2.0,4.0,2.0,3.0,Recent / Promising
12951,United Kingdom,2010-01-10 12:43:00,2011-12-01 12:14:00,15.0,3213.72,9.0,4.0,4.0,4.0,Champions
12952,United Kingdom,2011-09-22 16:37:00,2011-12-04 10:35:00,4.0,1387.79,6.0,4.0,3.0,3.0,Champions
12953,United Kingdom,2010-07-05 13:37:00,2011-11-30 09:24:00,2.0,828.81,10.0,4.0,2.0,2.0,Recent / Promising
12954,United Kingdom,2010-03-11 10:16:00,2010-03-11 10:16:00,1.0,162.45,639.0,1.0,1.0,1.0,Hibernating
12955,United Kingdom,2011-03-17 09:03:00,2011-12-08 16:29:00,11.0,4757.16,1.0,4.0,4.0,4.0,Champions
12956,United Kingdom,2009-12-15 19:03:00,2011-02-06 16:08:00,4.0,521.89,306.0,2.0,3.0,2.0,Loyal
12957,United Kingdom,2009-12-11 12:01:00,2011-11-30 09:53:00,13.0,8706.97,10.0,4.0,4.0,4.0,Champions
12958,United Kingdom,2010-05-05 16:22:00,2010-11-04 16:16:00,2.0,467.34,400.0,1.0,2.0,2.0,At Risk
12959,United Kingdom,2010-08-12 17:20:00,2010-08-12 17:20:00,1.0,150.95,484.0,1.0,1.0,1.0,Hibernating
12960,United Kingdom,2010-02-16 13:32:00,2010-10-22 09:31:00,4.0,1322.07,414.0,1.0,3.0,3.0,Loyal
12961,United Kingdom,2010-11-25 16:44:00,2010-11-25 16:44:00,1.0,211.99,379.0,2.0,1.0,1.0,Hibernating
12962,United Kingdom,2011-08-18 13:38:00,2011-12-02 15:55:00,2.0,266.39,7.0,4.0,2.0,1.0,Recent / Promising
12963,United Kingdom,2010-07-08 14:45:00,2011-12-01 12:55:00,12.0,3235.79,8.0,4.0,4.0,4.0,Champions
12964,United Kingdom,2010-09-28 17:47:00,2010-09-28 17:47:00,1.0,132.24,437.0,1.0,1.0,1.0,Hibernating
12965,United Kingdom,2011-09-11 15:31:00,2011-09-11 15:31:00,1.0,769.81,89.0,3.0,1.0,2.0,Recent / Promising
12966,United Kingdom,2011-11-30 12:38:00,2011-11-30 12:38:00,1.0,160.18,10.0,4.0,1.0,1.0,Recent / Promising
12967,United Kingdom,2010-11-21 11:03:00,2010-12-16 19:10:00,3.0,2938.52,358.0,2.0,2.0,4.0,Hibernating
12968,United Kingdom,2011-08-19 15:44:00,2011-08-19 15:44:00,1.0,135.95,112.0,2.0,1.0,1.0,Hibernating
12969,United Kingdom,2010-04-16 10:50:00,2010-04-16 10:50:00,1.0,122.45,603.0,1.0,1.0,1.0,Hibernating
12970,United Kingdom,2009-12-04 14:19:00,2011-12-02 14:30:00,10.0,1452.54,7.0,4.0,4.0,3.0,Champions
12971,United Kingdom,2009-12-15 19:04:00,2011-12-06 12:20:00,116.0,15474.2,4.0,4.0,4.0,4.0,Champions
12972,United Kingdom,2010-02-16 14:30:00,2010-10-22 08:41:00,4.0,1161.2,414.0,1.0,3.0,3.0,Loyal
12973,United Kingdom,2010-10-22 10:14:00,2010-10-22 10:14:00,1.0,385.55,414.0,1.0,1.0,2.0,Hibernating
12974,United Kingdom,2010-05-23 11:45:00,2011-05-26 09:33:00,2.0,408.95,198.0,2.0,2.0,2.0,Hibernating
12975,United Kingdom,2009-12-06 10:38:00,2010-09-29 09:46:00,6.0,2100.09,437.0,1.0,3.0,3.0,Loyal
12976,United Kingdom,2010-02-12 15:46:00,2011-05-12 09:55:00,8.0,3156.38,212.0,2.0,4.0,4.0,Loyal
12977,United Kingdom,2010-07-16 16:25:00,2011-07-06 16:40:00,4.0,513.88,156.0,2.0,3.0,2.0,Loyal
12978,United Kingdom,2009-12-10 12:10:00,2010-11-19 14:29:00,5.0,2502.82,385.0,1.0,3.0,4.0,Loyal
12979,United Arab Emirates,2009-12-10 15:45:00,2009-12-10 15:45:00,1.0,517.7,729.0,1.0,1.0,2.0,Hibernating
12980,United Kingdom,2009-12-02 11:26:00,2011-07-05 09:34:00,21.0,16245.78,158.0,2.0,4.0,4.0,Loyal
12981,United Kingdom,2011-07-29 14:14:00,2011-11-10 12:00:00,2.0,372.22,30.0,3.0,2.0,2.0,Recent / Promising
12982,United Kingdom,2010-04-12 13:50:00,2011-04-11 11:51:00,8.0,2744.81,243.0,2.0,4.0,4.0,Loyal
12983,United Kingdom,2010-04-20 12:58:00,2010-04-20 12:58:00,1.0,490.08,598.0,1.0,1.0,2.0,Hibernating
12984,United Kingdom,2011-11-21 12:37:00,2011-11-21 12:37:00,1.0,97.5,19.0,4.0,1.0,1.0,Recent / Promising
12985,United Kingdom,2011-11-11 12:44:00,2011-12-09 10:46:00,2.0,1239.38,1.0,4.0,2.0,3.0,Recent / Promising
12986,United Kingdom,2010-01-21 10:45:00,2010-10-07 11:57:00,10.0,2729.84,429.0,1.0,4.0,4.0,Loyal
12987,United Kingdom,2010-01-20 09:57:00,2011-09-27 12:03:00,5.0,1312.21,74.0,3.0,3.0,3.0,Champions
12988,United Kingdom,2011-02-20 14:31:00,2011-02-20 14:31:00,1.0,505.82,292.0,2.0,1.0,2.0,Hibernating
12989,United Kingdom,2009-12-10 13:27:00,2011-12-06 15:28:00,33.0,13551.75,3.0,4.0,4.0,4.0,Champions
12990,United Kingdom,2010-03-30 11:36:00,2011-11-08 13:01:00,7.0,955.5,31.0,3.0,3.0,3.0,Champions
12991,United Kingdom,2010-11-15 13:43:00,2011-11-16 15:34:00,3.0,764.82,23.0,4.0,2.0,2.0,Recent / Promising
12992,United Kingdom,2009-12-14 16:46:00,2009-12-14 16:46:00,1.0,93.35,725.0,1.0,1.0,1.0,Hibernating
12993,United Kingdom,2010-02-18 10:35:00,2011-11-16 15:49:00,8.0,1259.63,23.0,4.0,4.0,3.0,Champions
12994,United Kingdom,2011-03-16 08:31:00,2011-12-05 15:43:00,3.0,974.42,4.0,4.0,2.0,3.0,Recent / Promising
12995,United Kingdom,2011-09-15 15:44:00,2011-09-15 15:44:00,1.0,211.32,85.0,3.0,1.0,1.0,Recent / Promising
12996,United Kingdom,2010-11-29 09:27:00,2010-11-29 09:27:00,1.0,355.5,376.0,2.0,1.0,2.0,Hibernating
12997,United Kingdom,2010-04-06 11:06:00,2011-11-17 15:47:00,8.0,2110.91,22.0,4.0,4.0,3.0,Champions
12998,United Kingdom,2010-02-24 11:55:00,2010-08-04 08:05:00,3.0,920.08,493.0,1.0,2.0,3.0,At Risk
12999,United Kingdom,2011-04-08 10:26:00,2011-05-27 13:24:00,3.0,455.88,196.0,2.0,2.0,2.0,Hibernating
13000,United Kingdom,2009-12-14 17:03:00,2011-08-25 10:43:00,4.0,1032.5,107.0,2.0,3.0,3.0,Loyal
13001,United Kingdom,2009-12-03 16:21:00,2011-12-05 14:51:00,33.0,24042.65,4.0,4.0,4.0,4.0,Champions
13002,United Kingdom,2010-10-01 11:58:00,2011-01-25 15:18:00,3.0,414.13,318.0,2.0,2.0,2.0,Hibernating
13003,United Kingdom,2011-05-09 08:23:00,2011-08-26 10:50:00,3.0,149.05,106.0,2.0,2.0,1.0,Hibernating
13004,United Kingdom,2009-12-15 09:44:00,2011-11-28 11:27:00,36.0,11650.85,12.0,4.0,4.0,4.0,Champions
13005,United Kingdom,2010-09-08 12:52:00,2011-06-19 10:53:00,4.0,999.68,174.0,2.0,3.0,3.0,Loyal
13006,United Kingdom,2011-10-14 13:49:00,2011-10-14 13:49:00,1.0,81.57,56.0,3.0,1.0,1.0,Recent / Promising
13007,United Kingdom,2010-05-09 10:38:00,2010-05-09 10:38:00,1.0,175.25,580.0,1.0,1.0,1.0,Hibernating
13008,United Kingdom,2009-12-16 16:07:00,2011-01-20 14:24:00,3.0,612.13,323.0,2.0,2.0,2.0,Hibernating
13009,United Kingdom,2010-02-05 12:22:00,2010-02-05 12:22:00,1.0,234.0,673.0,1.0,1.0,1.0,Hibernating
13010,United Kingdom,2010-03-01 11:28:00,2010-11-30 15:09:00,2.0,330.12,374.0,2.0,2.0,1.0,Hibernating
13011,United Kingdom,2010-12-02 17:22:00,2010-12-02 17:22:00,1.0,50.55,372.0,2.0,1.0,1.0,Hibernating
13012,United Kingdom,2010-04-26 14:14:00,2011-11-30 13:05:00,11.0,2957.83,9.0,4.0,4.0,4.0,Champions
13013,United Kingdom,2009-12-14 10:34:00,2011-12-08 15:01:00,29.0,11097.43,1.0,4.0,4.0,4.0,Champions
13014,United Kingdom,2010-10-03 11:35:00,2011-11-29 12:27:00,11.0,5381.08,11.0,4.0,4.0,4.0,Champions
13015,United Kingdom,2010-04-15 16:35:00,2011-10-17 13:19:00,11.0,6579.78,53.0,3.0,4.0,4.0,Champions
13016,United Kingdom,2011-08-08 15:00:00,2011-09-27 14:08:00,3.0,789.89,73.0,3.0,2.0,2.0,Recent / Promising
13017,United Kingdom,2011-12-02 15:53:00,2011-12-02 15:53:00,1.0,204.0,7.0,4.0,1.0,1.0,Recent / Promising
13018,United Kingdom,2010-03-01 12:34:00,2011-11-23 13:28:00,35.0,9763.16,16.0,4.0,4.0,4.0,Champions
13019,United Kingdom,2009-12-06 15:40:00,2010-11-25 14:56:00,6.0,1229.95,379.0,2.0,3.0,3.0,Loyal
13020,United Kingdom,2010-02-18 10:35:00,2010-05-26 11:12:00,2.0,618.96,563.0,1.0,2.0,2.0,At Risk
13021,United Kingdom,2009-12-05 12:02:00,2011-12-05 16:37:00,17.0,4887.24,4.0,4.0,4.0,4.0,Champions
13022,Belgium,2010-10-06 10:50:00,2010-10-06 10:50:00,1.0,50.3,430.0,1.0,1.0,1.0,Hibernating
13023,United Kingdom,2010-06-29 09:51:00,2011-10-06 16:27:00,3.0,1251.03,64.0,3.0,2.0,3.0,Recent / Promising
13024,United Kingdom,2010-05-06 14:25:00,2010-08-26 09:42:00,2.0,555.87,471.0,1.0,2.0,2.0,At Risk
13025,United Kingdom,2009-12-08 10:02:00,2009-12-08 10:02:00,1.0,323.39,732.0,1.0,1.0,1.0,Hibernating
13026,United Kingdom,2009-12-13 11:34:00,2011-12-08 16:58:00,9.0,1733.08,1.0,4.0,4.0,3.0,Champions
13027,United Kingdom,2010-01-20 10:41:00,2011-08-18 09:39:00,19.0,17239.2,114.0,2.0,4.0,4.0,Loyal
13028,United Kingdom,2011-10-25 14:09:00,2011-11-17 11:10:00,2.0,661.32,23.0,4.0,2.0,2.0,Recent / Promising
13029,United Kingdom,2010-07-04 13:46:00,2011-11-09 09:13:00,5.0,1927.3,31.0,3.0,3.0,3.0,Champions
13030,United Kingdom,2010-12-06 14:31:00,2011-11-28 14:30:00,2.0,752.44,11.0,4.0,2.0,2.0,Recent / Promising
13031,United Kingdom,2010-06-03 14:57:00,2010-10-28 15:34:00,5.0,3292.84,407.0,1.0,3.0,4.0,Loyal
13032,United Kingdom,2010-09-05 14:01:00,2011-10-18 15:54:00,9.0,2815.96,52.0,3.0,4.0,4.0,Champions
13033,United Kingdom,2010-10-06 09:37:00,2010-12-17 14:23:00,2.0,220.55,357.0,2.0,2.0,1.0,Hibernating
13034,United Kingdom,2010-11-03 15:22:00,2011-10-16 12:21:00,3.0,756.82,55.0,3.0,2.0,2.0,Recent / Promising
13035,United Kingdom,2010-10-04 15:41:00,2011-09-27 08:57:00,3.0,1364.2,74.0,3.0,2.0,3.0,Recent / Promising
13036,United Kingdom,2010-01-24 11:35:00,2010-01-24 11:35:00,1.0,307.1,685.0,1.0,1.0,1.0,Hibernating
13037,United Kingdom,2009-12-03 17:04:00,2011-07-24 15:46:00,12.0,3914.95,138.0,2.0,4.0,4.0,Loyal
13038,United Kingdom,2011-02-22 11:43:00,2011-09-20 14:37:00,3.0,908.46,80.0,3.0,2.0,3.0,Recent / Promising
13039,United Kingdom,2009-12-17 16:43:00,2010-05-04 16:45:00,4.0,1010.73,584.0,1.0,3.0,3.0,Loyal
13040,United Kingdom,2011-11-06 13:53:00,2011-12-01 10:38:00,2.0,676.99,9.0,4.0,2.0,2.0,Recent / Promising
13041,United Kingdom,2010-04-29 08:43:00,2010-09-15 11:44:00,4.0,799.13,451.0,1.0,3.0,2.0,Loyal
13042,United Kingdom,2009-12-07 15:42:00,2010-04-20 13:43:00,3.0,1488.59,598.0,1.0,2.0,3.0,At Risk
13043,United Kingdom,2011-03-11 14:52:00,2011-03-11 14:52:00,1.0,516.42,273.0,2.0,1.0,2.0,Hibernating
13044,United Kingdom,2010-01-08 14:46:00,2011-02-21 15:20:00,11.0,4848.05,291.0,2.0,4.0,4.0,Loyal
13045,United Kingdom,2010-08-10 13:02:00,2011-09-01 15:04:00,3.0,808.92,99.0,2.0,2.0,2.0,Hibernating
13046,United Kingdom,2010-09-09 13:09:00,2011-11-09 08:36:00,3.0,949.25,31.0,3.0,2.0,3.0,Recent / Promising
13047,United Kingdom,2009-12-16 11:43:00,2011-10-14 11:15:00,23.0,8423.58,57.0,3.0,4.0,4.0,Champions
13048,United Kingdom,2010-01-27 12:55:00,2011-11-25 13:23:00,9.0,4049.13,14.0,4.0,4.0,4.0,Champions
13049,United Kingdom,2010-11-03 15:39:00,2011-10-06 15:31:00,4.0,1408.24,64.0,3.0,3.0,3.0,Champions
13050,United Kingdom,2009-12-15 15:06:00,2011-11-25 09:18:00,34.0,11877.29,15.0,4.0,4.0,4.0,Champions
13051,United Kingdom,2010-03-30 11:11:00,2010-05-10 09:14:00,2.0,155.8,579.0,1.0,2.0,1.0,At Risk
13052,United Kingdom,2010-02-23 12:31:00,2011-05-11 14:12:00,7.0,3118.48,212.0,2.0,3.0,4.0,Loyal
13053,United Kingdom,2010-03-28 11:28:00,2010-03-28 11:28:00,1.0,127.65,622.0,1.0,1.0,1.0,Hibernating
13055,United Kingdom,2010-10-06 08:17:00,2011-09-22 14:26:00,4.0,2321.11,78.0,3.0,3.0,4.0,Champions
13056,United Kingdom,2010-06-06 14:10:00,2010-06-06 14:10:00,1.0,209.48,551.0,1.0,1.0,1.0,Hibernating
13057,United Kingdom,2010-03-18 12:14:00,2010-06-27 15:44:00,3.0,709.59,530.0,1.0,2.0,2.0,At Risk
13058,United Kingdom,2011-07-11 12:01:00,2011-11-15 12:43:00,3.0,271.4,25.0,4.0,2.0,1.0,Recent / Promising
13059,United Kingdom,2010-03-31 12:23:00,2011-04-04 10:40:00,10.0,2291.77,250.0,2.0,4.0,4.0,Loyal
13060,United Kingdom,2011-03-31 11:37:00,2011-03-31 11:37:00,1.0,307.53,254.0,2.0,1.0,1.0,Hibernating
13061,United Kingdom,2011-09-28 16:04:00,2011-09-28 16:04:00,1.0,248.61,72.0,3.0,1.0,1.0,Recent / Promising
13062,United Kingdom,2011-06-01 15:12:00,2011-06-01 15:12:00,1.0,346.98,191.0,2.0,1.0,2.0,Hibernating
13063,United Kingdom,2010-08-16 12:27:00,2010-08-16 12:27:00,1.0,188.4,481.0,1.0,1.0,1.0,Hibernating
13064,United Kingdom,2010-04-27 10:08:00,2011-11-27 12:31:00,6.0,1666.84,13.0,4.0,3.0,3.0,Champions
13065,United Kingdom,2010-06-10 11:44:00,2010-12-01 16:52:00,5.0,1055.05,373.0,2.0,3.0,3.0,Loyal
13066,United Kingdom,2011-11-07 17:06:00,2011-11-15 12:57:00,2.0,470.8,24.0,4.0,2.0,2.0,Recent / Promising
13067,United Kingdom,2010-09-19 13:43:00,2011-09-18 13:38:00,3.0,508.51,82.0,3.0,2.0,2.0,Recent / Promising
13068,United Kingdom,2011-01-24 08:20:00,2011-11-29 15:00:00,2.0,344.0,10.0,4.0,2.0,2.0,Recent / Promising
13069,United Kingdom,2010-06-14 14:27:00,2011-12-09 08:39:00,38.0,9284.45,1.0,4.0,4.0,4.0,Champions
13070,United Kingdom,2009-12-07 14:44:00,2011-05-31 13:45:00,4.0,751.7,192.0,2.0,3.0,2.0,Loyal
13071,United Kingdom,2010-04-06 13:37:00,2010-04-06 13:37:00,1.0,129.22,612.0,1.0,1.0,1.0,Hibernating
13072,United Kingdom,2011-03-18 08:12:00,2011-03-18 08:12:00,1.0,177.15,267.0,2.0,1.0,1.0,Hibernating
13073,United Kingdom,2010-09-28 09:27:00,2010-10-24 14:06:00,2.0,418.08,411.0,1.0,2.0,2.0,At Risk
13074,United Kingdom,2009-12-16 11:46:00,2010-07-16 16:53:00,4.0,1378.74,511.0,1.0,3.0,3.0,Loyal
13075,United Kingdom,2011-08-02 10:19:00,2011-08-02 10:19:00,1.0,919.61,130.0,2.0,1.0,3.0,Hibernating
13076,United Kingdom,2010-09-08 10:27:00,2010-09-08 10:27:00,1.0,135.4,458.0,1.0,1.0,1.0,Hibernating
13077,United Kingdom,2009-12-11 11:17:00,2011-12-08 19:24:00,11.0,2740.65,1.0,4.0,4.0,4.0,Champions
13078,United Kingdom,2009-12-01 09:06:00,2011-12-06 15:36:00,57.0,29018.06,3.0,4.0,4.0,4.0,Champions
13079,United Kingdom,2010-10-18 14:15:00,2011-12-05 16:53:00,6.0,419.18,4.0,4.0,3.0,2.0,Loyal
13080,United Kingdom,2010-04-09 13:07:00,2011-06-13 14:59:00,4.0,280.73,179.0,2.0,3.0,1.0,Loyal
13081,United Kingdom,2009-12-08 13:58:00,2011-11-28 10:54:00,28.0,56838.37,12.0,4.0,4.0,4.0,Champions
13082,United Kingdom,2009-12-22 15:37:00,2011-08-05 16:16:00,21.0,7335.75,126.0,2.0,4.0,4.0,Loyal
13083,United Kingdom,2010-10-10 13:38:00,2011-12-05 15:01:00,3.0,395.43,4.0,4.0,2.0,2.0,Recent / Promising
13084,United Kingdom,2010-08-05 08:49:00,2010-08-05 08:49:00,1.0,122.4,492.0,1.0,1.0,1.0,Hibernating
13085,United Kingdom,2009-12-01 07:45:00,2011-07-05 12:11:00,8.0,2433.28,158.0,2.0,4.0,4.0,Loyal
13086,United Kingdom,2010-11-22 10:28:00,2010-11-22 10:28:00,1.0,439.33,383.0,1.0,1.0,2.0,Hibernating
13087,United Kingdom,2009-12-13 15:16:00,2009-12-13 15:16:00,1.0,313.64,726.0,1.0,1.0,1.0,Hibernating
13088,United Kingdom,2010-10-18 15:35:00,2010-10-18 15:35:00,1.0,236.11,417.0,1.0,1.0,1.0,Hibernating
13089,United Kingdom,2009-12-02 15:44:00,2011-12-07 09:02:00,203.0,113416.91,3.0,4.0,4.0,4.0,Champions
13090,United Kingdom,2010-08-02 13:58:00,2011-12-01 12:39:00,23.0,13076.74,9.0,4.0,4.0,4.0,Champions
13091,United Kingdom,2009-12-10 12:44:00,2011-11-11 15:54:00,2.0,1108.8,28.0,3.0,2.0,3.0,Recent / Promising
13092,United Kingdom,2010-02-10 08:44:00,2011-09-30 11:18:00,12.0,2140.28,71.0,3.0,4.0,3.0,Champions
13093,United Kingdom,2009-12-04 10:32:00,2011-03-09 12:14:00,55.0,54144.25,276.0,2.0,4.0,4.0,Loyal
13094,United Kingdom,2010-11-15 14:15:00,2011-11-18 14:07:00,13.0,2209.44,21.0,4.0,4.0,3.0,Champions
13095,United Kingdom,2011-09-30 12:03:00,2011-09-30 12:03:00,1.0,74.4,71.0,3.0,1.0,1.0,Recent / Promising
13096,United Kingdom,2010-11-10 14:08:00,2010-11-10 14:08:00,1.0,419.7,394.0,1.0,1.0,2.0,Hibernating
13097,United Kingdom,2009-12-01 13:31:00,2011-11-07 10:43:00,27.0,13015.36,33.0,3.0,4.0,4.0,Champions
13098,United Kingdom,2011-01-26 13:46:00,2011-12-08 14:14:00,28.0,28882.44,1.0,4.0,4.0,4.0,Champions
13099,United Kingdom,2011-09-01 17:40:00,2011-09-01 17:40:00,1.0,207.36,99.0,2.0,1.0,1.0,Hibernating
13101,United Kingdom,2010-01-27 15:49:00,2011-04-19 14:37:00,4.0,695.4,234.0,2.0,3.0,2.0,Loyal
13102,United Kingdom,2010-05-06 13:12:00,2011-12-08 12:52:00,37.0,11380.1,1.0,4.0,4.0,4.0,Champions
13103,United Kingdom,2010-05-11 14:41:00,2011-10-31 09:38:00,3.0,709.64,40.0,3.0,2.0,2.0,Recent / Promising
13104,United Kingdom,2010-02-24 15:06:00,2011-12-06 13:10:00,9.0,1709.1,3.0,4.0,4.0,3.0,Champions
13105,United Kingdom,2010-09-29 13:41:00,2010-09-29 13:41:00,1.0,72.0,436.0,1.0,1.0,1.0,Hibernating
13106,United Kingdom,2010-10-22 13:10:00,2011-07-29 15:12:00,2.0,603.46,133.0,2.0,2.0,2.0,Hibernating
13107,United Kingdom,2010-02-04 10:50:00,2011-10-26 14:52:00,9.0,5253.07,44.0,3.0,4.0,4.0,Champions
13108,United Kingdom,2010-09-30 17:09:00,2010-12-02 10:35:00,2.0,748.46,373.0,2.0,2.0,2.0,Hibernating
13109,United Kingdom,2010-06-06 12:59:00,2011-10-11 10:16:00,3.0,1134.03,60.0,3.0,2.0,3.0,Recent / Promising
13110,United Kingdom,2009-12-01 14:14:00,2011-11-08 14:30:00,12.0,2957.47,31.0,3.0,4.0,4.0,Champions
13111,United Kingdom,2009-12-21 09:00:00,2009-12-21 09:00:00,1.0,321.88,719.0,1.0,1.0,1.0,Hibernating
13112,United Kingdom,2010-06-16 17:03:00,2010-06-16 17:03:00,1.0,20.6,541.0,1.0,1.0,1.0,Hibernating
13113,United Kingdom,2010-03-28 16:13:00,2011-12-09 12:49:00,37.0,18230.07,1.0,4.0,4.0,4.0,Champions
13114,United Kingdom,2009-12-09 09:56:00,2009-12-09 09:56:00,1.0,234.38,731.0,1.0,1.0,1.0,Hibernating
13115,United Kingdom,2010-04-19 13:29:00,2011-11-28 12:38:00,10.0,5494.7,12.0,4.0,4.0,4.0,Champions
13116,United Kingdom,2011-07-24 14:33:00,2011-07-24 14:33:00,1.0,501.14,138.0,2.0,1.0,2.0,Hibernating
13117,United Kingdom,2010-03-26 13:50:00,2011-11-18 12:02:00,18.0,2255.66,22.0,4.0,4.0,4.0,Champions
13118,United Kingdom,2010-09-26 15:46:00,2011-11-20 12:46:00,9.0,2415.41,20.0,4.0,4.0,4.0,Champions
13119,United Kingdom,2010-02-09 08:38:00,2010-02-09 08:38:00,1.0,134.9,669.0,1.0,1.0,1.0,Hibernating
13120,United Kingdom,2011-04-15 10:19:00,2011-04-15 10:19:00,1.0,30.6,239.0,2.0,1.0,1.0,Hibernating
13121,United Kingdom,2011-03-15 16:47:00,2011-03-15 16:47:00,1.0,283.73,269.0,2.0,1.0,1.0,Hibernating
13122,United Kingdom,2011-04-13 14:12:00,2011-09-06 15:53:00,2.0,922.39,94.0,3.0,2.0,3.0,Recent / Promising
13123,United Kingdom,2010-06-28 12:43:00,2010-08-24 10:18:00,2.0,506.75,473.0,1.0,2.0,2.0,At Risk
13124,United Kingdom,2010-11-19 15:50:00,2011-09-11 12:45:00,4.0,4641.66,90.0,3.0,3.0,4.0,Champions
13125,United Kingdom,2010-07-04 11:58:00,2010-07-04 11:58:00,1.0,148.62,524.0,1.0,1.0,1.0,Hibernating
13126,United Kingdom,2010-03-02 12:24:00,2011-12-05 10:00:00,13.0,3774.81,5.0,4.0,4.0,4.0,Champions
13127,United Kingdom,2011-09-23 10:26:00,2011-09-23 10:26:00,1.0,259.17,78.0,3.0,1.0,1.0,Recent / Promising
13128,United Kingdom,2010-03-18 15:08:00,2010-03-18 15:08:00,1.0,263.5,631.0,1.0,1.0,1.0,Hibernating
13129,United Kingdom,2010-06-28 11:54:00,2010-09-13 13:47:00,2.0,233.25,452.0,1.0,2.0,1.0,At Risk
13130,United Kingdom,2011-09-06 15:30:00,2011-09-06 15:30:00,1.0,64.0,94.0,3.0,1.0,1.0,Recent / Promising
13131,United Kingdom,2010-02-09 09:47:00,2011-11-16 13:21:00,7.0,3313.77,23.0,4.0,3.0,4.0,Champions
13132,United Kingdom,2011-03-23 12:44:00,2011-03-23 12:44:00,1.0,77.3,262.0,2.0,1.0,1.0,Hibernating
13133,United Kingdom,2010-09-06 15:30:00,2011-03-11 10:31:00,3.0,200.45,274.0,2.0,2.0,1.0,Hibernating
13134,United Kingdom,2010-10-19 13:21:00,2011-09-15 10:35:00,6.0,2475.23,86.0,3.0,3.0,4.0,Champions
13135,United Kingdom,2010-08-05 17:28:00,2011-05-27 10:52:00,2.0,3371.45,197.0,2.0,2.0,4.0,Hibernating
13136,United Kingdom,2009-12-08 18:30:00,2011-10-14 13:41:00,13.0,6274.56,56.0,3.0,4.0,4.0,Champions
13137,United Kingdom,2010-07-25 15:40:00,2011-11-29 12:09:00,16.0,7586.94,11.0,4.0,4.0,4.0,Champions
13138,United Kingdom,2010-11-08 11:45:00,2011-11-17 16:51:00,7.0,1274.01,22.0,4.0,3.0,3.0,Champions
13139,United Kingdom,2010-09-28 09:12:00,2011-11-23 13:54:00,8.0,8202.98,16.0,4.0,4.0,4.0,Champions
13140,United Kingdom,2010-08-05 19:05:00,2011-08-23 15:33:00,5.0,1054.92,108.0,2.0,3.0,3.0,Loyal
13141,United Kingdom,2009-12-09 13:34:00,2011-09-16 09:54:00,17.0,7656.08,85.0,3.0,4.0,4.0,Champions
13142,United Kingdom,2011-11-20 16:07:00,2011-11-20 16:07:00,1.0,307.09,19.0,4.0,1.0,1.0,Recent / Promising
13143,United Kingdom,2010-05-04 12:22:00,2010-05-04 12:22:00,1.0,405.1,585.0,1.0,1.0,2.0,Hibernating
13144,United Kingdom,2010-10-04 14:14:00,2011-01-11 11:15:00,2.0,135.35,333.0,2.0,2.0,1.0,Hibernating
13145,United Kingdom,2010-04-19 11:11:00,2011-10-31 12:45:00,7.0,1128.52,40.0,3.0,3.0,3.0,Champions
13146,United Kingdom,2011-11-13 15:29:00,2011-11-13 15:29:00,1.0,228.91,26.0,3.0,1.0,1.0,Recent / Promising
13147,United Kingdom,2011-09-01 12:28:00,2011-11-29 13:59:00,4.0,712.8,10.0,4.0,3.0,2.0,Loyal
13148,United Kingdom,2009-12-07 15:26:00,2011-11-10 15:23:00,26.0,8488.32,29.0,3.0,4.0,4.0,Champions
13149,United Kingdom,2011-02-23 13:57:00,2011-11-25 13:09:00,4.0,1676.06,14.0,4.0,3.0,3.0,Champions
13150,United Kingdom,2010-03-19 09:03:00,2010-08-12 12:59:00,3.0,449.97,484.0,1.0,2.0,2.0,At Risk
13151,United Kingdom,2010-03-22 10:26:00,2011-02-17 12:29:00,3.0,2454.71,296.0,2.0,2.0,4.0,Hibernating
13152,United Kingdom,2010-01-14 10:01:00,2010-10-18 13:44:00,7.0,2146.38,417.0,1.0,3.0,3.0,Loyal
13153,United Kingdom,2011-12-04 12:14:00,2011-12-04 12:14:00,1.0,486.22,6.0,4.0,1.0,2.0,Recent / Promising
13154,United Kingdom,2009-12-04 08:46:00,2010-11-05 16:00:00,3.0,1624.84,399.0,1.0,2.0,3.0,At Risk
13155,United Kingdom,2010-08-05 09:30:00,2011-11-06 15:41:00,6.0,1370.48,33.0,3.0,3.0,3.0,Champions
13156,United Kingdom,2010-02-01 13:45:00,2010-11-19 13:09:00,3.0,1586.54,385.0,1.0,2.0,3.0,At Risk
13157,United Kingdom,2010-03-08 11:59:00,2011-10-21 13:50:00,9.0,5687.36,49.0,3.0,4.0,4.0,Champions
13158,United Kingdom,2010-11-16 17:12:00,2011-09-06 11:58:00,5.0,1508.18,95.0,3.0,3.0,3.0,Champions
13159,United Kingdom,2011-08-16 11:44:00,2011-12-01 11:20:00,4.0,1429.35,9.0,4.0,3.0,3.0,Champions
13160,United Kingdom,2011-11-17 13:07:00,2011-11-17 13:07:00,1.0,91.8,22.0,4.0,1.0,1.0,Recent / Promising
13161,United Kingdom,2010-07-27 12:44:00,2011-01-30 14:03:00,2.0,472.13,313.0,2.0,2.0,2.0,Hibernating
13162,United Kingdom,2009-12-04 13:59:00,2011-08-09 15:59:00,16.0,9275.49,122.0,2.0,4.0,4.0,Loyal
13163,United Kingdom,2010-04-08 16:21:00,2010-04-08 16:21:00,1.0,17.65,610.0,1.0,1.0,1.0,Hibernating
13164,United Kingdom,2010-02-10 11:52:00,2010-05-19 13:52:00,2.0,372.2,569.0,1.0,2.0,2.0,At Risk
13165,United Kingdom,2010-10-22 17:04:00,2011-10-24 15:05:00,3.0,1451.16,46.0,3.0,2.0,3.0,Recent / Promising
13166,United Kingdom,2010-10-21 14:29:00,2011-03-01 15:16:00,2.0,875.93,283.0,2.0,2.0,3.0,Hibernating
13167,United Kingdom,2010-11-14 12:58:00,2011-11-21 12:24:00,5.0,1113.15,19.0,4.0,3.0,3.0,Champions
13168,United Kingdom,2010-06-15 15:00:00,2011-11-03 12:56:00,5.0,1840.73,36.0,3.0,3.0,3.0,Champions
13169,United Kingdom,2010-05-26 15:58:00,2011-10-07 12:11:00,3.0,840.08,64.0,3.0,2.0,2.0,Recent / Promising
13170,United Kingdom,2011-11-13 12:19:00,2011-11-13 12:19:00,1.0,108.81,27.0,3.0,1.0,1.0,Recent / Promising
13171,United Kingdom,2011-02-13 14:16:00,2011-11-18 10:27:00,3.0,468.41,22.0,4.0,2.0,2.0,Recent / Promising
13172,United Kingdom,2010-11-04 15:10:00,2010-11-04 15:10:00,1.0,69.6,400.0,1.0,1.0,1.0,Hibernating
13173,United Kingdom,2009-12-10 12:52:00,2011-12-05 15:51:00,11.0,2389.82,4.0,4.0,4.0,4.0,Champions
13174,United Kingdom,2009-12-04 15:40:00,2011-11-23 14:35:00,11.0,7972.46,16.0,4.0,4.0,4.0,Champions
13175,United Kingdom,2009-12-04 12:11:00,2010-05-06 13:13:00,2.0,831.45,582.0,1.0,2.0,2.0,At Risk
13176,United Kingdom,2011-10-24 15:43:00,2011-10-24 15:43:00,1.0,481.49,46.0,3.0,1.0,2.0,Recent / Promising
13177,United Kingdom,2010-10-05 10:35:00,2011-10-06 09:56:00,2.0,512.2,65.0,3.0,2.0,2.0,Recent / Promising
13178,United Kingdom,2009-12-16 14:00:00,2011-11-13 16:14:00,21.0,14059.19,26.0,3.0,4.0,4.0,Champions
13179,United Kingdom,2010-03-31 11:40:00,2010-03-31 11:40:00,1.0,572.31,619.0,1.0,1.0,2.0,Hibernating
13180,United Kingdom,2010-04-11 13:37:00,2010-04-11 13:37:00,1.0,86.1,607.0,1.0,1.0,1.0,Hibernating
13181,United Kingdom,2010-11-23 15:05:00,2010-11-23 15:05:00,1.0,359.69,381.0,1.0,1.0,2.0,Hibernating
13182,United Kingdom,2011-10-25 13:46:00,2011-10-25 13:46:00,1.0,121.18,45.0,3.0,1.0,1.0,Recent / Promising
13183,United Kingdom,2010-03-14 12:32:00,2011-12-02 10:30:00,15.0,7036.18,8.0,4.0,4.0,4.0,Champions
13184,United Kingdom,2011-02-22 17:25:00,2011-11-25 12:02:00,10.0,1667.95,15.0,4.0,4.0,3.0,Champions
13185,United Kingdom,2011-03-17 11:56:00,2011-03-17 11:56:00,1.0,71.4,268.0,2.0,1.0,1.0,Hibernating
13186,United Kingdom,2011-08-03 09:09:00,2011-10-31 11:40:00,3.0,1575.89,40.0,3.0,2.0,3.0,Recent / Promising
13187,United Kingdom,2010-03-25 17:18:00,2011-01-06 18:57:00,4.0,328.36,337.0,2.0,3.0,1.0,Loyal
13188,United Kingdom,2011-11-28 15:28:00,2011-11-28 15:28:00,1.0,114.6,11.0,4.0,1.0,1.0,Recent / Promising
13189,United Kingdom,2011-08-16 13:12:00,2011-11-21 10:39:00,2.0,260.68,19.0,4.0,2.0,1.0,Recent / Promising
13190,United Kingdom,2009-12-07 12:13:00,2010-06-13 15:47:00,3.0,570.66,544.0,1.0,2.0,2.0,At Risk
13191,United Kingdom,2010-02-19 17:02:00,2010-02-19 17:02:00,1.0,159.21,658.0,1.0,1.0,1.0,Hibernating
13192,United Kingdom,2010-01-22 08:37:00,2011-09-05 14:13:00,6.0,2558.58,95.0,3.0,3.0,4.0,Champions
13193,United Kingdom,2011-10-09 14:30:00,2011-10-09 14:30:00,1.0,112.08,61.0,3.0,1.0,1.0,Recent / Promising
13194,United Kingdom,2010-10-14 11:54:00,2011-07-27 09:01:00,2.0,472.78,136.0,2.0,2.0,2.0,Hibernating
13195,United Kingdom,2010-10-21 13:07:00,2010-10-21 13:07:00,1.0,136.73,414.0,1.0,1.0,1.0,Hibernating
13196,United Kingdom,2010-04-01 12:54:00,2011-11-28 13:54:00,7.0,3068.84,11.0,4.0,3.0,4.0,Champions
13197,United Kingdom,2010-04-09 09:14:00,2010-04-09 09:14:00,1.0,373.01,610.0,1.0,1.0,2.0,Hibernating
13198,United Kingdom,2010-10-01 13:27:00,2011-11-29 15:17:00,8.0,4974.23,10.0,4.0,4.0,4.0,Champions
13199,United Kingdom,2009-12-05 10:11:00,2011-12-06 12:30:00,66.0,15949.21,4.0,4.0,4.0,4.0,Champions
13200,United Kingdom,2011-08-05 14:50:00,2011-11-20 15:35:00,4.0,870.09,19.0,4.0,3.0,3.0,Champions
13201,United Kingdom,2010-03-07 11:01:00,2010-07-25 14:30:00,4.0,1233.06,502.0,1.0,3.0,3.0,Loyal
13202,United Kingdom,2009-12-09 10:48:00,2010-11-10 16:24:00,7.0,1580.3,394.0,1.0,3.0,3.0,Loyal
13203,United Kingdom,2009-12-17 14:15:00,2011-11-30 10:45:00,10.0,2648.25,10.0,4.0,4.0,4.0,Champions
13204,United Kingdom,2009-12-08 14:56:00,2009-12-08 14:56:00,1.0,966.66,731.0,1.0,1.0,3.0,Hibernating
13205,United Kingdom,2010-09-22 16:26:00,2010-09-22 16:26:00,1.0,2803.2,443.0,1.0,1.0,4.0,Hibernating
13206,United Kingdom,2009-12-07 13:48:00,2010-11-04 16:50:00,13.0,8308.19,400.0,1.0,4.0,4.0,Loyal
13207,United Kingdom,2010-04-06 16:37:00,2011-11-24 14:52:00,4.0,535.86,15.0,4.0,3.0,2.0,Loyal
13208,United Kingdom,2009-12-03 13:25:00,2011-10-11 16:25:00,8.0,1951.82,59.0,3.0,4.0,3.0,Champions
13209,United Kingdom,2010-01-24 14:30:00,2011-11-09 13:54:00,13.0,8509.51,30.0,3.0,4.0,4.0,Champions
13210,United Kingdom,2011-09-07 08:18:00,2011-09-07 08:18:00,1.0,353.48,94.0,3.0,1.0,2.0,Recent / Promising
13211,United Kingdom,2009-12-06 15:24:00,2011-11-29 14:43:00,10.0,2618.77,10.0,4.0,4.0,4.0,Champions
13212,United Kingdom,2011-10-09 14:48:00,2011-11-20 12:40:00,3.0,786.83,20.0,4.0,2.0,2.0,Recent / Promising
13213,United Kingdom,2010-05-20 14:50:00,2011-10-14 11:42:00,11.0,3851.52,57.0,3.0,4.0,4.0,Champions
13214,United Kingdom,2010-03-03 14:10:00,2010-10-18 10:00:00,7.0,3264.23,418.0,1.0,3.0,4.0,Loyal
13215,United Kingdom,2010-11-02 18:26:00,2010-11-02 18:26:00,1.0,81.6,402.0,1.0,1.0,1.0,Hibernating
13216,United Kingdom,2011-03-17 12:18:00,2011-03-17 12:18:00,1.0,333.74,268.0,2.0,1.0,1.0,Hibernating
13217,United Kingdom,2010-02-22 12:49:00,2011-08-09 15:32:00,4.0,666.48,122.0,2.0,3.0,2.0,Loyal
13218,United Kingdom,2011-08-04 16:59:00,2011-08-04 16:59:00,1.0,62.64,127.0,2.0,1.0,1.0,Hibernating
13219,United Kingdom,2010-03-31 14:18:00,2010-03-31 14:18:00,1.0,76.23,618.0,1.0,1.0,1.0,Hibernating
13220,United Kingdom,2010-05-13 10:35:00,2011-09-22 13:38:00,5.0,1336.09,78.0,3.0,3.0,3.0,Champions
13221,United Kingdom,2010-12-15 13:24:00,2011-04-13 16:58:00,2.0,844.86,240.0,2.0,2.0,2.0,Hibernating
13222,United Kingdom,2010-05-11 13:54:00,2010-05-11 13:54:00,1.0,88.5,577.0,1.0,1.0,1.0,Hibernating
13223,United Kingdom,2010-02-12 13:27:00,2011-05-23 13:03:00,6.0,969.12,200.0,2.0,3.0,3.0,Loyal
13224,United Kingdom,2011-07-11 14:10:00,2011-10-10 14:55:00,2.0,2152.95,60.0,3.0,2.0,3.0,Recent / Promising
13225,United Kingdom,2009-12-17 09:09:00,2011-12-06 13:29:00,16.0,16260.07,3.0,4.0,4.0,4.0,Champions
13226,United Kingdom,2010-11-11 13:46:00,2011-03-11 14:35:00,2.0,312.46,273.0,2.0,2.0,1.0,Hibernating
13227,United Kingdom,2011-05-22 11:47:00,2011-05-22 11:47:00,1.0,257.7,202.0,2.0,1.0,1.0,Hibernating
13228,United Kingdom,2011-09-19 14:28:00,2011-09-19 14:28:00,1.0,358.0,81.0,3.0,1.0,2.0,Recent / Promising
13229,United Kingdom,2011-04-28 12:07:00,2011-04-28 12:07:00,1.0,160.95,226.0,2.0,1.0,1.0,Hibernating
13230,United Kingdom,2010-03-18 20:02:00,2011-12-05 16:03:00,30.0,6109.51,4.0,4.0,4.0,4.0,Champions
13232,United Kingdom,2011-04-10 13:48:00,2011-11-27 10:39:00,7.0,1327.75,13.0,4.0,3.0,3.0,Champions
13233,United Kingdom,2010-01-14 14:10:00,2011-09-26 13:25:00,4.0,1176.46,74.0,3.0,3.0,3.0,Champions
13234,United Kingdom,2009-12-07 12:32:00,2010-02-05 11:41:00,2.0,346.5,673.0,1.0,2.0,2.0,At Risk
13235,United Kingdom,2011-05-11 17:13:00,2011-05-11 17:13:00,1.0,1031.07,212.0,2.0,1.0,3.0,Hibernating
13236,United Kingdom,2011-08-25 08:58:00,2011-11-15 12:50:00,2.0,744.85,25.0,4.0,2.0,2.0,Recent / Promising
13237,United Kingdom,2010-11-17 10:07:00,2010-11-17 10:07:00,1.0,643.0,388.0,1.0,1.0,2.0,Hibernating
13238,United Kingdom,2010-04-28 15:02:00,2011-11-22 15:37:00,6.0,1006.63,17.0,4.0,3.0,3.0,Champions
13239,United Kingdom,2010-07-25 13:34:00,2011-03-23 10:25:00,5.0,1594.69,262.0,2.0,3.0,3.0,Loyal
13240,United Kingdom,2010-02-25 13:17:00,2011-09-04 14:08:00,8.0,1455.39,96.0,2.0,4.0,3.0,Loyal
13241,United Kingdom,2010-10-24 11:17:00,2010-10-24 11:17:00,1.0,112.53,412.0,1.0,1.0,1.0,Hibernating
13242,United Kingdom,2010-02-09 13:12:00,2011-08-19 12:53:00,7.0,699.4,112.0,2.0,3.0,2.0,Loyal
13243,United Kingdom,2010-03-18 13:10:00,2011-05-20 13:14:00,5.0,1220.38,203.0,2.0,3.0,3.0,Loyal
13244,United Kingdom,2011-09-08 11:46:00,2011-09-08 11:46:00,1.0,121.74,93.0,3.0,1.0,1.0,Recent / Promising
13245,United Kingdom,2010-10-03 14:03:00,2011-10-20 11:40:00,2.0,989.22,51.0,3.0,2.0,3.0,Recent / Promising
13246,United Kingdom,2010-07-02 13:36:00,2011-11-21 16:50:00,11.0,3351.75,18.0,4.0,4.0,4.0,Champions
13247,United Kingdom,2011-09-18 11:31:00,2011-11-22 10:59:00,4.0,501.12,18.0,4.0,3.0,2.0,Loyal
13248,United Kingdom,2011-06-03 13:05:00,2011-08-07 12:40:00,2.0,465.68,125.0,2.0,2.0,2.0,Hibernating
13249,United Kingdom,2010-01-24 12:11:00,2011-09-08 13:26:00,9.0,1608.93,92.0,3.0,4.0,3.0,Champions
13250,United Kingdom,2010-07-25 14:01:00,2010-09-05 11:33:00,2.0,253.09,461.0,1.0,2.0,1.0,At Risk
13251,United Kingdom,2010-11-02 13:20:00,2010-11-02 13:20:00,1.0,252.68,402.0,1.0,1.0,1.0,Hibernating
13252,United Kingdom,2010-03-24 10:30:00,2010-11-10 16:00:00,2.0,399.3,394.0,1.0,2.0,2.0,At Risk
13253,United Kingdom,2010-01-05 12:13:00,2011-07-06 10:09:00,4.0,2951.11,157.0,2.0,3.0,4.0,Loyal
13254,United Kingdom,2010-11-28 15:42:00,2010-11-28 15:42:00,1.0,51.41,376.0,2.0,1.0,1.0,Hibernating
13255,United Kingdom,2010-07-15 13:20:00,2011-11-30 13:14:00,3.0,678.76,9.0,4.0,2.0,2.0,Recent / Promising
13257,United Kingdom,2010-09-29 14:58:00,2010-09-29 14:58:00,1.0,149.75,436.0,1.0,1.0,1.0,Hibernating
13258,United Kingdom,2010-11-04 12:45:00,2011-11-28 09:31:00,5.0,1009.43,12.0,4.0,3.0,3.0,Champions
13259,United Kingdom,2010-01-10 10:26:00,2011-10-09 10:48:00,9.0,1398.79,62.0,3.0,4.0,3.0,Champions
13260,United Kingdom,2011-10-09 13:21:00,2011-10-09 13:21:00,1.0,557.62,61.0,3.0,1.0,2.0,Recent / Promising
13261,United Kingdom,2011-02-27 10:41:00,2011-03-16 12:22:00,2.0,944.1,269.0,2.0,2.0,3.0,Hibernating
13262,United Kingdom,2010-04-18 12:14:00,2011-03-21 15:06:00,3.0,573.45,263.0,2.0,2.0,2.0,Hibernating
13263,United Kingdom,2010-10-22 17:07:00,2011-12-08 13:59:00,38.0,8650.98,1.0,4.0,4.0,4.0,Champions
13264,United Kingdom,2010-09-23 12:42:00,2010-09-23 12:42:00,1.0,722.56,443.0,1.0,1.0,2.0,Hibernating
13265,United Kingdom,2011-03-11 09:54:00,2011-10-17 15:02:00,5.0,2092.66,53.0,3.0,3.0,3.0,Champions
13266,United Kingdom,2009-12-17 10:52:00,2011-11-28 14:39:00,19.0,6135.04,11.0,4.0,4.0,4.0,Champions
13267,United Kingdom,2009-12-07 16:56:00,2011-12-07 11:12:00,36.0,9429.81,3.0,4.0,4.0,4.0,Champions
13268,United Kingdom,2011-03-17 13:20:00,2011-11-22 11:34:00,10.0,3152.71,18.0,4.0,4.0,4.0,Champions
13269,United Kingdom,2009-12-02 11:47:00,2011-12-08 14:53:00,28.0,8537.32,1.0,4.0,4.0,4.0,Champions
13270,United Kingdom,2010-12-08 14:53:00,2010-12-08 14:53:00,1.0,590.0,366.0,2.0,1.0,2.0,Hibernating
13271,United Kingdom,2011-11-02 14:31:00,2011-11-02 14:31:00,1.0,211.49,37.0,3.0,1.0,1.0,Recent / Promising
13272,United Kingdom,2011-09-11 12:06:00,2011-11-08 14:00:00,2.0,276.56,31.0,3.0,2.0,1.0,Recent / Promising
13273,United Kingdom,2011-08-18 14:02:00,2011-08-18 14:02:00,1.0,138.98,113.0,2.0,1.0,1.0,Hibernating
13274,United Kingdom,2010-10-26 13:48:00,2010-10-26 13:48:00,1.0,360.85,409.0,1.0,1.0,2.0,Hibernating
13275,United Kingdom,2010-03-17 14:05:00,2010-11-21 12:09:00,2.0,238.86,384.0,1.0,2.0,1.0,At Risk
13276,United Kingdom,2010-03-07 14:05:00,2011-10-07 12:44:00,5.0,1891.91,64.0,3.0,3.0,3.0,Champions
13277,United Kingdom,2010-06-18 08:45:00,2011-11-24 09:21:00,7.0,523.3,16.0,4.0,3.0,2.0,Loyal
13278,United Kingdom,2010-04-08 11:59:00,2011-10-30 11:49:00,4.0,1425.35,41.0,3.0,3.0,3.0,Champions
13279,United Kingdom,2011-09-22 17:24:00,2011-09-22 17:24:00,1.0,137.75,78.0,3.0,1.0,1.0,Recent / Promising
13280,United Kingdom,2010-03-05 09:07:00,2011-08-09 13:14:00,7.0,2293.33,122.0,2.0,3.0,4.0,Loyal
13281,United Kingdom,2010-09-26 16:03:00,2010-09-26 16:03:00,1.0,350.85,439.0,1.0,1.0,2.0,Hibernating
13282,United Kingdom,2010-10-29 14:11:00,2011-11-21 15:33:00,4.0,1313.19,18.0,4.0,3.0,3.0,Champions
13283,United Kingdom,2010-03-09 14:36:00,2011-10-11 09:50:00,4.0,373.36,60.0,3.0,3.0,2.0,Loyal
13284,United Kingdom,2011-01-13 09:23:00,2011-01-13 09:23:00,1.0,201.19,331.0,2.0,1.0,1.0,Hibernating
13285,United Kingdom,2010-03-25 14:26:00,2011-11-16 13:19:00,6.0,3364.59,23.0,4.0,3.0,4.0,Champions
13286,United Kingdom,2010-04-18 15:35:00,2010-04-18 15:35:00,1.0,734.91,600.0,1.0,1.0,2.0,Hibernating
13287,United Kingdom,2010-01-04 10:43:00,2010-04-15 15:26:00,3.0,781.59,603.0,1.0,2.0,2.0,At Risk
13288,United Kingdom,2010-02-11 14:59:00,2010-09-22 16:32:00,5.0,927.61,443.0,1.0,3.0,3.0,Loyal
13289,United Kingdom,2009-12-16 11:53:00,2009-12-16 11:53:00,1.0,307.95,724.0,1.0,1.0,1.0,Hibernating
13291,United Kingdom,2010-02-11 18:36:00,2011-07-07 10:36:00,11.0,3270.79,156.0,2.0,4.0,4.0,Loyal
13292,United Kingdom,2010-07-01 14:36:00,2011-11-01 10:04:00,5.0,994.51,39.0,3.0,3.0,3.0,Champions
13293,United Kingdom,2010-02-09 12:05:00,2010-11-12 13:28:00,6.0,1192.94,392.0,1.0,3.0,3.0,Loyal
13294,United Kingdom,2010-03-03 12:54:00,2011-06-03 08:54:00,3.0,1689.53,190.0,2.0,2.0,3.0,Hibernating
13295,United Kingdom,2010-05-12 09:13:00,2010-12-15 11:21:00,4.0,1101.97,360.0,2.0,3.0,3.0,Loyal
13296,United Kingdom,2010-05-11 14:29:00,2011-07-25 13:46:00,6.0,792.51,137.0,2.0,3.0,2.0,Loyal
13297,United Kingdom,2010-06-15 12:35:00,2011-12-02 09:32:00,7.0,4368.62,8.0,4.0,3.0,4.0,Champions
13298,United Kingdom,2011-12-08 13:11:00,2011-12-08 13:11:00,1.0,360.0,1.0,4.0,1.0,2.0,Recent / Promising
13299,United Kingdom,2010-06-29 11:30:00,2011-03-16 12:55:00,3.0,1218.7,268.0,2.0,2.0,3.0,Hibernating
13300,United Kingdom,2010-05-14 15:56:00,2011-06-23 13:09:00,3.0,1285.51,169.0,2.0,2.0,3.0,Hibernating
13301,United Kingdom,2011-02-20 13:13:00,2011-08-28 11:25:00,4.0,600.19,104.0,2.0,3.0,2.0,Loyal
13302,United Kingdom,2010-07-01 12:32:00,2011-07-07 17:56:00,2.0,159.2,155.0,2.0,2.0,1.0,Hibernating
13303,United Kingdom,2010-11-04 14:55:00,2010-11-04 14:55:00,1.0,61.72,400.0,1.0,1.0,1.0,Hibernating
13304,United Kingdom,2010-02-08 12:42:00,2010-12-23 14:35:00,4.0,1217.99,351.0,2.0,3.0,3.0,Loyal
13305,United Kingdom,2010-03-10 14:49:00,2011-12-05 15:15:00,16.0,3616.41,4.0,4.0,4.0,4.0,Champions
13306,United Kingdom,2010-10-05 14:55:00,2010-10-05 14:55:00,1.0,53.65,430.0,1.0,1.0,1.0,Hibernating
13307,United Kingdom,2010-04-26 13:28:00,2011-08-11 17:14:00,3.0,273.34,120.0,2.0,2.0,1.0,Hibernating
13308,United Kingdom,2010-04-22 09:22:00,2011-11-17 09:31:00,4.0,1670.37,23.0,4.0,3.0,3.0,Champions
13309,United Kingdom,2010-11-12 12:10:00,2011-12-02 16:34:00,6.0,1706.37,7.0,4.0,3.0,3.0,Champions
13310,United Kingdom,2010-11-02 17:03:00,2011-11-11 17:23:00,5.0,1541.2,28.0,3.0,3.0,3.0,Champions
13311,United Kingdom,2011-07-12 14:26:00,2011-12-05 12:55:00,2.0,598.57,4.0,4.0,2.0,2.0,Recent / Promising
13312,United Kingdom,2010-09-14 14:36:00,2010-09-14 14:36:00,1.0,124.75,451.0,1.0,1.0,1.0,Hibernating
13313,United Kingdom,2009-12-02 16:18:00,2011-11-17 16:48:00,12.0,3445.32,22.0,4.0,4.0,4.0,Champions
13314,United Kingdom,2011-09-27 10:20:00,2011-12-08 12:29:00,3.0,775.94,2.0,4.0,2.0,2.0,Recent / Promising
13315,United Kingdom,2010-01-19 15:34:00,2010-01-19 15:34:00,1.0,310.26,689.0,1.0,1.0,1.0,Hibernating
13316,United Kingdom,2010-03-10 10:01:00,2011-11-02 13:40:00,10.0,12940.82,37.0,3.0,4.0,4.0,Champions
13317,United Kingdom,2009-12-13 11:11:00,2011-10-04 13:35:00,19.0,6486.09,66.0,3.0,4.0,4.0,Champions
13318,United Kingdom,2011-11-02 13:26:00,2011-12-08 18:51:00,3.0,640.76,1.0,4.0,2.0,2.0,Recent / Promising
13319,United Kingdom,2009-12-06 14:46:00,2011-12-04 13:34:00,58.0,21323.22,5.0,4.0,4.0,4.0,Champions
13320,United Kingdom,2010-08-18 10:29:00,2011-09-22 18:07:00,6.0,2211.6,78.0,3.0,3.0,3.0,Champions
13321,United Kingdom,2011-09-14 15:18:00,2011-09-28 15:24:00,2.0,567.36,72.0,3.0,2.0,2.0,Recent / Promising
13322,United Kingdom,2011-11-22 14:21:00,2011-11-22 14:21:00,1.0,199.48,17.0,4.0,1.0,1.0,Recent / Promising
13323,United Kingdom,2011-09-16 13:23:00,2011-12-06 17:12:00,5.0,787.85,3.0,4.0,3.0,2.0,Loyal
13324,United Kingdom,2010-05-25 10:23:00,2011-11-03 16:28:00,18.0,10513.47,36.0,3.0,4.0,4.0,Champions
13325,United Kingdom,2011-09-19 10:36:00,2011-09-19 10:36:00,1.0,675.3,82.0,3.0,1.0,2.0,Recent / Promising
13326,United Kingdom,2010-10-03 16:00:00,2010-10-03 16:00:00,1.0,281.76,432.0,1.0,1.0,1.0,Hibernating
13327,United Kingdom,2009-12-18 15:35:00,2011-11-01 10:21:00,19.0,9052.87,39.0,3.0,4.0,4.0,Champions
13328,United Kingdom,2011-01-27 15:22:00,2011-01-27 15:22:00,1.0,1308.48,316.0,2.0,1.0,3.0,Hibernating
13329,United Kingdom,2009-12-04 15:41:00,2011-11-08 10:29:00,8.0,4808.77,32.0,3.0,4.0,4.0,Champions
13330,United Kingdom,2010-02-23 10:12:00,2011-09-08 12:27:00,6.0,2796.1,93.0,3.0,3.0,4.0,Champions
13331,United Kingdom,2010-11-03 08:04:00,2010-11-03 08:04:00,1.0,262.4,402.0,1.0,1.0,1.0,Hibernating
13332,United Kingdom,2011-11-25 13:30:00,2011-11-25 13:30:00,1.0,350.9,14.0,4.0,1.0,2.0,Recent / Promising
13333,United Kingdom,2010-02-19 09:26:00,2010-10-24 13:24:00,3.0,1015.74,411.0,1.0,2.0,3.0,At Risk
13334,United Kingdom,2010-02-25 12:21:00,2011-09-18 15:21:00,5.0,6201.8,82.0,3.0,3.0,4.0,Champions
13336,United Kingdom,2011-09-23 14:05:00,2011-09-23 14:05:00,1.0,795.12,77.0,3.0,1.0,2.0,Recent / Promising
13337,United Kingdom,2010-06-11 13:27:00,2010-06-11 13:27:00,1.0,1575.26,546.0,1.0,1.0,3.0,Hibernating
13338,United Kingdom,2010-01-05 12:25:00,2011-07-05 09:06:00,4.0,2345.62,158.0,2.0,3.0,4.0,Loyal
13339,United Kingdom,2011-05-23 08:31:00,2011-05-23 08:31:00,1.0,860.12,201.0,2.0,1.0,3.0,Hibernating
13340,United Kingdom,2010-02-22 14:54:00,2011-10-25 13:15:00,12.0,22100.56,45.0,3.0,4.0,4.0,Champions
13341,United Kingdom,2011-03-24 09:50:00,2011-03-24 09:50:00,1.0,775.85,261.0,2.0,1.0,2.0,Hibernating
13343,United Kingdom,2011-06-15 12:24:00,2011-06-15 12:24:00,1.0,303.43,178.0,2.0,1.0,1.0,Hibernating
13344,United Kingdom,2011-03-07 10:28:00,2011-10-03 09:45:00,3.0,2511.69,68.0,3.0,2.0,4.0,Recent / Promising
13345,United Kingdom,2011-02-25 09:01:00,2011-02-25 09:01:00,1.0,339.5,288.0,2.0,1.0,2.0,Hibernating
13346,United Kingdom,2010-04-22 12:34:00,2010-09-03 11:41:00,6.0,299.4,463.0,1.0,3.0,1.0,Loyal
13347,United Kingdom,2011-09-30 13:28:00,2011-09-30 13:28:00,1.0,291.36,70.0,3.0,1.0,1.0,Recent / Promising
13348,United Kingdom,2011-10-06 17:28:00,2011-10-06 17:28:00,1.0,233.76,64.0,3.0,1.0,1.0,Recent / Promising
13349,United Kingdom,2011-11-29 08:07:00,2011-11-29 08:07:00,1.0,197.32,11.0,4.0,1.0,1.0,Recent / Promising
13350,United Kingdom,2011-09-21 13:33:00,2011-11-23 16:33:00,2.0,879.12,16.0,4.0,2.0,3.0,Recent / Promising
13351,United Kingdom,2011-10-04 12:55:00,2011-10-04 12:55:00,1.0,323.94,66.0,3.0,1.0,1.0,Recent / Promising
13352,United Kingdom,2011-10-10 13:55:00,2011-10-10 13:55:00,1.0,347.98,60.0,3.0,1.0,2.0,Recent / Promising
13354,United Kingdom,2011-09-29 13:17:00,2011-09-29 13:17:00,1.0,743.53,71.0,3.0,1.0,2.0,Recent / Promising
13355,United Kingdom,2011-08-09 14:48:00,2011-08-09 14:48:00,1.0,674.7,122.0,2.0,1.0,2.0,Hibernating
13356,United Kingdom,2011-09-20 14:33:00,2011-09-20 14:33:00,1.0,768.24,80.0,3.0,1.0,2.0,Recent / Promising
13357,United Kingdom,2010-03-22 14:30:00,2011-03-27 13:56:00,5.0,3795.01,257.0,2.0,3.0,4.0,Loyal
13358,United Kingdom,2011-03-16 11:52:00,2011-03-16 11:52:00,1.0,389.03,269.0,2.0,1.0,2.0,Hibernating
13359,United Kingdom,2010-11-01 15:05:00,2011-10-07 09:30:00,2.0,943.31,64.0,3.0,2.0,3.0,Recent / Promising
13360,United Kingdom,2010-01-08 11:16:00,2010-10-04 12:37:00,4.0,1503.65,432.0,1.0,3.0,3.0,Loyal
13361,United Kingdom,2010-04-01 07:49:00,2010-08-24 14:56:00,2.0,1450.5,472.0,1.0,2.0,3.0,At Risk
13362,United Kingdom,2010-10-10 15:27:00,2011-11-30 14:41:00,7.0,5394.07,9.0,4.0,3.0,4.0,Champions
13363,United Kingdom,2010-10-26 11:07:00,2011-11-22 12:40:00,3.0,1623.86,18.0,4.0,2.0,3.0,Recent / Promising
13364,United Kingdom,2011-09-29 18:13:00,2011-09-29 18:13:00,1.0,134.96,71.0,3.0,1.0,1.0,Recent / Promising
13365,United Kingdom,2011-05-06 12:00:00,2011-11-06 12:36:00,2.0,2225.37,34.0,3.0,2.0,3.0,Recent / Promising
13366,United Kingdom,2011-10-20 13:37:00,2011-10-20 13:37:00,1.0,56.16,50.0,3.0,1.0,1.0,Recent / Promising
13367,United Kingdom,2010-10-04 10:00:00,2010-10-04 10:00:00,1.0,460.2,432.0,1.0,1.0,2.0,Hibernating
13368,United Kingdom,2010-10-12 10:43:00,2011-03-28 09:59:00,4.0,1021.5,257.0,2.0,3.0,3.0,Loyal
13369,United Kingdom,2010-12-09 11:30:00,2010-12-09 11:30:00,1.0,258.28,366.0,2.0,1.0,1.0,Hibernating
13370,United Kingdom,2010-12-03 10:26:00,2010-12-03 10:26:00,1.0,754.87,372.0,2.0,1.0,2.0,Hibernating
13371,United Kingdom,2010-03-17 15:29:00,2010-07-22 17:33:00,2.0,2297.66,505.0,1.0,2.0,4.0,At Risk
13372,United Kingdom,2011-09-11 12:46:00,2011-09-11 12:46:00,1.0,328.64,90.0,3.0,1.0,1.0,Recent / Promising
13373,United Kingdom,2009-12-06 12:34:00,2011-10-10 10:51:00,6.0,7587.19,61.0,3.0,3.0,4.0,Champions
13374,United Kingdom,2010-09-16 10:29:00,2010-10-21 10:04:00,2.0,372.8,415.0,1.0,2.0,2.0,At Risk
13375,United Kingdom,2010-09-21 08:12:00,2011-09-12 10:19:00,2.0,1792.23,89.0,3.0,2.0,3.0,Recent / Promising
13376,United Kingdom,2011-04-19 13:03:00,2011-09-01 16:16:00,3.0,869.76,99.0,2.0,2.0,3.0,Hibernating
13377,United Kingdom,2010-03-04 10:06:00,2010-11-08 12:20:00,2.0,1452.88,397.0,1.0,2.0,3.0,At Risk
13379,United Kingdom,2011-07-26 12:26:00,2011-11-13 13:45:00,3.0,572.56,26.0,3.0,2.0,2.0,Recent / Promising
13380,United Kingdom,2010-10-03 10:18:00,2010-10-03 10:18:00,1.0,62.4,433.0,1.0,1.0,1.0,Hibernating
13381,United Kingdom,2009-12-01 15:19:00,2011-11-08 11:58:00,12.0,8224.37,32.0,3.0,4.0,4.0,Champions
13382,United Kingdom,2009-12-08 09:56:00,2011-03-04 10:03:00,5.0,1387.58,281.0,2.0,3.0,3.0,Loyal
13383,United Kingdom,2010-06-14 11:45:00,2010-06-14 11:45:00,1.0,305.28,544.0,1.0,1.0,1.0,Hibernating
13384,United Kingdom,2010-07-27 12:22:00,2011-11-09 11:04:00,11.0,6680.83,31.0,3.0,4.0,4.0,Champions
13385,United Kingdom,2011-01-14 09:52:00,2011-01-14 09:52:00,1.0,534.57,330.0,2.0,1.0,2.0,Hibernating
13386,United Kingdom,2010-09-28 13:09:00,2010-10-21 12:52:00,2.0,835.46,414.0,1.0,2.0,2.0,At Risk
13387,United Kingdom,2010-10-18 14:07:00,2010-10-18 14:07:00,1.0,181.84,417.0,1.0,1.0,1.0,Hibernating
13388,United Kingdom,2010-04-15 10:18:00,2011-07-31 12:52:00,3.0,1185.65,131.0,2.0,2.0,3.0,Hibernating
13389,United Kingdom,2011-04-21 12:12:00,2011-11-28 14:01:00,3.0,797.96,11.0,4.0,2.0,2.0,Recent / Promising
13390,United Kingdom,2011-09-26 08:38:00,2011-09-26 08:38:00,1.0,544.08,75.0,3.0,1.0,2.0,Recent / Promising
13391,United Kingdom,2011-05-20 10:50:00,2011-05-20 10:50:00,1.0,59.8,204.0,2.0,1.0,1.0,Hibernating
13392,United Kingdom,2010-01-31 13:34:00,2010-01-31 13:34:00,1.0,91.14,677.0,1.0,1.0,1.0,Hibernating
13393,United Kingdom,2009-12-07 18:12:00,2010-05-05 09:34:00,4.0,1131.45,584.0,1.0,3.0,3.0,Loyal
13394,United Kingdom,2009-12-01 11:58:00,2011-12-08 11:36:00,19.0,6621.7,2.0,4.0,4.0,4.0,Champions
13395,United Kingdom,2010-10-14 13:00:00,2011-06-07 15:04:00,3.0,1180.23,185.0,2.0,2.0,3.0,Hibernating
13396,United Kingdom,2011-01-24 13:37:00,2011-11-10 16:59:00,2.0,1360.99,29.0,3.0,2.0,3.0,Recent / Promising
13397,United Kingdom,2010-01-20 09:50:00,2011-09-28 10:56:00,10.0,3191.87,73.0,3.0,4.0,4.0,Champions
13398,United Kingdom,2010-09-17 09:34:00,2011-05-31 13:17:00,2.0,670.34,192.0,2.0,2.0,2.0,Hibernating
13399,United Kingdom,2010-07-08 17:47:00,2010-09-01 13:59:00,3.0,275.4,464.0,1.0,2.0,1.0,At Risk
13400,United Kingdom,2010-05-06 09:00:00,2010-05-06 09:00:00,1.0,310.83,583.0,1.0,1.0,1.0,Hibernating
13402,United Kingdom,2010-05-24 10:56:00,2011-08-04 15:51:00,4.0,1226.85,127.0,2.0,3.0,3.0,Loyal
13403,United Kingdom,2009-12-16 13:23:00,2011-11-22 08:28:00,3.0,229.5,18.0,4.0,2.0,1.0,Recent / Promising
13404,United Kingdom,2011-05-11 11:57:00,2011-12-08 15:37:00,2.0,252.49,1.0,4.0,2.0,1.0,Recent / Promising
13405,United Kingdom,2009-12-15 14:13:00,2011-05-19 16:31:00,5.0,1198.81,204.0,2.0,3.0,3.0,Loyal
13406,United Kingdom,2010-03-18 07:29:00,2010-10-08 14:44:00,2.0,568.92,427.0,1.0,2.0,2.0,At Risk
13407,United Kingdom,2010-02-16 11:13:00,2010-05-10 12:41:00,3.0,2244.7,579.0,1.0,2.0,4.0,At Risk
13408,United Kingdom,2009-12-04 09:31:00,2011-12-08 09:05:00,106.0,50174.78,2.0,4.0,4.0,4.0,Champions
13410,United Kingdom,2009-12-08 13:43:00,2011-11-15 15:33:00,9.0,2201.96,24.0,4.0,4.0,3.0,Champions
13411,United Kingdom,2011-08-24 13:57:00,2011-08-24 13:57:00,1.0,213.55,107.0,2.0,1.0,1.0,Hibernating
13412,United Kingdom,2010-03-29 16:28:00,2010-03-29 16:28:00,1.0,487.35,620.0,1.0,1.0,2.0,Hibernating
13413,United Kingdom,2010-01-21 17:43:00,2010-03-10 12:17:00,6.0,429.44,640.0,1.0,3.0,2.0,Loyal
13414,United Kingdom,2010-04-15 17:00:00,2011-07-29 11:45:00,6.0,2494.14,134.0,2.0,3.0,4.0,Loyal
13415,United Kingdom,2009-12-11 14:20:00,2010-08-24 11:38:00,4.0,784.17,473.0,1.0,3.0,2.0,Loyal
13416,United Kingdom,2009-12-03 13:02:00,2011-10-27 08:56:00,3.0,940.8,44.0,3.0,2.0,3.0,Recent / Promising
13417,United Kingdom,2010-02-08 12:39:00,2011-12-05 08:49:00,6.0,1669.49,5.0,4.0,3.0,3.0,Champions
13418,United Kingdom,2009-12-11 12:51:00,2011-11-28 10:23:00,31.0,11559.66,12.0,4.0,4.0,4.0,Champions
13419,United Kingdom,2011-10-07 12:49:00,2011-10-07 12:49:00,1.0,221.06,64.0,3.0,1.0,1.0,Recent / Promising
13420,United Kingdom,2011-06-22 11:35:00,2011-07-13 08:48:00,2.0,159.85,150.0,2.0,2.0,1.0,Hibernating
13421,United Kingdom,2010-02-14 14:45:00,2011-10-30 14:21:00,8.0,4048.25,40.0,3.0,4.0,4.0,Champions
13422,United Kingdom,2011-10-06 13:42:00,2011-10-06 13:42:00,1.0,2626.3,64.0,3.0,1.0,4.0,Recent / Promising
13423,United Kingdom,2010-10-07 09:02:00,2010-10-07 09:02:00,1.0,217.03,429.0,1.0,1.0,1.0,Hibernating
13424,United Kingdom,2010-09-16 10:49:00,2010-09-16 10:49:00,1.0,572.77,450.0,1.0,1.0,2.0,Hibernating
13425,United Kingdom,2010-05-09 14:35:00,2011-08-23 17:13:00,5.0,3390.43,108.0,2.0,3.0,4.0,Loyal
13426,United Kingdom,2009-12-09 15:16:00,2011-12-09 08:59:00,22.0,8167.38,1.0,4.0,4.0,4.0,Champions
13427,United Kingdom,2009-12-17 13:44:00,2011-11-20 13:02:00,6.0,1006.53,19.0,4.0,3.0,3.0,Champions
13428,United Kingdom,2010-07-13 13:20:00,2011-11-29 14:20:00,3.0,478.54,10.0,4.0,2.0,2.0,Recent / Promising
13429,United Kingdom,2011-09-25 15:59:00,2011-11-29 09:10:00,4.0,1006.8,11.0,4.0,3.0,3.0,Champions
13430,United Kingdom,2011-09-14 14:26:00,2011-11-21 08:19:00,2.0,679.45,19.0,4.0,2.0,2.0,Recent / Promising
13431,United Kingdom,2010-02-18 11:53:00,2011-10-03 13:49:00,8.0,3316.24,67.0,3.0,4.0,4.0,Champions
13432,United Kingdom,2010-04-06 14:42:00,2010-05-17 13:18:00,2.0,436.55,571.0,1.0,2.0,2.0,At Risk
13433,United Kingdom,2010-01-12 08:59:00,2010-07-26 16:55:00,4.0,658.32,501.0,1.0,3.0,2.0,Loyal
13434,United Kingdom,2010-02-22 09:54:00,2011-09-26 14:30:00,5.0,1666.86,74.0,3.0,3.0,3.0,Champions
13435,United Kingdom,2010-07-27 16:56:00,2011-12-04 14:45:00,9.0,4447.33,5.0,4.0,4.0,4.0,Champions
13436,United Kingdom,2011-12-08 10:33:00,2011-12-08 10:33:00,1.0,196.89,2.0,4.0,1.0,1.0,Recent / Promising
13437,United Kingdom,2011-06-02 14:30:00,2011-11-25 14:00:00,7.0,3408.06,14.0,4.0,3.0,4.0,Champions
13438,United Kingdom,2010-06-10 18:46:00,2010-06-10 18:46:00,1.0,46.5,547.0,1.0,1.0,1.0,Hibernating
13439,United Kingdom,2010-07-01 14:36:00,2011-03-29 14:20:00,3.0,986.61,255.0,2.0,2.0,3.0,Hibernating
13440,United Kingdom,2010-09-14 10:34:00,2010-10-12 13:11:00,7.0,1295.25,423.0,1.0,3.0,3.0,Loyal
13441,United Kingdom,2010-10-04 10:38:00,2011-09-09 09:38:00,2.0,720.9,92.0,3.0,2.0,2.0,Recent / Promising
13442,United Kingdom,2009-12-01 14:59:00,2010-02-10 14:03:00,3.0,419.87,667.0,1.0,2.0,2.0,At Risk
13443,United Kingdom,2010-01-31 13:30:00,2010-09-17 12:31:00,6.0,1269.37,449.0,1.0,3.0,3.0,Loyal
13444,United Kingdom,2010-07-21 14:34:00,2010-11-30 13:02:00,2.0,619.08,374.0,2.0,2.0,2.0,Hibernating
13445,United Kingdom,2010-03-23 15:34:00,2010-03-23 15:34:00,1.0,241.9,626.0,1.0,1.0,1.0,Hibernating
13446,United Kingdom,2010-02-14 11:52:00,2010-10-05 18:51:00,11.0,3881.89,430.0,1.0,4.0,4.0,Loyal
13447,United Kingdom,2011-11-04 10:10:00,2011-11-16 13:38:00,3.0,1129.14,23.0,4.0,2.0,3.0,Recent / Promising
13448,United Kingdom,2009-12-06 12:14:00,2011-11-23 12:33:00,12.0,8386.22,17.0,4.0,4.0,4.0,Champions
13449,United Kingdom,2011-11-16 08:28:00,2011-11-16 08:28:00,1.0,291.88,24.0,4.0,1.0,1.0,Recent / Promising
13450,United Kingdom,2010-04-15 19:15:00,2011-11-13 11:54:00,13.0,4120.04,27.0,3.0,4.0,4.0,Champions
13451,United Kingdom,2010-03-21 16:13:00,2011-11-13 15:58:00,11.0,7088.92,26.0,3.0,4.0,4.0,Champions
13452,United Kingdom,2010-08-24 09:53:00,2011-03-25 14:19:00,3.0,729.8,259.0,2.0,2.0,2.0,Hibernating
13453,United Kingdom,2010-11-02 13:23:00,2011-06-27 09:34:00,3.0,781.69,166.0,2.0,2.0,2.0,Hibernating
13454,United Kingdom,2010-03-08 14:40:00,2010-03-08 14:40:00,1.0,219.87,641.0,1.0,1.0,1.0,Hibernating
13455,United Kingdom,2009-12-09 08:58:00,2011-11-15 11:21:00,6.0,2212.99,25.0,4.0,3.0,3.0,Champions
13456,United Kingdom,2011-05-16 15:34:00,2011-11-22 09:18:00,6.0,1766.72,18.0,4.0,3.0,3.0,Champions
13457,United Kingdom,2009-12-02 12:46:00,2010-01-20 08:48:00,2.0,148.22,689.0,1.0,2.0,1.0,At Risk
13458,United Kingdom,2010-11-16 14:01:00,2011-12-02 15:29:00,16.0,11959.27,7.0,4.0,4.0,4.0,Champions
13459,United Kingdom,2010-01-26 13:35:00,2010-03-25 10:24:00,2.0,1160.41,625.0,1.0,2.0,3.0,At Risk
13460,United Kingdom,2011-10-21 09:50:00,2011-11-10 17:17:00,2.0,183.44,29.0,3.0,2.0,1.0,Recent / Promising
13461,United Kingdom,2010-04-21 16:01:00,2011-11-01 09:01:00,6.0,4160.0,39.0,3.0,3.0,4.0,Champions
13462,United Kingdom,2009-12-14 09:48:00,2011-04-01 11:20:00,5.0,1153.85,253.0,2.0,3.0,3.0,Loyal
13464,United Kingdom,2010-03-31 15:22:00,2011-10-12 15:01:00,6.0,3097.64,58.0,3.0,3.0,4.0,Champions
13465,United Kingdom,2010-05-02 15:30:00,2010-09-19 15:13:00,2.0,931.12,446.0,1.0,2.0,3.0,At Risk
13466,United Kingdom,2010-03-21 13:50:00,2011-06-08 16:39:00,5.0,1013.35,184.0,2.0,3.0,3.0,Loyal
13467,United Kingdom,2011-11-03 16:56:00,2011-11-29 10:01:00,2.0,1071.91,11.0,4.0,2.0,3.0,Recent / Promising
13468,United Kingdom,2009-12-03 13:32:00,2011-12-08 10:39:00,72.0,12793.28,2.0,4.0,4.0,4.0,Champions
13469,United Kingdom,2010-02-24 15:03:00,2010-02-24 15:03:00,1.0,82.4,653.0,1.0,1.0,1.0,Hibernating
13470,United Kingdom,2011-08-16 17:06:00,2011-09-01 14:57:00,2.0,165.0,99.0,2.0,2.0,1.0,Hibernating
13471,United Kingdom,2011-10-23 13:10:00,2011-12-08 15:44:00,4.0,2501.84,1.0,4.0,3.0,4.0,Champions
13472,United Kingdom,2010-06-02 09:48:00,2010-09-02 09:41:00,2.0,592.24,464.0,1.0,2.0,2.0,At Risk
13473,United Kingdom,2009-12-15 19:02:00,2011-10-10 11:20:00,8.0,2657.76,61.0,3.0,4.0,4.0,Champions
13474,United Kingdom,2010-08-01 14:40:00,2011-04-17 13:53:00,3.0,646.59,236.0,2.0,2.0,2.0,Hibernating
13475,United Kingdom,2011-02-14 12:36:00,2011-06-01 13:52:00,4.0,1431.78,191.0,2.0,3.0,3.0,Loyal
13476,United Kingdom,2010-03-05 09:39:00,2011-06-14 12:00:00,5.0,2061.47,179.0,2.0,3.0,3.0,Loyal
13477,United Kingdom,2010-01-25 11:52:00,2011-11-02 12:04:00,11.0,2819.17,38.0,3.0,4.0,4.0,Champions
13478,United Kingdom,2010-01-31 15:51:00,2010-08-27 13:23:00,5.0,2215.78,469.0,1.0,3.0,3.0,Loyal
13479,United Kingdom,2010-08-19 16:18:00,2011-05-23 10:45:00,4.0,851.37,201.0,2.0,3.0,2.0,Loyal
13480,United Kingdom,2010-01-29 12:35:00,2010-10-19 11:53:00,2.0,627.82,417.0,1.0,2.0,2.0,At Risk
13481,United Kingdom,2009-12-04 12:37:00,2011-10-25 09:07:00,11.0,3830.84,46.0,3.0,4.0,4.0,Champions
13482,United Kingdom,2010-03-22 10:31:00,2011-04-21 17:03:00,2.0,336.09,232.0,2.0,2.0,1.0,Hibernating
13483,United Kingdom,2011-10-05 11:53:00,2011-10-05 11:53:00,1.0,140.34,66.0,3.0,1.0,1.0,Recent / Promising
13484,United Kingdom,2010-03-10 11:46:00,2011-04-12 16:30:00,3.0,790.72,241.0,2.0,2.0,2.0,Hibernating
13485,United Kingdom,2009-12-03 13:46:00,2011-04-20 13:58:00,11.0,3015.22,233.0,2.0,4.0,4.0,Loyal
13486,United Kingdom,2011-07-07 17:19:00,2011-09-22 13:13:00,3.0,1122.41,78.0,3.0,2.0,3.0,Recent / Promising
13487,United Kingdom,2009-12-05 10:25:00,2011-10-13 12:07:00,5.0,846.87,58.0,3.0,3.0,2.0,Loyal
13488,United Kingdom,2010-01-25 10:13:00,2011-11-22 14:41:00,23.0,14205.96,17.0,4.0,4.0,4.0,Champions
13489,United Kingdom,2011-02-18 10:42:00,2011-08-26 13:16:00,4.0,449.52,105.0,2.0,3.0,2.0,Loyal
13490,United Kingdom,2010-02-23 14:48:00,2010-02-23 14:48:00,1.0,154.25,654.0,1.0,1.0,1.0,Hibernating
13491,United Kingdom,2009-12-07 08:24:00,2011-10-19 08:32:00,27.0,4467.66,52.0,3.0,4.0,4.0,Champions
13492,Switzerland,2011-05-09 10:06:00,2011-07-26 14:25:00,3.0,1269.84,136.0,2.0,2.0,3.0,Hibernating
13493,Switzerland,2011-02-25 16:42:00,2011-03-09 15:35:00,2.0,498.63,275.0,2.0,2.0,2.0,Hibernating
13494,United Kingdom,2011-02-01 11:58:00,2011-02-01 11:58:00,1.0,316.26,312.0,2.0,1.0,1.0,Hibernating
13495,United Kingdom,2009-12-07 12:12:00,2011-12-02 11:21:00,10.0,4863.31,8.0,4.0,4.0,4.0,Champions
13496,United Kingdom,2010-12-15 10:17:00,2011-11-29 10:58:00,2.0,653.33,11.0,4.0,2.0,2.0,Recent / Promising
13497,United Kingdom,2010-02-08 10:27:00,2011-03-02 09:04:00,6.0,1166.83,283.0,2.0,3.0,3.0,Loyal
13498,United Kingdom,2009-12-09 15:26:00,2009-12-09 15:26:00,1.0,327.38,730.0,1.0,1.0,1.0,Hibernating
13499,United Kingdom,2011-03-15 08:52:00,2011-11-22 11:21:00,5.0,1159.11,18.0,4.0,3.0,3.0,Champions
13500,United Kingdom,2010-11-03 13:16:00,2011-11-16 15:35:00,4.0,1466.3,23.0,4.0,3.0,3.0,Champions
13501,Switzerland,2010-05-18 13:24:00,2011-02-24 18:59:00,3.0,2885.11,288.0,2.0,2.0,4.0,Hibernating
13502,United Kingdom,2010-06-09 10:52:00,2011-11-23 10:39:00,5.0,780.5,17.0,4.0,3.0,2.0,Loyal
13503,United Kingdom,2010-02-16 13:49:00,2011-09-29 13:23:00,5.0,1778.04,71.0,3.0,3.0,3.0,Champions
13504,United Kingdom,2011-10-06 13:20:00,2011-10-06 13:20:00,1.0,295.93,64.0,3.0,1.0,1.0,Recent / Promising
13505,Switzerland,2011-04-21 12:07:00,2011-09-28 11:56:00,4.0,3633.63,73.0,3.0,3.0,4.0,Champions
13506,United Kingdom,2010-09-05 12:33:00,2011-01-27 13:53:00,5.0,1338.08,316.0,2.0,3.0,3.0,Loyal
13507,United Kingdom,2011-07-17 11:50:00,2011-12-06 13:13:00,4.0,2479.16,3.0,4.0,3.0,4.0,Champions
13508,United Kingdom,2010-03-07 11:58:00,2011-04-10 11:58:00,2.0,287.05,244.0,2.0,2.0,1.0,Hibernating
13509,United Kingdom,2010-07-20 12:10:00,2011-12-01 10:10:00,7.0,1099.72,9.0,4.0,3.0,3.0,Champions
13510,United Kingdom,2009-12-21 11:53:00,2011-12-08 13:46:00,11.0,4558.29,1.0,4.0,4.0,4.0,Champions
13511,United Kingdom,2010-02-01 12:10:00,2010-02-01 12:10:00,1.0,282.76,677.0,1.0,1.0,1.0,Hibernating
13512,United Kingdom,2010-05-05 13:22:00,2011-03-24 10:03:00,4.0,713.39,261.0,2.0,3.0,2.0,Loyal
13513,United Kingdom,2010-02-22 16:36:00,2011-08-05 11:50:00,3.0,824.59,127.0,2.0,2.0,2.0,Hibernating
13514,United Kingdom,2010-01-26 15:11:00,2011-09-27 09:39:00,4.0,815.9,74.0,3.0,3.0,2.0,Loyal
13515,United Kingdom,2010-03-05 11:58:00,2011-09-28 11:26:00,6.0,1265.82,73.0,3.0,3.0,3.0,Champions
13516,United Kingdom,2010-10-18 08:52:00,2011-11-18 13:15:00,4.0,1685.26,21.0,4.0,3.0,3.0,Champions
13517,United Kingdom,2011-06-13 08:44:00,2011-10-11 11:43:00,3.0,2128.42,60.0,3.0,2.0,3.0,Recent / Promising
13518,United Kingdom,2011-09-15 10:29:00,2011-09-15 10:29:00,1.0,627.16,86.0,3.0,1.0,2.0,Recent / Promising
13519,United Kingdom,2010-09-23 11:45:00,2011-09-22 18:24:00,2.0,343.21,78.0,3.0,2.0,2.0,Recent / Promising
13520,Switzerland,2009-12-17 11:11:00,2011-10-12 10:20:00,11.0,5446.0,59.0,3.0,4.0,4.0,Champions
13521,United Kingdom,2011-11-29 15:09:00,2011-12-08 13:50:00,3.0,1070.47,1.0,4.0,2.0,3.0,Recent / Promising
13522,United Kingdom,2011-11-09 15:11:00,2011-11-09 15:11:00,1.0,125.8,30.0,3.0,1.0,1.0,Recent / Promising
13523,United Kingdom,2010-11-02 14:55:00,2011-11-06 15:11:00,6.0,4534.57,33.0,3.0,3.0,4.0,Champions
13524,United Kingdom,2011-05-04 12:26:00,2011-10-30 12:34:00,5.0,680.18,41.0,3.0,3.0,2.0,Loyal
13525,United Kingdom,2011-04-05 15:36:00,2011-11-25 12:01:00,2.0,628.78,15.0,4.0,2.0,2.0,Recent / Promising
13526,United Kingdom,2009-12-01 12:56:00,2009-12-01 13:13:00,2.0,1182.0,738.0,1.0,2.0,3.0,At Risk
13527,United Kingdom,2010-01-21 12:37:00,2011-11-06 12:04:00,12.0,4541.29,34.0,3.0,4.0,4.0,Champions
13529,United Kingdom,2011-05-19 11:50:00,2011-09-22 09:15:00,2.0,307.76,79.0,3.0,2.0,1.0,Recent / Promising
13530,United Kingdom,2010-03-15 14:10:00,2010-03-15 14:10:00,1.0,402.98,634.0,1.0,1.0,2.0,Hibernating
13531,United Kingdom,2009-12-03 15:20:00,2011-05-18 16:56:00,6.0,1433.07,205.0,2.0,3.0,3.0,Loyal
13532,United Kingdom,2011-11-06 12:25:00,2011-11-06 12:25:00,1.0,210.31,34.0,3.0,1.0,1.0,Recent / Promising
13533,United Kingdom,2011-03-17 12:47:00,2011-06-10 11:54:00,3.0,269.09,183.0,2.0,2.0,1.0,Hibernating
13534,United Kingdom,2010-07-07 15:00:00,2011-12-07 14:52:00,35.0,7720.9,2.0,4.0,4.0,4.0,Champions
13535,United Kingdom,2010-11-02 11:49:00,2010-11-02 11:49:00,1.0,89.5,403.0,1.0,1.0,1.0,Hibernating
13536,United Kingdom,2011-09-25 13:30:00,2011-12-08 16:38:00,7.0,3444.39,1.0,4.0,3.0,4.0,Champions
13537,United Kingdom,2010-09-14 10:41:00,2010-10-10 12:45:00,2.0,717.85,426.0,1.0,2.0,2.0,At Risk
13538,United Kingdom,2010-02-02 12:47:00,2011-10-27 16:34:00,12.0,3103.13,43.0,3.0,4.0,4.0,Champions
13539,United Kingdom,2010-04-28 12:04:00,2011-09-15 10:18:00,7.0,1569.36,86.0,3.0,3.0,3.0,Champions
13540,United Kingdom,2010-02-22 09:22:00,2010-08-29 14:20:00,3.0,632.39,467.0,1.0,2.0,2.0,At Risk
13541,United Kingdom,2010-05-18 16:15:00,2010-10-08 16:37:00,2.0,785.25,427.0,1.0,2.0,2.0,At Risk
13542,United Kingdom,2009-12-10 19:53:00,2010-11-28 11:24:00,17.0,3959.49,377.0,2.0,4.0,4.0,Loyal
13543,United Kingdom,2010-01-21 14:30:00,2010-03-15 13:34:00,2.0,1439.61,634.0,1.0,2.0,3.0,At Risk
13544,United Kingdom,2010-03-05 11:31:00,2011-10-31 11:57:00,6.0,790.2,40.0,3.0,3.0,2.0,Loyal
13545,United Kingdom,2010-06-13 11:49:00,2010-11-14 11:27:00,2.0,364.93,391.0,1.0,2.0,2.0,At Risk
13546,United Kingdom,2010-10-11 17:23:00,2011-11-27 14:50:00,5.0,1086.24,12.0,4.0,3.0,3.0,Champions
13547,United Kingdom,2010-10-27 14:14:00,2010-10-27 14:14:00,1.0,164.53,408.0,1.0,1.0,1.0,Hibernating
13548,United Kingdom,2010-08-25 13:44:00,2011-09-04 14:50:00,3.0,901.44,96.0,2.0,2.0,3.0,Hibernating
13549,United Kingdom,2010-11-17 12:17:00,2011-11-14 09:20:00,8.0,1005.8,26.0,3.0,4.0,3.0,Champions
13550,United Kingdom,2010-11-21 15:24:00,2010-11-21 15:24:00,1.0,342.55,383.0,1.0,1.0,2.0,Hibernating
13551,United Kingdom,2010-02-11 15:01:00,2011-01-24 14:46:00,2.0,244.2,319.0,2.0,2.0,1.0,Hibernating
13552,United Kingdom,2010-02-19 13:28:00,2011-10-04 15:19:00,22.0,6948.92,66.0,3.0,4.0,4.0,Champions
13553,United Kingdom,2010-02-03 12:21:00,2010-02-03 12:21:00,1.0,499.6,675.0,1.0,1.0,2.0,Hibernating
13554,United Kingdom,2010-09-19 12:39:00,2010-11-24 15:05:00,7.0,1629.35,380.0,1.0,3.0,3.0,Loyal
13555,United Kingdom,2010-01-19 13:20:00,2011-09-27 12:36:00,13.0,8891.84,74.0,3.0,4.0,4.0,Champions
13556,United Kingdom,2010-09-30 09:01:00,2010-10-06 16:44:00,2.0,200.82,429.0,1.0,2.0,1.0,At Risk
13557,United Kingdom,2009-12-08 17:41:00,2011-11-11 15:24:00,13.0,3032.26,28.0,3.0,4.0,4.0,Champions
13558,United Kingdom,2011-10-02 13:01:00,2011-12-04 11:24:00,4.0,594.52,6.0,4.0,3.0,2.0,Loyal
13559,United Kingdom,2010-06-14 11:52:00,2010-07-15 09:52:00,2.0,990.0,513.0,1.0,2.0,3.0,At Risk
13560,United Kingdom,2011-12-02 13:11:00,2011-12-02 13:11:00,1.0,171.42,7.0,4.0,1.0,1.0,Recent / Promising
13561,United Kingdom,2010-02-28 13:42:00,2011-05-08 12:39:00,11.0,1803.4,216.0,2.0,4.0,3.0,Loyal
13562,United Kingdom,2010-01-14 16:33:00,2011-09-19 10:51:00,8.0,4838.18,82.0,3.0,4.0,4.0,Champions
13563,United Kingdom,2011-07-22 17:21:00,2011-09-16 14:45:00,2.0,777.53,84.0,3.0,2.0,2.0,Recent / Promising
13564,United Kingdom,2009-12-02 11:55:00,2010-12-20 16:50:00,36.0,15880.22,354.0,2.0,4.0,4.0,Loyal
13565,United Kingdom,2010-10-24 15:51:00,2011-11-20 14:33:00,3.0,414.8,19.0,4.0,2.0,2.0,Recent / Promising
13566,United Kingdom,2010-03-10 12:22:00,2011-10-30 11:59:00,5.0,1684.75,41.0,3.0,3.0,3.0,Champions
13567,United Kingdom,2010-06-16 12:48:00,2010-10-07 12:51:00,4.0,1079.29,428.0,1.0,3.0,3.0,Loyal
13568,United Kingdom,2011-06-19 14:42:00,2011-06-19 14:42:00,1.0,187.05,173.0,2.0,1.0,1.0,Hibernating
13569,United Kingdom,2010-10-07 13:05:00,2011-11-22 13:07:00,4.0,725.04,17.0,4.0,3.0,2.0,Loyal
13570,United Kingdom,2011-04-10 13:36:00,2011-04-10 13:36:00,1.0,239.49,243.0,2.0,1.0,1.0,Hibernating
13571,United Kingdom,2009-12-08 13:02:00,2011-11-27 10:47:00,26.0,4537.26,13.0,4.0,4.0,4.0,Champions
13572,United Kingdom,2011-05-18 11:59:00,2011-05-18 11:59:00,1.0,1384.25,206.0,2.0,1.0,3.0,Hibernating
13573,United Kingdom,2010-03-12 16:06:00,2011-10-20 14:33:00,6.0,903.07,50.0,3.0,3.0,3.0,Champions
13574,United Kingdom,2010-10-24 13:28:00,2010-10-24 13:28:00,1.0,404.45,411.0,1.0,1.0,2.0,Hibernating
13575,United Kingdom,2011-06-16 14:24:00,2011-11-16 13:14:00,5.0,732.07,23.0,4.0,3.0,2.0,Loyal
13576,United Kingdom,2009-12-08 15:12:00,2011-11-29 15:34:00,28.0,11202.59,10.0,4.0,4.0,4.0,Champions
13577,United Kingdom,2009-12-14 16:10:00,2011-11-14 15:19:00,11.0,3484.28,25.0,4.0,4.0,4.0,Champions
13578,United Kingdom,2010-10-26 13:44:00,2010-10-26 13:44:00,1.0,147.66,409.0,1.0,1.0,1.0,Hibernating
13579,United Kingdom,2010-02-18 13:53:00,2011-11-25 08:41:00,5.0,1374.34,15.0,4.0,3.0,3.0,Champions
13580,United Kingdom,2010-10-29 15:01:00,2010-10-29 15:01:00,1.0,107.75,406.0,1.0,1.0,1.0,Hibernating
13581,United Kingdom,2010-10-21 16:30:00,2011-02-03 14:41:00,2.0,280.53,309.0,2.0,2.0,1.0,Hibernating
13582,United Kingdom,2010-04-01 11:38:00,2010-11-15 11:34:00,2.0,241.68,390.0,1.0,2.0,1.0,At Risk
13583,United Kingdom,2010-01-29 13:53:00,2011-07-07 10:40:00,2.0,1445.03,156.0,2.0,2.0,3.0,Hibernating
13584,United Kingdom,2010-02-02 08:40:00,2011-02-06 12:49:00,3.0,385.7,307.0,2.0,2.0,2.0,Hibernating
13585,United Kingdom,2009-12-01 14:56:00,2010-06-27 12:33:00,3.0,684.54,531.0,1.0,2.0,2.0,At Risk
13586,United Kingdom,2010-06-16 13:47:00,2010-06-16 13:47:00,1.0,127.28,541.0,1.0,1.0,1.0,Hibernating
13587,United Kingdom,2010-02-14 13:17:00,2011-10-07 12:31:00,4.0,1673.5,64.0,3.0,3.0,3.0,Champions
13588,United Kingdom,2011-03-29 15:53:00,2011-11-24 10:42:00,9.0,2478.95,16.0,4.0,4.0,4.0,Champions
13589,United Kingdom,2009-12-06 10:26:00,2011-11-25 12:10:00,6.0,1120.74,15.0,4.0,3.0,3.0,Champions
13590,United Kingdom,2009-12-01 13:37:00,2011-11-28 12:54:00,18.0,6336.04,11.0,4.0,4.0,4.0,Champions
13591,United Kingdom,2009-12-14 15:44:00,2011-10-06 12:26:00,7.0,2093.94,65.0,3.0,3.0,3.0,Champions
13592,United Kingdom,2011-03-20 14:01:00,2011-11-04 09:49:00,4.0,247.96,36.0,3.0,3.0,1.0,Loyal
13593,United Kingdom,2010-03-02 16:36:00,2011-08-23 13:35:00,14.0,5493.29,108.0,2.0,4.0,4.0,Loyal
13594,United Kingdom,2010-08-11 10:23:00,2011-10-18 10:19:00,2.0,533.32,53.0,3.0,2.0,2.0,Recent / Promising
13595,United Kingdom,2010-03-03 14:42:00,2010-07-11 12:36:00,3.0,784.48,517.0,1.0,2.0,2.0,At Risk
13596,United Kingdom,2011-11-27 11:57:00,2011-12-04 12:01:00,2.0,664.11,6.0,4.0,2.0,2.0,Recent / Promising
13597,United Kingdom,2010-11-02 09:30:00,2010-11-04 14:54:00,2.0,396.71,400.0,1.0,2.0,2.0,At Risk
13598,United Kingdom,2010-02-26 11:22:00,2011-10-23 14:28:00,5.0,761.96,47.0,3.0,3.0,2.0,Loyal
13599,United Kingdom,2009-12-01 12:30:00,2011-12-08 16:10:00,33.0,9811.04,1.0,4.0,4.0,4.0,Champions
13600,United Kingdom,2010-03-15 17:16:00,2011-01-31 15:27:00,2.0,518.42,312.0,2.0,2.0,2.0,Hibernating
13601,United Kingdom,2010-06-11 15:03:00,2011-10-25 17:31:00,4.0,1159.99,45.0,3.0,3.0,3.0,Champions
13602,United Kingdom,2010-05-28 11:49:00,2011-10-06 11:47:00,4.0,1025.17,65.0,3.0,3.0,3.0,Champions
13603,United Kingdom,2011-11-13 15:57:00,2011-11-13 15:57:00,1.0,164.34,26.0,3.0,1.0,1.0,Recent / Promising
13604,United Kingdom,2010-02-19 12:02:00,2010-02-19 12:02:00,1.0,717.62,659.0,1.0,1.0,2.0,Hibernating
13605,United Kingdom,2010-05-17 15:46:00,2010-11-17 17:16:00,2.0,522.67,387.0,1.0,2.0,2.0,At Risk
13606,United Kingdom,2011-02-01 11:42:00,2011-11-10 17:46:00,3.0,276.75,29.0,3.0,2.0,1.0,Recent / Promising
13607,United Kingdom,2010-11-02 11:48:00,2011-10-30 16:17:00,2.0,1075.81,40.0,3.0,2.0,3.0,Recent / Promising
13608,United Kingdom,2010-06-17 12:28:00,2010-06-17 12:28:00,1.0,232.05,541.0,1.0,1.0,1.0,Hibernating
13609,United Kingdom,2010-04-25 13:26:00,2010-04-25 13:26:00,1.0,167.35,593.0,1.0,1.0,1.0,Hibernating
13610,United Kingdom,2010-01-05 14:12:00,2011-11-27 15:38:00,14.0,2102.46,12.0,4.0,4.0,3.0,Champions
13611,United Kingdom,2009-12-03 07:57:00,2011-09-11 14:51:00,10.0,3297.93,89.0,3.0,4.0,4.0,Champions
13612,United Kingdom,2010-03-17 12:14:00,2010-03-17 12:14:00,1.0,818.29,633.0,1.0,1.0,2.0,Hibernating
13613,United Kingdom,2010-02-17 12:40:00,2010-09-13 12:01:00,5.0,1039.85,453.0,1.0,3.0,3.0,Loyal
13614,United Kingdom,2010-06-06 13:42:00,2011-11-15 14:47:00,6.0,2332.74,24.0,4.0,3.0,4.0,Champions
13615,United Kingdom,2010-01-28 15:43:00,2011-01-25 08:21:00,8.0,6272.53,319.0,2.0,4.0,4.0,Loyal
13616,United Kingdom,2010-01-17 14:56:00,2010-05-20 12:59:00,2.0,283.85,568.0,1.0,2.0,1.0,At Risk
13617,United Kingdom,2010-08-01 15:23:00,2011-10-30 13:50:00,8.0,1278.75,40.0,3.0,4.0,3.0,Champions
13618,United Kingdom,2011-06-19 11:09:00,2011-06-19 11:09:00,1.0,177.34,174.0,2.0,1.0,1.0,Hibernating
13619,United Kingdom,2010-02-03 14:16:00,2010-06-13 11:39:00,2.0,223.44,545.0,1.0,2.0,1.0,At Risk
13620,United Kingdom,2010-06-29 15:02:00,2010-06-29 15:02:00,1.0,112.34,528.0,1.0,1.0,1.0,Hibernating
13621,United Kingdom,2011-08-15 08:26:00,2011-08-15 08:26:00,1.0,213.85,117.0,2.0,1.0,1.0,Hibernating
13622,United Kingdom,2010-01-12 13:22:00,2010-01-12 13:22:00,1.0,658.95,696.0,1.0,1.0,2.0,Hibernating
13623,United Kingdom,2009-12-02 13:57:00,2011-11-09 12:00:00,10.0,2533.06,31.0,3.0,4.0,4.0,Champions
13624,United Kingdom,2010-11-16 13:43:00,2010-11-16 13:43:00,1.0,462.08,388.0,1.0,1.0,2.0,Hibernating
13625,United Kingdom,2010-04-22 10:50:00,2010-04-22 10:50:00,1.0,301.26,597.0,1.0,1.0,1.0,Hibernating
13626,United Kingdom,2010-11-25 16:12:00,2011-04-01 10:05:00,2.0,707.04,253.0,2.0,2.0,2.0,Hibernating
13627,United Kingdom,2010-03-09 14:03:00,2011-10-11 14:20:00,7.0,2245.9,59.0,3.0,3.0,4.0,Champions
13628,United Kingdom,2010-02-01 14:44:00,2010-02-01 14:44:00,1.0,310.14,676.0,1.0,1.0,1.0,Hibernating
13629,United Kingdom,2010-02-11 17:34:00,2011-11-16 13:21:00,19.0,13370.86,23.0,4.0,4.0,4.0,Champions
13630,United Kingdom,2011-02-27 12:49:00,2011-12-04 15:16:00,7.0,2031.78,5.0,4.0,3.0,3.0,Champions
13631,United Kingdom,2011-03-17 17:13:00,2011-09-01 09:57:00,11.0,3070.42,100.0,2.0,4.0,4.0,Loyal
13632,United Kingdom,2010-04-07 10:59:00,2011-11-15 10:51:00,8.0,3645.81,25.0,4.0,4.0,4.0,Champions
13634,United Kingdom,2010-01-10 14:26:00,2011-11-06 13:40:00,15.0,4988.08,33.0,3.0,4.0,4.0,Champions
13635,United Kingdom,2009-12-01 09:46:00,2011-10-03 10:55:00,4.0,2999.16,68.0,3.0,3.0,4.0,Champions
13636,United Kingdom,2011-02-27 14:29:00,2011-11-03 10:30:00,5.0,949.12,37.0,3.0,3.0,3.0,Champions
13637,United Kingdom,2011-04-27 13:06:00,2011-10-18 13:32:00,3.0,803.05,52.0,3.0,2.0,2.0,Recent / Promising
13638,United Kingdom,2011-11-24 10:38:00,2011-11-24 10:38:00,1.0,122.64,16.0,4.0,1.0,1.0,Recent / Promising
13639,United Kingdom,2010-09-29 10:05:00,2011-09-26 13:36:00,2.0,1346.27,74.0,3.0,2.0,3.0,Recent / Promising
13640,United Kingdom,2010-04-07 15:33:00,2010-04-07 15:33:00,1.0,405.0,611.0,1.0,1.0,2.0,Hibernating
13641,United Kingdom,2009-12-05 13:17:00,2010-03-09 07:37:00,4.0,942.37,641.0,1.0,3.0,3.0,Loyal
13642,United Kingdom,2010-10-03 12:23:00,2011-05-08 12:34:00,4.0,472.2,216.0,2.0,3.0,2.0,Loyal
13643,United Kingdom,2009-12-08 12:48:00,2011-11-08 15:37:00,10.0,2156.77,31.0,3.0,4.0,3.0,Champions
13644,United Kingdom,2011-08-26 11:53:00,2011-11-23 14:07:00,4.0,2624.26,16.0,4.0,3.0,4.0,Champions
13645,United Kingdom,2011-08-11 16:11:00,2011-08-11 16:11:00,1.0,252.1,120.0,2.0,1.0,1.0,Hibernating
13646,United Kingdom,2010-11-05 12:00:00,2010-11-05 12:13:00,2.0,326.25,400.0,1.0,2.0,1.0,At Risk
13647,United Kingdom,2010-04-15 12:55:00,2011-11-30 12:00:00,8.0,3041.68,10.0,4.0,4.0,4.0,Champions
13648,United Kingdom,2009-12-01 18:13:00,2010-11-04 14:46:00,8.0,1759.07,400.0,1.0,4.0,3.0,Loyal
13649,United Kingdom,2010-06-30 16:35:00,2011-03-28 11:51:00,6.0,1453.68,257.0,2.0,3.0,3.0,Loyal
13650,United Kingdom,2010-01-26 08:44:00,2011-11-23 12:22:00,10.0,3288.0,17.0,4.0,4.0,4.0,Champions
13651,United Kingdom,2010-11-23 09:44:00,2011-10-31 12:11:00,2.0,211.85,40.0,3.0,2.0,1.0,Recent / Promising
13652,United Kingdom,2010-02-25 17:37:00,2011-10-25 08:51:00,5.0,2262.05,46.0,3.0,3.0,4.0,Champions
13653,United Kingdom,2010-08-09 08:19:00,2010-08-09 08:19:00,1.0,152.2,488.0,1.0,1.0,1.0,Hibernating
13654,United Kingdom,2009-12-02 11:43:00,2011-10-27 16:24:00,11.0,6308.0,43.0,3.0,4.0,4.0,Champions
13655,United Kingdom,2010-04-27 09:59:00,2011-08-17 14:25:00,6.0,2280.51,114.0,2.0,3.0,4.0,Loyal
13656,United Kingdom,2010-04-23 12:50:00,2011-06-28 10:31:00,4.0,1078.85,165.0,2.0,3.0,3.0,Loyal
13657,United Kingdom,2011-05-22 12:35:00,2011-11-29 12:32:00,2.0,382.14,11.0,4.0,2.0,2.0,Recent / Promising
13658,United Kingdom,2010-02-05 13:17:00,2011-11-30 10:13:00,9.0,6025.5,10.0,4.0,4.0,4.0,Champions
13659,United Kingdom,2010-02-17 09:05:00,2011-05-18 12:37:00,12.0,4884.68,206.0,2.0,4.0,4.0,Loyal
13660,United Kingdom,2010-11-04 16:10:00,2010-11-04 16:10:00,1.0,306.64,400.0,1.0,1.0,1.0,Hibernating
13661,United Kingdom,2010-04-15 14:58:00,2010-04-15 14:58:00,1.0,325.24,603.0,1.0,1.0,1.0,Hibernating
13662,United Kingdom,2010-02-19 13:21:00,2011-09-15 12:04:00,11.0,2233.61,86.0,3.0,4.0,3.0,Champions
13663,United Kingdom,2010-03-03 10:11:00,2011-06-13 15:44:00,5.0,2047.51,179.0,2.0,3.0,3.0,Loyal
13665,United Kingdom,2010-07-23 13:29:00,2010-11-18 13:06:00,3.0,1711.66,386.0,1.0,2.0,3.0,At Risk
13666,United Kingdom,2009-12-04 10:48:00,2011-10-10 15:39:00,5.0,127.05,60.0,3.0,3.0,1.0,Loyal
13667,United Kingdom,2011-07-13 15:42:00,2011-07-13 15:42:00,1.0,299.05,149.0,2.0,1.0,1.0,Hibernating
13668,United Kingdom,2009-12-11 14:28:00,2011-12-07 12:11:00,35.0,12948.48,3.0,4.0,4.0,4.0,Champions
13669,United Kingdom,2010-10-28 15:05:00,2011-10-20 09:32:00,3.0,413.55,51.0,3.0,2.0,2.0,Recent / Promising
13670,United Kingdom,2011-09-25 15:25:00,2011-09-25 15:25:00,1.0,349.7,75.0,3.0,1.0,2.0,Recent / Promising
13671,United Kingdom,2010-11-10 10:50:00,2010-11-10 10:50:00,1.0,172.6,395.0,1.0,1.0,1.0,Hibernating
13672,United Kingdom,2009-12-09 11:40:00,2011-02-11 13:53:00,3.0,419.92,301.0,2.0,2.0,2.0,Hibernating
13673,United Kingdom,2011-11-07 15:40:00,2011-11-21 12:11:00,2.0,387.44,19.0,4.0,2.0,2.0,Recent / Promising
13674,United Kingdom,2010-10-03 10:41:00,2010-10-03 10:41:00,1.0,240.68,433.0,1.0,1.0,1.0,Hibernating
13675,United Kingdom,2011-02-28 12:14:00,2011-07-11 12:57:00,2.0,486.82,151.0,2.0,2.0,2.0,Hibernating
13676,United Kingdom,2010-03-30 16:53:00,2010-06-18 17:30:00,2.0,243.9,539.0,1.0,2.0,1.0,At Risk
13677,United Kingdom,2010-07-07 17:25:00,2010-10-31 11:32:00,2.0,551.24,405.0,1.0,2.0,2.0,At Risk
13678,United Kingdom,2011-07-11 10:14:00,2011-07-11 10:14:00,1.0,232.6,152.0,2.0,1.0,1.0,Hibernating
13679,United Kingdom,2009-12-04 16:52:00,2010-08-03 12:13:00,3.0,281.26,494.0,1.0,2.0,1.0,At Risk
13680,United Kingdom,2009-12-04 14:14:00,2011-12-08 13:47:00,12.0,11419.67,1.0,4.0,4.0,4.0,Champions
13681,United Kingdom,2011-07-07 15:21:00,2011-11-22 11:13:00,4.0,827.83,18.0,4.0,3.0,2.0,Loyal
13682,United Kingdom,2011-06-05 14:06:00,2011-06-05 14:06:00,1.0,59.5,187.0,2.0,1.0,1.0,Hibernating
13683,United Kingdom,2010-09-08 10:00:00,2010-09-08 10:00:00,1.0,258.6,458.0,1.0,1.0,1.0,Hibernating
13684,United Kingdom,2010-03-28 14:48:00,2011-02-27 10:13:00,4.0,594.88,286.0,2.0,3.0,2.0,Loyal
13685,United Kingdom,2011-10-10 12:59:00,2011-12-07 11:41:00,7.0,3119.44,3.0,4.0,3.0,4.0,Champions
13686,United Kingdom,2010-11-03 13:44:00,2011-06-10 09:10:00,3.0,409.04,183.0,2.0,2.0,2.0,Hibernating
13687,United Kingdom,2010-09-27 16:30:00,2010-09-27 16:30:00,1.0,11880.84,438.0,1.0,1.0,4.0,Hibernating
13688,United Kingdom,2010-03-14 14:11:00,2010-03-14 14:11:00,1.0,375.5,635.0,1.0,1.0,2.0,Hibernating
13689,United Kingdom,2010-09-21 10:27:00,2011-10-07 13:21:00,2.0,1259.5,63.0,3.0,2.0,3.0,Recent / Promising
13690,United Kingdom,2011-10-11 15:03:00,2011-10-11 15:03:00,1.0,172.25,59.0,3.0,1.0,1.0,Recent / Promising
13691,United Kingdom,2010-11-08 17:34:00,2010-11-08 17:34:00,1.0,210.78,396.0,1.0,1.0,1.0,Hibernating
13692,United Kingdom,2010-10-15 13:28:00,2011-11-15 11:17:00,5.0,3114.4,25.0,4.0,3.0,4.0,Champions
13693,United Kingdom,2009-12-07 11:29:00,2010-11-30 18:21:00,9.0,2011.82,374.0,2.0,4.0,3.0,Loyal
13694,United Kingdom,2009-12-04 15:26:00,2011-12-06 09:32:00,142.0,194656.69,4.0,4.0,4.0,4.0,Champions
13695,United Kingdom,2010-05-11 11:07:00,2011-11-08 14:26:00,16.0,2770.73,31.0,3.0,4.0,4.0,Champions
13696,United Kingdom,2010-02-11 14:17:00,2010-10-14 09:44:00,3.0,2020.4,422.0,1.0,2.0,3.0,At Risk
13697,United Kingdom,2011-11-01 09:14:00,2011-11-01 09:14:00,1.0,151.3,39.0,3.0,1.0,1.0,Recent / Promising
13698,United Kingdom,2010-01-27 09:02:00,2010-04-22 11:52:00,2.0,451.73,597.0,1.0,2.0,2.0,At Risk
13699,United Kingdom,2010-06-07 13:03:00,2011-07-07 16:51:00,2.0,764.15,155.0,2.0,2.0,2.0,Hibernating
13700,United Kingdom,2010-02-07 10:53:00,2011-11-13 13:00:00,13.0,2596.97,26.0,3.0,4.0,4.0,Champions
13701,United Kingdom,2010-09-19 12:39:00,2010-09-19 12:39:00,1.0,161.0,447.0,1.0,1.0,1.0,Hibernating
13702,United Kingdom,2010-09-20 11:40:00,2010-09-20 11:40:00,1.0,135.18,446.0,1.0,1.0,1.0,Hibernating
13703,United Kingdom,2010-10-20 13:11:00,2011-01-25 13:10:00,2.0,425.56,318.0,2.0,2.0,2.0,Hibernating
13704,United Kingdom,2011-09-12 14:40:00,2011-12-04 15:13:00,9.0,2308.06,5.0,4.0,4.0,4.0,Champions
13705,United Kingdom,2010-03-25 17:19:00,2011-12-02 12:32:00,7.0,1717.19,8.0,4.0,3.0,3.0,Champions
13706,United Kingdom,2010-03-23 09:18:00,2011-02-10 09:21:00,2.0,631.17,303.0,2.0,2.0,2.0,Hibernating
13707,United Kingdom,2010-06-21 11:57:00,2011-03-17 18:03:00,5.0,3365.86,267.0,2.0,3.0,4.0,Loyal
13708,United Kingdom,2011-03-13 13:46:00,2011-03-13 13:46:00,1.0,283.33,271.0,2.0,1.0,1.0,Hibernating
13709,United Kingdom,2010-01-11 10:40:00,2011-12-06 10:28:00,18.0,7571.35,4.0,4.0,4.0,4.0,Champions
13710,United Kingdom,2010-04-06 12:54:00,2011-11-08 08:16:00,3.0,509.52,32.0,3.0,2.0,2.0,Recent / Promising
13711,United Kingdom,2009-12-15 19:04:00,2011-05-05 10:31:00,9.0,1792.26,219.0,2.0,4.0,3.0,Loyal
13712,United Kingdom,2010-04-08 11:16:00,2011-04-07 12:33:00,2.0,766.42,247.0,2.0,2.0,2.0,Hibernating
13713,United Kingdom,2010-05-05 16:48:00,2010-10-27 16:18:00,3.0,740.76,408.0,1.0,2.0,2.0,At Risk
13714,United Kingdom,2010-08-31 13:57:00,2010-08-31 13:57:00,1.0,161.35,465.0,1.0,1.0,1.0,Hibernating
13715,United Kingdom,2010-03-11 15:33:00,2011-03-03 19:21:00,17.0,8153.04,281.0,2.0,4.0,4.0,Loyal
13716,United Kingdom,2011-03-15 13:49:00,2011-03-15 13:49:00,1.0,138.28,269.0,2.0,1.0,1.0,Hibernating
13717,United Kingdom,2010-08-11 09:40:00,2011-11-07 14:13:00,8.0,1763.3,32.0,3.0,4.0,3.0,Champions
13718,United Kingdom,2011-02-17 11:58:00,2011-04-07 13:24:00,2.0,306.55,246.0,2.0,2.0,1.0,Hibernating
13719,United Kingdom,2010-05-17 14:36:00,2011-11-24 15:26:00,11.0,2782.1,15.0,4.0,4.0,4.0,Champions
13720,United Kingdom,2011-03-30 09:17:00,2011-08-15 12:46:00,4.0,799.9,117.0,2.0,3.0,2.0,Loyal
13721,United Kingdom,2010-11-09 17:59:00,2011-11-03 14:05:00,2.0,741.54,36.0,3.0,2.0,2.0,Recent / Promising
13722,United Kingdom,2010-03-03 14:13:00,2011-07-31 12:44:00,10.0,5635.41,132.0,2.0,4.0,4.0,Loyal
13723,United Kingdom,2010-04-07 14:32:00,2011-05-06 17:04:00,6.0,1194.08,217.0,2.0,3.0,3.0,Loyal
13724,United Kingdom,2010-03-12 15:28:00,2010-03-12 15:28:00,1.0,213.01,637.0,1.0,1.0,1.0,Hibernating
13725,United Kingdom,2011-02-04 12:18:00,2011-10-21 10:03:00,8.0,1980.56,50.0,3.0,4.0,3.0,Champions
13726,United Kingdom,2011-08-31 11:06:00,2011-11-01 10:49:00,2.0,1079.66,39.0,3.0,2.0,3.0,Recent / Promising
13727,United Kingdom,2009-12-09 13:25:00,2011-11-11 09:46:00,8.0,1074.15,29.0,3.0,4.0,3.0,Champions
13728,United Kingdom,2009-12-09 17:13:00,2011-11-03 10:49:00,16.0,2855.17,37.0,3.0,4.0,4.0,Champions
13729,United Kingdom,2010-01-24 14:57:00,2010-09-30 10:44:00,3.0,724.73,436.0,1.0,2.0,2.0,At Risk
13730,United Kingdom,2011-07-01 12:47:00,2011-07-27 08:35:00,2.0,752.6,136.0,2.0,2.0,2.0,Hibernating
13731,United Kingdom,2011-04-07 10:10:00,2011-05-04 14:33:00,2.0,610.59,219.0,2.0,2.0,2.0,Hibernating
13732,United Kingdom,2011-11-11 15:49:00,2011-11-11 15:49:00,1.0,491.86,28.0,3.0,1.0,2.0,Recent / Promising
13733,United Kingdom,2009-12-04 15:28:00,2010-10-25 12:18:00,2.0,487.03,411.0,1.0,2.0,2.0,At Risk
13734,United Kingdom,2010-04-16 08:42:00,2010-07-19 12:04:00,4.0,6695.69,509.0,1.0,3.0,4.0,Loyal
13735,United Kingdom,2009-12-13 13:31:00,2011-11-15 11:14:00,13.0,9762.77,25.0,4.0,4.0,4.0,Champions
13736,United Kingdom,2009-12-06 12:07:00,2011-12-04 15:19:00,7.0,2752.47,5.0,4.0,3.0,4.0,Champions
13737,United Kingdom,2011-05-23 16:32:00,2011-05-23 16:32:00,1.0,339.6,200.0,2.0,1.0,2.0,Hibernating
13738,United Kingdom,2010-11-08 15:23:00,2010-11-08 15:23:00,1.0,434.78,396.0,1.0,1.0,2.0,Hibernating
13739,United Kingdom,2010-06-30 10:25:00,2011-11-21 13:35:00,2.0,292.2,18.0,4.0,2.0,1.0,Recent / Promising
13740,United Kingdom,2009-12-02 12:22:00,2011-04-13 10:32:00,5.0,1582.77,241.0,2.0,3.0,3.0,Loyal
13741,United Kingdom,2011-05-06 13:43:00,2011-09-29 09:19:00,3.0,668.43,72.0,3.0,2.0,2.0,Recent / Promising
13742,United Kingdom,2011-01-23 14:59:00,2011-11-23 11:07:00,12.0,3107.87,17.0,4.0,4.0,4.0,Champions
13743,United Kingdom,2011-03-25 14:46:00,2011-12-07 10:09:00,7.0,1341.6,3.0,4.0,4.0,3.0,Champions
13744,United Kingdom,2011-02-20 14:08:00,2011-09-05 15:19:00,2.0,1080.52,95.0,3.0,2.0,3.0,Recent / Promising
13745,United Kingdom,2010-06-11 17:19:00,2011-06-30 16:43:00,2.0,777.36,162.0,2.0,2.0,2.0,Hibernating
13746,United Kingdom,2010-10-22 11:55:00,2010-10-22 11:55:00,1.0,176.69,414.0,1.0,1.0,1.0,Hibernating
13747,United Kingdom,2010-10-11 09:15:00,2010-12-01 10:37:00,2.0,169.8,374.0,2.0,2.0,1.0,Hibernating
13748,United Kingdom,2009-12-01 16:44:00,2011-09-05 09:45:00,9.0,2064.35,96.0,2.0,4.0,3.0,Loyal
13750,United Kingdom,2010-04-01 14:49:00,2011-10-17 12:16:00,11.0,3602.18,54.0,3.0,4.0,4.0,Champions
13751,United Kingdom,2011-02-24 15:56:00,2011-02-24 15:56:00,1.0,296.25,288.0,2.0,1.0,1.0,Hibernating
13752,United Kingdom,2010-06-30 10:23:00,2011-08-07 14:16:00,7.0,1579.83,124.0,2.0,4.0,3.0,Loyal
13753,United Kingdom,2009-12-03 10:20:00,2011-02-25 12:48:00,4.0,2094.57,288.0,2.0,3.0,3.0,Loyal
13754,United Kingdom,2010-09-28 15:29:00,2011-07-11 11:51:00,3.0,447.05,152.0,2.0,2.0,2.0,Hibernating
13755,United Kingdom,2011-10-07 15:45:00,2011-12-06 12:26:00,9.0,2108.06,4.0,4.0,4.0,3.0,Champions
13756,United Kingdom,2009-12-15 15:18:00,2011-12-07 16:44:00,23.0,8655.95,2.0,4.0,4.0,4.0,Champions
13757,United Kingdom,2010-02-03 12:37:00,2010-02-03 12:37:00,1.0,195.55,675.0,1.0,1.0,1.0,Hibernating
13758,United Kingdom,2009-12-01 10:06:00,2011-11-28 11:11:00,14.0,8595.29,12.0,4.0,4.0,4.0,Champions
13759,United Kingdom,2011-09-29 15:40:00,2011-11-06 14:47:00,2.0,659.41,33.0,3.0,2.0,2.0,Recent / Promising
13760,United Kingdom,2010-04-25 13:10:00,2011-10-16 16:13:00,5.0,1363.64,54.0,3.0,3.0,3.0,Champions
13761,United Kingdom,2010-02-21 11:08:00,2011-10-20 14:01:00,6.0,1952.17,50.0,3.0,3.0,3.0,Champions
13762,United Kingdom,2010-01-10 12:13:00,2011-05-05 09:15:00,5.0,2472.48,219.0,2.0,3.0,4.0,Loyal
13763,United Kingdom,2010-09-30 17:39:00,2011-10-07 15:13:00,3.0,5217.44,63.0,3.0,2.0,4.0,Recent / Promising
13764,United Kingdom,2010-03-07 12:56:00,2011-09-30 12:03:00,6.0,2908.67,71.0,3.0,3.0,4.0,Champions
13765,United Kingdom,2010-02-24 13:46:00,2010-02-24 13:46:00,1.0,352.82,653.0,1.0,1.0,2.0,Hibernating
13766,United Kingdom,2010-08-01 14:25:00,2010-08-01 14:25:00,1.0,190.35,495.0,1.0,1.0,1.0,Hibernating
13767,United Kingdom,2009-12-01 10:52:00,2011-12-07 15:00:00,73.0,33903.57,2.0,4.0,4.0,4.0,Champions
13768,United Kingdom,2009-12-09 10:25:00,2009-12-13 10:41:00,2.0,875.97,727.0,1.0,2.0,3.0,At Risk
13769,United Kingdom,2009-12-16 11:59:00,2011-12-07 15:08:00,20.0,5478.12,2.0,4.0,4.0,4.0,Champions
13770,United Kingdom,2009-12-09 14:44:00,2010-10-13 15:10:00,4.0,785.37,422.0,1.0,3.0,2.0,Loyal
13771,United Kingdom,2010-02-25 12:37:00,2011-10-06 14:18:00,9.0,5728.82,64.0,3.0,4.0,4.0,Champions
13772,United Kingdom,2010-02-23 13:55:00,2011-11-06 11:43:00,8.0,3100.02,34.0,3.0,4.0,4.0,Champions
13773,United Kingdom,2010-02-18 10:27:00,2010-11-08 11:49:00,2.0,301.54,397.0,1.0,2.0,1.0,At Risk
13774,United Kingdom,2011-09-19 12:06:00,2011-09-19 12:06:00,1.0,345.0,82.0,3.0,1.0,2.0,Recent / Promising
13775,United Kingdom,2010-04-28 12:15:00,2010-04-28 12:15:00,1.0,1049.66,591.0,1.0,1.0,3.0,Hibernating
13777,United Kingdom,2009-12-02 09:47:00,2011-12-09 12:25:00,61.0,49638.26,1.0,4.0,4.0,4.0,Champions
13778,United Kingdom,2010-05-23 13:34:00,2011-08-28 15:25:00,4.0,1124.49,103.0,2.0,3.0,3.0,Loyal
13779,United Kingdom,2010-07-12 11:24:00,2010-07-12 11:24:00,1.0,161.13,516.0,1.0,1.0,1.0,Hibernating
13780,United Kingdom,2010-10-28 19:51:00,2011-12-02 13:49:00,3.0,732.07,7.0,4.0,2.0,2.0,Recent / Promising
13781,United Kingdom,2009-12-18 15:46:00,2011-04-03 12:08:00,3.0,778.83,251.0,2.0,2.0,2.0,Hibernating
13782,United Kingdom,2009-12-06 12:52:00,2011-11-27 11:54:00,13.0,1786.08,13.0,4.0,4.0,3.0,Champions
13783,United Kingdom,2010-02-04 13:47:00,2010-08-09 09:23:00,4.0,1542.09,488.0,1.0,3.0,3.0,Loyal
13784,United Kingdom,2010-09-15 12:27:00,2011-11-30 09:33:00,14.0,2910.23,10.0,4.0,4.0,4.0,Champions
13785,United Kingdom,2010-09-05 16:01:00,2010-10-07 09:25:00,4.0,542.49,429.0,1.0,3.0,2.0,Loyal
13786,United Kingdom,2009-12-03 15:32:00,2010-12-07 13:53:00,6.0,3127.99,367.0,2.0,3.0,4.0,Loyal
13787,United Kingdom,2010-01-14 10:13:00,2011-09-25 12:06:00,6.0,1222.5,76.0,3.0,3.0,3.0,Champions
13788,United Kingdom,2010-07-22 15:50:00,2010-07-22 15:50:00,1.0,3.75,505.0,1.0,1.0,1.0,Hibernating
13789,United Kingdom,2010-11-16 15:31:00,2010-11-16 15:31:00,1.0,239.46,388.0,1.0,1.0,1.0,Hibernating
13790,United Kingdom,2011-12-05 15:48:00,2011-12-05 15:48:00,1.0,348.8,4.0,4.0,1.0,2.0,Recent / Promising
13791,United Kingdom,2011-06-24 16:38:00,2011-08-04 11:44:00,2.0,1516.0,128.0,2.0,2.0,3.0,Hibernating
13792,United Kingdom,2010-10-13 11:05:00,2011-10-04 14:31:00,3.0,383.95,66.0,3.0,2.0,2.0,Recent / Promising
13793,United Kingdom,2010-03-03 08:25:00,2010-03-03 08:25:00,1.0,96.0,647.0,1.0,1.0,1.0,Hibernating
13794,United Kingdom,2010-06-11 12:30:00,2010-06-11 12:30:00,1.0,126.03,547.0,1.0,1.0,1.0,Hibernating
13795,United Kingdom,2010-03-12 12:44:00,2010-11-16 17:25:00,4.0,836.3,388.0,1.0,3.0,2.0,Loyal
13796,United Kingdom,2010-07-28 14:45:00,2010-07-28 14:45:00,1.0,289.7,499.0,1.0,1.0,1.0,Hibernating
13797,United Kingdom,2010-03-02 12:17:00,2010-09-29 10:34:00,3.0,1179.45,437.0,1.0,2.0,3.0,At Risk
13798,United Kingdom,2009-12-08 16:21:00,2011-12-08 15:51:00,110.0,75428.87,1.0,4.0,4.0,4.0,Champions
13799,United Kingdom,2010-03-05 16:39:00,2011-08-15 12:07:00,9.0,2803.57,117.0,2.0,4.0,4.0,Loyal
13800,United Kingdom,2009-12-03 10:03:00,2011-02-03 12:27:00,3.0,1679.56,310.0,2.0,2.0,3.0,Hibernating
13801,United Kingdom,2011-10-04 10:15:00,2011-10-04 10:15:00,1.0,324.8,67.0,3.0,1.0,1.0,Recent / Promising
13802,United Kingdom,2010-02-16 10:11:00,2011-07-24 10:54:00,19.0,26259.11,139.0,2.0,4.0,4.0,Loyal
13803,United Kingdom,2010-03-31 10:00:00,2011-03-29 12:57:00,3.0,1338.91,255.0,2.0,2.0,3.0,Hibernating
13804,United Kingdom,2010-09-29 10:26:00,2011-11-09 12:32:00,9.0,3161.12,31.0,3.0,4.0,4.0,Champions
13805,United Kingdom,2011-08-02 15:29:00,2011-10-18 14:50:00,2.0,924.6,52.0,3.0,2.0,3.0,Recent / Promising
13806,United Kingdom,2011-10-07 11:43:00,2011-10-07 11:43:00,1.0,256.38,64.0,3.0,1.0,1.0,Recent / Promising
13807,United Kingdom,2009-12-04 12:41:00,2010-12-07 15:48:00,3.0,422.2,367.0,2.0,2.0,2.0,Hibernating
13808,United Kingdom,2011-09-04 12:07:00,2011-12-04 12:18:00,5.0,1747.66,6.0,4.0,3.0,3.0,Champions
13809,Cyprus,2010-09-05 11:42:00,2011-02-07 13:15:00,3.0,679.7,305.0,2.0,2.0,2.0,Hibernating
13810,Germany,2011-10-14 12:57:00,2011-11-11 08:33:00,2.0,827.51,29.0,3.0,2.0,2.0,Recent / Promising
13811,Germany,2011-04-14 18:40:00,2011-06-09 09:54:00,2.0,519.75,184.0,2.0,2.0,2.0,Hibernating
13812,Germany,2011-08-26 12:54:00,2011-10-28 14:27:00,3.0,485.0,42.0,3.0,2.0,2.0,Recent / Promising
13813,Germany,2009-12-06 10:16:00,2011-10-31 10:38:00,8.0,2387.47,40.0,3.0,4.0,4.0,Champions
13814,Germany,2010-06-30 14:12:00,2011-09-08 13:48:00,3.0,2257.32,92.0,3.0,2.0,4.0,Recent / Promising
13815,Germany,2010-02-12 10:26:00,2011-11-17 14:19:00,8.0,6737.74,22.0,4.0,4.0,4.0,Champions
13816,Germany,2011-10-06 14:37:00,2011-11-16 08:38:00,2.0,499.67,24.0,4.0,2.0,2.0,Recent / Promising
13817,Germany,2010-12-23 11:46:00,2011-11-10 17:49:00,2.0,328.98,29.0,3.0,2.0,1.0,Recent / Promising
13818,United Kingdom,2010-10-06 12:35:00,2010-10-06 12:35:00,1.0,61.28,430.0,1.0,1.0,1.0,Hibernating
13819,United Kingdom,2009-12-01 16:18:00,2011-02-11 10:38:00,6.0,2642.35,302.0,2.0,3.0,4.0,Loyal
13820,United Kingdom,2010-01-28 12:26:00,2010-10-17 13:46:00,3.0,652.75,418.0,1.0,2.0,2.0,At Risk
13821,United Kingdom,2010-01-04 13:36:00,2011-07-18 09:49:00,6.0,1379.08,145.0,2.0,3.0,3.0,Loyal
13822,United Kingdom,2011-10-30 15:55:00,2011-12-04 12:13:00,2.0,632.0,6.0,4.0,2.0,2.0,Recent / Promising
13823,United Kingdom,2009-12-15 14:34:00,2011-11-21 10:22:00,7.0,3403.45,19.0,4.0,4.0,4.0,Champions
13824,United Kingdom,2010-03-12 15:17:00,2011-11-07 12:41:00,12.0,3314.76,33.0,3.0,4.0,4.0,Champions
13825,United Kingdom,2009-12-09 14:30:00,2010-03-28 11:02:00,2.0,255.59,622.0,1.0,2.0,1.0,At Risk
13826,United Kingdom,2011-06-16 13:48:00,2011-06-16 13:48:00,1.0,189.5,176.0,2.0,1.0,1.0,Hibernating
13827,United Kingdom,2011-07-19 15:38:00,2011-10-13 12:38:00,3.0,409.8,58.0,3.0,2.0,2.0,Recent / Promising
13828,United Kingdom,2011-11-17 16:02:00,2011-11-17 16:02:00,1.0,209.49,22.0,4.0,1.0,1.0,Recent / Promising
13829,United Kingdom,2010-10-14 18:19:00,2010-10-14 18:19:00,1.0,102.0,421.0,1.0,1.0,1.0,Hibernating
13830,United Kingdom,2010-05-07 12:24:00,2010-05-07 12:24:00,1.0,156.85,582.0,1.0,1.0,1.0,Hibernating
13831,United Kingdom,2009-12-10 14:50:00,2011-11-23 15:41:00,18.0,6585.54,16.0,4.0,4.0,4.0,Champions
13832,United Kingdom,2010-10-13 14:41:00,2011-11-20 15:36:00,2.0,609.89,19.0,4.0,2.0,2.0,Recent / Promising
13833,United Kingdom,2010-10-31 14:11:00,2011-07-03 13:27:00,2.0,700.41,159.0,2.0,2.0,2.0,Hibernating
13834,United Kingdom,2010-02-08 12:52:00,2010-05-12 10:27:00,2.0,324.19,577.0,1.0,2.0,1.0,At Risk
13835,United Kingdom,2010-03-04 08:26:00,2011-11-14 15:37:00,7.0,1095.27,25.0,4.0,4.0,3.0,Champions
13836,United Kingdom,2010-10-21 13:27:00,2010-11-05 13:31:00,2.0,620.37,399.0,1.0,2.0,2.0,At Risk
13837,United Kingdom,2011-01-26 12:15:00,2011-05-12 12:10:00,2.0,266.59,212.0,2.0,2.0,1.0,Hibernating
13838,United Kingdom,2010-05-09 11:40:00,2011-12-04 11:00:00,10.0,1690.07,6.0,4.0,4.0,3.0,Champions
13839,United Kingdom,2010-08-10 13:52:00,2010-08-10 13:52:00,1.0,139.95,486.0,1.0,1.0,1.0,Hibernating
13840,United Kingdom,2010-10-19 13:34:00,2010-10-19 13:34:00,1.0,651.4,416.0,1.0,1.0,2.0,Hibernating
13841,United Kingdom,2011-04-01 12:10:00,2011-04-01 12:10:00,1.0,85.0,253.0,2.0,1.0,1.0,Hibernating
13842,United Kingdom,2010-02-16 15:54:00,2011-10-12 10:51:00,18.0,5319.34,59.0,3.0,4.0,4.0,Champions
13843,United Kingdom,2010-11-23 17:48:00,2010-11-23 17:48:00,1.0,319.75,381.0,1.0,1.0,1.0,Hibernating
13844,United Kingdom,2011-11-28 13:21:00,2011-11-28 13:21:00,1.0,361.62,11.0,4.0,1.0,2.0,Recent / Promising
13845,United Kingdom,2011-10-06 08:25:00,2011-10-06 08:25:00,1.0,312.98,65.0,3.0,1.0,1.0,Recent / Promising
13846,United Kingdom,2010-11-05 09:47:00,2011-11-15 12:07:00,4.0,1307.79,25.0,4.0,3.0,3.0,Champions
13847,United Kingdom,2009-12-20 10:41:00,2009-12-20 10:41:00,1.0,310.72,720.0,1.0,1.0,1.0,Hibernating
13848,United Kingdom,2009-12-09 16:17:00,2011-09-08 12:58:00,8.0,3015.0,92.0,3.0,4.0,4.0,Champions
13849,United Kingdom,2010-03-25 12:03:00,2011-10-19 10:59:00,5.0,3469.3,52.0,3.0,3.0,4.0,Champions
13850,United Kingdom,2011-08-02 14:04:00,2011-08-02 14:04:00,1.0,1595.48,129.0,2.0,1.0,3.0,Hibernating
13851,United Kingdom,2010-01-29 11:54:00,2011-09-05 12:36:00,8.0,4606.46,96.0,2.0,4.0,4.0,Loyal
13852,United Kingdom,2010-04-08 09:06:00,2010-04-08 09:06:00,1.0,187.35,611.0,1.0,1.0,1.0,Hibernating
13853,United Kingdom,2011-10-13 14:18:00,2011-10-13 14:18:00,1.0,1090.14,57.0,3.0,1.0,3.0,Recent / Promising
13854,United Kingdom,2010-01-08 11:28:00,2011-12-01 09:06:00,39.0,11944.56,9.0,4.0,4.0,4.0,Champions
13855,United Kingdom,2009-12-08 16:56:00,2010-07-27 09:53:00,4.0,1310.34,501.0,1.0,3.0,3.0,Loyal
13856,United Kingdom,2010-03-30 15:40:00,2011-06-24 10:03:00,11.0,1142.03,169.0,2.0,4.0,3.0,Loyal
13857,United Kingdom,2010-05-17 14:21:00,2010-11-11 12:54:00,6.0,1000.91,393.0,1.0,3.0,3.0,Loyal
13858,United Kingdom,2011-10-13 16:17:00,2011-10-13 16:17:00,1.0,216.17,57.0,3.0,1.0,1.0,Recent / Promising
13859,United Kingdom,2010-06-28 15:36:00,2011-01-17 16:14:00,2.0,515.86,326.0,2.0,2.0,2.0,Hibernating
13860,United Kingdom,2011-09-14 09:27:00,2011-12-08 12:57:00,5.0,1245.9,1.0,4.0,3.0,3.0,Champions
13861,United Kingdom,2010-06-27 11:37:00,2010-10-06 14:20:00,2.0,273.26,429.0,1.0,2.0,1.0,At Risk
13862,United Kingdom,2010-11-15 13:43:00,2011-11-21 16:24:00,9.0,2556.09,18.0,4.0,4.0,4.0,Champions
13863,United Kingdom,2010-04-25 13:09:00,2011-04-06 10:20:00,4.0,1239.55,248.0,2.0,3.0,3.0,Loyal
13864,United Kingdom,2010-11-18 12:50:00,2010-11-18 12:50:00,1.0,662.4,387.0,1.0,1.0,2.0,Hibernating
13865,United Kingdom,2011-02-23 12:04:00,2011-10-12 13:31:00,4.0,501.56,58.0,3.0,3.0,2.0,Loyal
13866,United Kingdom,2011-09-26 14:54:00,2011-09-26 14:54:00,1.0,145.67,74.0,3.0,1.0,1.0,Recent / Promising
13867,United Kingdom,2011-05-05 17:28:00,2011-11-08 15:48:00,3.0,1005.09,31.0,3.0,2.0,3.0,Recent / Promising
13868,United Kingdom,2011-11-01 12:45:00,2011-12-02 16:32:00,2.0,3192.54,7.0,4.0,2.0,4.0,Recent / Promising
13869,United Kingdom,2010-01-17 14:53:00,2011-08-08 13:53:00,10.0,7996.87,123.0,2.0,4.0,4.0,Loyal
13870,United Kingdom,2010-02-08 12:08:00,2011-12-07 13:23:00,15.0,5712.08,2.0,4.0,4.0,4.0,Champions
13871,United Kingdom,2009-12-20 13:09:00,2011-11-17 10:49:00,17.0,7885.85,23.0,4.0,4.0,4.0,Champions
13872,United Kingdom,2009-12-14 09:56:00,2010-06-30 15:35:00,3.0,919.57,527.0,1.0,2.0,3.0,At Risk
13873,United Kingdom,2010-03-03 12:31:00,2011-08-12 10:08:00,8.0,1038.92,120.0,2.0,4.0,3.0,Loyal
13874,United Kingdom,2010-02-04 18:39:00,2010-12-16 18:20:00,7.0,2049.15,358.0,2.0,4.0,3.0,Loyal
13875,United Kingdom,2009-12-17 10:30:00,2011-10-17 09:36:00,14.0,4814.37,54.0,3.0,4.0,4.0,Champions
13876,United Kingdom,2011-10-07 10:22:00,2011-10-07 10:22:00,1.0,122.7,64.0,3.0,1.0,1.0,Recent / Promising
13877,United Kingdom,2010-01-19 10:53:00,2011-09-14 15:49:00,3.0,449.68,86.0,3.0,2.0,2.0,Recent / Promising
13878,United Kingdom,2010-04-14 13:50:00,2011-10-16 12:19:00,4.0,2416.9,55.0,3.0,3.0,4.0,Champions
13879,United Kingdom,2010-03-04 10:49:00,2010-03-04 10:49:00,1.0,395.5,646.0,1.0,1.0,2.0,Hibernating
13880,United Kingdom,2010-05-26 14:29:00,2011-11-18 13:44:00,17.0,4293.86,21.0,4.0,4.0,4.0,Champions
13881,United Kingdom,2010-03-04 14:41:00,2011-12-06 12:50:00,43.0,45179.1,4.0,4.0,4.0,4.0,Champions
13882,United Kingdom,2011-10-06 15:28:00,2011-12-07 11:16:00,5.0,1191.13,3.0,4.0,3.0,3.0,Champions
13883,United Kingdom,2010-02-28 12:53:00,2011-11-29 10:45:00,14.0,6535.37,11.0,4.0,4.0,4.0,Champions
13884,United Kingdom,2010-08-26 19:57:00,2011-12-02 16:30:00,10.0,1825.03,7.0,4.0,4.0,3.0,Champions
13885,United Kingdom,2011-05-23 08:52:00,2011-06-03 15:07:00,2.0,506.8,189.0,2.0,2.0,2.0,Hibernating
13886,United Kingdom,2011-09-29 13:17:00,2011-09-29 13:17:00,1.0,243.56,71.0,3.0,1.0,1.0,Recent / Promising
13887,United Kingdom,2011-05-19 17:22:00,2011-05-19 17:22:00,1.0,349.55,204.0,2.0,1.0,2.0,Hibernating
13888,United Kingdom,2010-05-13 11:57:00,2011-08-12 10:13:00,7.0,2001.59,120.0,2.0,4.0,3.0,Loyal
13889,United Kingdom,2010-01-22 14:32:00,2011-09-08 09:13:00,6.0,1991.23,93.0,3.0,3.0,3.0,Champions
13890,United Kingdom,2009-12-06 15:15:00,2011-12-08 15:36:00,14.0,2927.38,1.0,4.0,4.0,4.0,Champions
13891,United Kingdom,2010-05-06 16:02:00,2010-11-26 15:57:00,3.0,859.21,378.0,2.0,2.0,3.0,Hibernating
13892,United Kingdom,2010-05-13 10:32:00,2011-11-13 11:50:00,6.0,1267.65,27.0,3.0,3.0,3.0,Champions
13893,United Kingdom,2011-02-15 11:30:00,2011-02-15 11:30:00,1.0,821.1,298.0,2.0,1.0,2.0,Hibernating
13894,United Kingdom,2011-02-02 12:54:00,2011-11-16 09:44:00,3.0,564.62,24.0,4.0,2.0,2.0,Recent / Promising
13895,United Kingdom,2009-12-03 13:09:00,2011-11-11 16:57:00,6.0,4008.52,28.0,3.0,3.0,4.0,Champions
13896,United Kingdom,2010-03-24 08:55:00,2010-03-24 08:55:00,1.0,388.55,626.0,1.0,1.0,2.0,Hibernating
13897,United Kingdom,2010-01-31 13:48:00,2011-10-20 14:30:00,3.0,1160.72,50.0,3.0,2.0,3.0,Recent / Promising
13898,United Kingdom,2010-10-24 15:42:00,2011-01-18 10:28:00,2.0,686.4,326.0,2.0,2.0,2.0,Hibernating
13899,United Kingdom,2011-03-10 09:30:00,2011-11-23 13:40:00,2.0,388.52,16.0,4.0,2.0,2.0,Recent / Promising
13900,United Kingdom,2010-03-25 13:46:00,2011-06-09 19:26:00,6.0,1610.59,183.0,2.0,3.0,3.0,Loyal
13901,United Kingdom,2010-01-05 09:29:00,2011-09-28 14:48:00,15.0,5676.34,72.0,3.0,4.0,4.0,Champions
13902,Denmark,2009-12-15 10:02:00,2010-03-17 13:09:00,5.0,30392.46,632.0,1.0,3.0,4.0,Loyal
13903,United Kingdom,2010-11-04 17:44:00,2010-11-04 17:44:00,1.0,165.45,400.0,1.0,1.0,1.0,Hibernating
13904,United Kingdom,2011-02-18 11:18:00,2011-11-02 13:41:00,2.0,332.64,37.0,3.0,2.0,1.0,Recent / Promising
13905,United Kingdom,2009-12-07 11:41:00,2009-12-07 11:41:00,1.0,312.65,733.0,1.0,1.0,1.0,Hibernating
13906,United Kingdom,2010-10-26 15:00:00,2010-10-26 15:00:00,1.0,42.0,409.0,1.0,1.0,1.0,Hibernating
13907,United Kingdom,2010-01-17 12:22:00,2010-01-17 12:22:00,1.0,136.8,692.0,1.0,1.0,1.0,Hibernating
13908,United Kingdom,2011-03-08 12:04:00,2011-09-21 11:49:00,4.0,2319.55,80.0,3.0,3.0,4.0,Champions
13909,United Kingdom,2010-07-06 16:52:00,2010-10-12 17:22:00,2.0,282.85,423.0,1.0,2.0,1.0,At Risk
13911,United Kingdom,2010-03-01 16:31:00,2011-10-13 15:43:00,20.0,4234.99,57.0,3.0,4.0,4.0,Champions
13912,United Kingdom,2010-10-12 08:43:00,2010-10-12 08:43:00,1.0,124.95,424.0,1.0,1.0,1.0,Hibernating
13913,United Kingdom,2010-07-21 10:11:00,2010-07-21 10:11:00,1.0,42.22,507.0,1.0,1.0,1.0,Hibernating
13914,United Kingdom,2011-11-03 16:28:00,2011-11-28 10:35:00,2.0,626.45,12.0,4.0,2.0,2.0,Recent / Promising
13915,United Kingdom,2010-11-10 15:17:00,2010-11-10 15:17:00,1.0,70.8,394.0,1.0,1.0,1.0,Hibernating
13916,United Kingdom,2010-02-02 10:06:00,2010-09-02 10:04:00,4.0,1275.81,464.0,1.0,3.0,3.0,Loyal
13917,United Kingdom,2011-06-01 12:46:00,2011-10-21 09:56:00,2.0,272.04,50.0,3.0,2.0,1.0,Recent / Promising
13918,United Kingdom,2011-03-31 18:05:00,2011-10-21 12:25:00,2.0,1212.84,50.0,3.0,2.0,3.0,Recent / Promising
13919,Denmark,2010-06-17 09:30:00,2011-10-11 14:24:00,4.0,1252.68,59.0,3.0,3.0,3.0,Champions
13920,United Kingdom,2010-05-26 15:48:00,2010-10-04 12:37:00,4.0,1774.68,432.0,1.0,3.0,3.0,Loyal
13921,United Kingdom,2009-12-18 12:19:00,2010-11-02 16:32:00,4.0,730.7,402.0,1.0,3.0,2.0,Loyal
13922,United Kingdom,2010-08-29 14:36:00,2010-12-23 10:38:00,3.0,865.2,352.0,2.0,2.0,3.0,Hibernating
13923,United Kingdom,2011-10-17 12:33:00,2011-10-17 12:33:00,1.0,351.13,54.0,3.0,1.0,2.0,Recent / Promising
13924,United Kingdom,2011-09-28 15:07:00,2011-12-08 09:39:00,6.0,1838.85,2.0,4.0,3.0,3.0,Champions
13925,United Kingdom,2011-07-28 12:09:00,2011-09-08 12:47:00,4.0,678.25,93.0,3.0,3.0,2.0,Loyal
13926,United Kingdom,2011-11-16 13:16:00,2011-11-16 13:16:00,1.0,223.85,23.0,4.0,1.0,1.0,Recent / Promising
13927,United Kingdom,2010-09-28 16:12:00,2011-09-26 12:00:00,2.0,708.26,75.0,3.0,2.0,2.0,Recent / Promising
13928,United Kingdom,2011-07-29 15:59:00,2011-11-29 10:33:00,4.0,464.57,11.0,4.0,3.0,2.0,Loyal
13929,United Kingdom,2010-01-14 07:25:00,2011-06-23 15:26:00,11.0,3494.1,169.0,2.0,4.0,4.0,Loyal
13930,United Kingdom,2011-07-26 11:00:00,2011-10-13 09:45:00,2.0,337.34,58.0,3.0,2.0,1.0,Recent / Promising
13931,United Kingdom,2009-12-03 10:26:00,2011-09-05 10:12:00,11.0,5257.38,96.0,2.0,4.0,4.0,Loyal
13932,United Kingdom,2011-02-18 12:02:00,2011-02-18 12:02:00,1.0,307.4,295.0,2.0,1.0,1.0,Hibernating
13933,United Kingdom,2011-07-14 13:35:00,2011-08-22 14:03:00,2.0,608.79,109.0,2.0,2.0,2.0,Hibernating
13934,United Kingdom,2011-03-21 08:39:00,2011-03-21 08:39:00,1.0,922.1,264.0,2.0,1.0,3.0,Hibernating
13935,United Kingdom,2010-02-25 16:01:00,2010-04-22 11:21:00,3.0,6116.92,597.0,1.0,2.0,4.0,At Risk
13936,United Kingdom,2010-10-21 14:21:00,2011-06-13 08:47:00,3.0,939.66,180.0,2.0,2.0,3.0,Hibernating
13937,United Kingdom,2010-11-02 12:37:00,2011-06-23 16:35:00,2.0,880.13,169.0,2.0,2.0,3.0,Hibernating
13938,United Kingdom,2011-11-04 14:37:00,2011-11-04 14:37:00,1.0,71.66,35.0,3.0,1.0,1.0,Recent / Promising
13939,United Kingdom,2010-04-06 12:43:00,2011-11-16 13:33:00,7.0,1560.96,23.0,4.0,4.0,3.0,Champions
13940,United Kingdom,2011-07-18 16:05:00,2011-11-22 15:15:00,4.0,839.14,17.0,4.0,3.0,2.0,Loyal
13941,United Kingdom,2009-12-16 16:10:00,2011-11-18 09:43:00,15.0,10027.18,22.0,4.0,4.0,4.0,Champions
13942,United Kingdom,2010-06-23 12:35:00,2010-06-23 12:35:00,1.0,320.0,535.0,1.0,1.0,1.0,Hibernating
13943,United Kingdom,2010-05-11 11:30:00,2010-05-11 11:30:00,1.0,246.54,578.0,1.0,1.0,1.0,Hibernating
13944,United Kingdom,2010-02-24 15:02:00,2010-02-24 15:02:00,1.0,200.43,653.0,1.0,1.0,1.0,Hibernating
13945,United Kingdom,2010-08-17 09:59:00,2010-11-10 10:00:00,2.0,854.15,395.0,1.0,2.0,2.0,At Risk
13946,United Kingdom,2009-12-04 11:07:00,2011-09-21 13:33:00,6.0,1876.23,79.0,3.0,3.0,3.0,Champions
13947,United Kingdom,2011-10-05 14:42:00,2011-10-05 14:42:00,1.0,90.6,65.0,3.0,1.0,1.0,Recent / Promising
13948,United Kingdom,2009-12-04 12:14:00,2010-12-14 10:18:00,4.0,548.76,361.0,2.0,3.0,2.0,Loyal
13949,United Kingdom,2011-09-06 11:55:00,2011-12-07 09:35:00,6.0,2427.32,3.0,4.0,3.0,4.0,Champions
13950,United Kingdom,2011-04-07 11:29:00,2011-11-28 14:44:00,4.0,745.06,11.0,4.0,3.0,2.0,Loyal
13951,United Kingdom,2011-02-18 15:21:00,2011-06-16 16:43:00,3.0,674.45,176.0,2.0,2.0,2.0,Hibernating
13952,United Kingdom,2009-12-16 09:41:00,2011-05-06 09:00:00,14.0,12823.52,218.0,2.0,4.0,4.0,Loyal
13953,United Kingdom,2009-12-11 12:58:00,2011-12-02 16:04:00,12.0,6640.68,7.0,4.0,4.0,4.0,Champions
13954,United Kingdom,2011-09-30 10:52:00,2011-12-08 12:50:00,2.0,439.92,2.0,4.0,2.0,2.0,Recent / Promising
13955,United Kingdom,2010-11-29 17:35:00,2011-07-08 17:19:00,3.0,544.07,154.0,2.0,2.0,2.0,Hibernating
13956,United Kingdom,2011-03-13 12:51:00,2011-12-04 13:20:00,5.0,1019.27,5.0,4.0,3.0,3.0,Champions
13957,United Kingdom,2010-02-19 10:32:00,2010-10-18 10:02:00,3.0,458.25,418.0,1.0,2.0,2.0,At Risk
13958,United Kingdom,2009-12-05 13:12:00,2010-11-25 10:11:00,8.0,4709.23,380.0,1.0,4.0,4.0,Loyal
13959,United Kingdom,2010-07-16 15:11:00,2011-09-21 15:06:00,6.0,1064.77,79.0,3.0,3.0,3.0,Champions
13960,United Kingdom,2011-09-29 12:39:00,2011-11-18 15:27:00,2.0,230.22,21.0,4.0,2.0,1.0,Recent / Promising
13961,United Kingdom,2010-11-12 14:40:00,2010-11-12 14:40:00,1.0,538.4,392.0,1.0,1.0,2.0,Hibernating
13962,United Kingdom,2010-09-30 10:35:00,2011-11-18 08:47:00,3.0,362.8,22.0,4.0,2.0,2.0,Recent / Promising
13963,United Kingdom,2010-04-21 16:20:00,2011-02-04 14:43:00,17.0,2860.57,308.0,2.0,4.0,4.0,Loyal
13964,United Kingdom,2010-10-05 12:38:00,2010-11-17 13:53:00,2.0,438.9,387.0,1.0,2.0,2.0,At Risk
13965,United Kingdom,2010-01-05 15:21:00,2010-08-20 10:40:00,3.0,996.61,477.0,1.0,2.0,3.0,At Risk
13966,United Kingdom,2010-09-30 13:08:00,2010-09-30 13:08:00,1.0,384.26,435.0,1.0,1.0,2.0,Hibernating
13967,United Kingdom,2010-11-08 13:24:00,2011-07-17 12:02:00,2.0,166.3,146.0,2.0,2.0,1.0,Hibernating
13968,United Kingdom,2010-10-12 13:22:00,2010-10-12 13:22:00,1.0,123.66,423.0,1.0,1.0,1.0,Hibernating
13969,United Kingdom,2010-03-25 13:15:00,2011-12-02 15:11:00,35.0,12973.46,7.0,4.0,4.0,4.0,Champions
13970,United Kingdom,2010-09-28 11:53:00,2010-11-18 13:21:00,2.0,846.55,386.0,1.0,2.0,2.0,At Risk
13971,United Kingdom,2010-01-26 09:51:00,2011-11-21 12:06:00,14.0,4667.57,19.0,4.0,4.0,4.0,Champions
13972,United Kingdom,2011-05-22 11:34:00,2011-09-30 11:54:00,2.0,190.25,71.0,3.0,2.0,1.0,Recent / Promising
13973,United Kingdom,2011-02-25 15:21:00,2011-02-25 15:21:00,1.0,264.7,287.0,2.0,1.0,1.0,Hibernating
13974,United Kingdom,2010-05-06 17:55:00,2011-10-21 14:41:00,2.0,677.72,49.0,3.0,2.0,2.0,Recent / Promising
13975,United Kingdom,2010-02-02 13:13:00,2011-11-08 13:19:00,12.0,5256.4,31.0,3.0,4.0,4.0,Champions
13976,United Kingdom,2010-02-09 13:08:00,2011-05-17 09:13:00,4.0,1192.36,207.0,2.0,3.0,3.0,Loyal
13977,United Kingdom,2010-10-24 14:08:00,2010-10-24 14:08:00,1.0,519.81,411.0,1.0,1.0,2.0,Hibernating
13978,United Kingdom,2011-10-25 15:04:00,2011-11-25 11:36:00,2.0,196.79,15.0,4.0,2.0,1.0,Recent / Promising
13979,United Kingdom,2009-12-03 10:02:00,2011-09-27 13:32:00,7.0,3373.63,73.0,3.0,4.0,4.0,Champions
13980,United Kingdom,2010-02-21 14:18:00,2011-10-10 13:34:00,5.0,768.82,60.0,3.0,3.0,2.0,Loyal
13981,United Kingdom,2010-10-20 10:03:00,2010-10-20 10:03:00,1.0,331.14,416.0,1.0,1.0,1.0,Hibernating
13982,United Kingdom,2010-01-20 14:04:00,2011-10-31 16:24:00,9.0,3954.29,39.0,3.0,4.0,4.0,Champions
13983,United Kingdom,2009-12-09 13:53:00,2011-11-10 11:06:00,21.0,6753.89,30.0,3.0,4.0,4.0,Champions
13984,United Kingdom,2009-12-07 11:51:00,2011-11-13 12:38:00,12.0,1893.8,27.0,3.0,4.0,3.0,Champions
13985,United Kingdom,2010-02-09 13:56:00,2011-12-05 17:06:00,22.0,10020.86,4.0,4.0,4.0,4.0,Champions
13986,United Kingdom,2011-11-22 15:00:00,2011-11-22 15:00:00,1.0,320.46,17.0,4.0,1.0,1.0,Recent / Promising
13987,United Kingdom,2010-11-04 09:54:00,2010-11-25 10:20:00,2.0,682.54,380.0,1.0,2.0,2.0,At Risk
13988,United Kingdom,2010-03-24 11:05:00,2011-11-20 10:15:00,8.0,4757.8,20.0,4.0,4.0,4.0,Champions
13989,United Kingdom,2010-05-25 12:13:00,2011-10-05 09:47:00,5.0,2026.06,66.0,3.0,3.0,3.0,Champions
13990,United Kingdom,2011-05-10 15:19:00,2011-05-10 15:19:00,1.0,311.3,213.0,2.0,1.0,1.0,Hibernating
13991,United Kingdom,2011-07-19 12:58:00,2011-11-27 16:18:00,6.0,851.88,12.0,4.0,3.0,2.0,Loyal
13992,United Kingdom,2010-09-02 17:04:00,2011-11-09 15:23:00,3.0,219.5,30.0,3.0,2.0,1.0,Recent / Promising
13993,United Kingdom,2009-12-03 11:57:00,2011-10-28 09:06:00,19.0,6775.71,43.0,3.0,4.0,4.0,Champions
13994,United Kingdom,2011-07-14 18:28:00,2011-12-06 11:05:00,6.0,2274.14,4.0,4.0,3.0,4.0,Champions
13995,United Kingdom,2009-12-18 12:43:00,2011-11-24 14:22:00,14.0,3902.01,15.0,4.0,4.0,4.0,Champions
13996,United Kingdom,2010-11-05 15:07:00,2010-11-18 16:27:00,2.0,845.76,386.0,1.0,2.0,2.0,At Risk
13997,United Kingdom,2010-06-07 17:33:00,2010-07-08 18:06:00,3.0,376.46,519.0,1.0,2.0,2.0,At Risk
13998,United Kingdom,2010-05-12 13:18:00,2010-09-19 10:20:00,3.0,566.7,447.0,1.0,2.0,2.0,At Risk
13999,United Kingdom,2009-12-05 12:42:00,2011-11-29 13:40:00,29.0,9502.26,10.0,4.0,4.0,4.0,Champions
14000,United Kingdom,2009-12-02 09:50:00,2011-05-12 16:50:00,5.0,2046.34,211.0,2.0,3.0,3.0,Loyal
14001,United Kingdom,2010-08-03 12:49:00,2011-10-25 10:31:00,9.0,4228.85,46.0,3.0,4.0,4.0,Champions
14002,United Kingdom,2011-07-06 14:59:00,2011-07-28 15:55:00,2.0,529.73,134.0,2.0,2.0,2.0,Hibernating
14003,United Kingdom,2009-12-07 08:53:00,2009-12-07 08:53:00,1.0,209.41,733.0,1.0,1.0,1.0,Hibernating
14004,United Kingdom,2010-09-30 09:39:00,2011-10-27 14:40:00,11.0,6258.45,43.0,3.0,4.0,4.0,Champions
14005,United Kingdom,2011-05-08 10:33:00,2011-11-30 12:41:00,5.0,2874.72,10.0,4.0,3.0,4.0,Champions
14006,United Kingdom,2010-02-25 09:45:00,2011-08-16 09:39:00,7.0,2196.67,116.0,2.0,4.0,3.0,Loyal
14007,United Kingdom,2010-07-15 09:06:00,2010-07-15 09:06:00,1.0,79.48,513.0,1.0,1.0,1.0,Hibernating
14008,United Kingdom,2010-10-03 13:09:00,2010-10-03 13:09:00,1.0,509.04,432.0,1.0,1.0,2.0,Hibernating
14009,United Kingdom,2010-09-03 12:08:00,2011-05-25 15:47:00,3.0,1099.91,198.0,2.0,2.0,3.0,Hibernating
14010,United Kingdom,2010-05-23 12:46:00,2010-05-23 13:00:00,2.0,445.15,565.0,1.0,2.0,2.0,At Risk
14011,United Kingdom,2010-04-11 13:40:00,2010-08-16 15:31:00,2.0,457.82,480.0,1.0,2.0,2.0,At Risk
14012,United Kingdom,2011-03-07 12:26:00,2011-03-07 12:26:00,1.0,328.8,278.0,2.0,1.0,1.0,Hibernating
14013,United Kingdom,2010-03-26 10:02:00,2011-08-21 15:01:00,5.0,1084.57,110.0,2.0,3.0,3.0,Loyal
14014,United Kingdom,2010-05-12 09:04:00,2011-09-23 13:18:00,3.0,1948.21,77.0,3.0,2.0,3.0,Recent / Promising
14015,United Kingdom,2011-10-18 10:02:00,2011-10-18 10:02:00,1.0,917.34,53.0,3.0,1.0,3.0,Recent / Promising
14016,Ireland,2010-01-08 14:12:00,2011-07-01 11:29:00,11.0,11303.41,162.0,2.0,4.0,4.0,Loyal
14017,United Kingdom,2010-05-17 14:52:00,2010-05-17 14:52:00,1.0,229.75,571.0,1.0,1.0,1.0,Hibernating
14018,United Kingdom,2010-03-04 14:23:00,2010-03-04 14:23:00,1.0,367.15,645.0,1.0,1.0,2.0,Hibernating
14019,United Kingdom,2011-07-24 15:39:00,2011-10-24 10:13:00,3.0,1421.61,47.0,3.0,2.0,3.0,Recent / Promising
14020,United Kingdom,2010-06-28 15:29:00,2011-11-23 09:22:00,4.0,1249.01,17.0,4.0,3.0,3.0,Champions
14021,United Kingdom,2010-04-26 11:22:00,2011-07-07 15:46:00,7.0,1716.58,155.0,2.0,4.0,3.0,Loyal
14022,United Kingdom,2010-08-10 09:38:00,2011-04-28 14:39:00,2.0,792.15,225.0,2.0,2.0,2.0,Hibernating
14023,United Kingdom,2011-04-03 15:50:00,2011-12-02 13:58:00,2.0,584.07,7.0,4.0,2.0,2.0,Recent / Promising
14024,United Kingdom,2010-11-14 10:51:00,2011-08-10 11:30:00,3.0,645.74,122.0,2.0,2.0,2.0,Hibernating
14025,United Kingdom,2010-05-05 09:56:00,2010-09-01 10:11:00,8.0,4057.9,465.0,1.0,4.0,4.0,Loyal
14026,United Kingdom,2010-03-24 14:10:00,2010-08-26 10:31:00,2.0,713.11,471.0,1.0,2.0,2.0,At Risk
14027,United Kingdom,2011-10-10 09:01:00,2011-10-10 09:01:00,1.0,104.82,61.0,3.0,1.0,1.0,Recent / Promising
14028,United Kingdom,2010-06-07 12:02:00,2010-06-07 13:33:00,3.0,10396.5,550.0,1.0,2.0,4.0,At Risk
14029,United Kingdom,2011-07-18 16:57:00,2011-10-07 14:46:00,2.0,467.66,63.0,3.0,2.0,2.0,Recent / Promising
14030,United Kingdom,2009-12-10 17:27:00,2011-11-21 16:48:00,20.0,7521.8,18.0,4.0,4.0,4.0,Champions
14031,United Kingdom,2009-12-03 15:35:00,2011-12-02 17:13:00,44.0,39019.51,7.0,4.0,4.0,4.0,Champions
14032,United Kingdom,2009-12-14 12:02:00,2011-12-07 15:23:00,16.0,4546.41,2.0,4.0,4.0,4.0,Champions
14033,United Kingdom,2010-06-02 15:10:00,2010-06-02 15:10:00,1.0,109.44,555.0,1.0,1.0,1.0,Hibernating
14034,United Kingdom,2011-07-05 13:06:00,2011-11-17 14:02:00,3.0,648.89,22.0,4.0,2.0,2.0,Recent / Promising
14035,United Kingdom,2010-04-06 12:39:00,2011-11-11 10:03:00,9.0,2794.75,29.0,3.0,4.0,4.0,Champions
14036,United Kingdom,2011-02-28 09:26:00,2011-02-28 09:26:00,1.0,626.65,285.0,2.0,1.0,2.0,Hibernating
14037,United Kingdom,2009-12-07 11:39:00,2011-06-16 13:57:00,6.0,836.95,176.0,2.0,3.0,2.0,Loyal
14038,United Kingdom,2010-02-04 08:56:00,2011-09-22 13:37:00,5.0,3069.88,78.0,3.0,3.0,4.0,Champions
14039,United Kingdom,2010-05-13 10:15:00,2011-11-06 13:48:00,2.0,267.28,33.0,3.0,2.0,1.0,Recent / Promising
14040,United Kingdom,2009-12-01 12:14:00,2011-10-30 12:42:00,35.0,12523.81,41.0,3.0,4.0,4.0,Champions
14041,United Kingdom,2011-03-18 13:25:00,2011-03-18 13:25:00,1.0,141.41,266.0,2.0,1.0,1.0,Hibernating
14042,United Kingdom,2009-12-14 15:07:00,2009-12-14 15:07:00,1.0,431.98,725.0,1.0,1.0,2.0,Hibernating
14043,United Kingdom,2009-12-10 15:56:00,2010-08-05 18:18:00,2.0,302.6,491.0,1.0,2.0,1.0,At Risk
14044,United Kingdom,2010-01-24 15:14:00,2011-11-13 12:05:00,10.0,3073.95,27.0,3.0,4.0,4.0,Champions
14045,United Kingdom,2010-01-08 10:08:00,2011-08-22 15:27:00,16.0,10986.63,109.0,2.0,4.0,4.0,Loyal
14046,United Kingdom,2011-02-28 14:48:00,2011-02-28 14:48:00,1.0,151.59,284.0,2.0,1.0,1.0,Hibernating
14047,United Kingdom,2010-02-01 10:05:00,2011-12-01 11:43:00,14.0,3968.11,9.0,4.0,4.0,4.0,Champions
14048,United Kingdom,2010-11-22 14:08:00,2011-02-07 14:53:00,3.0,748.69,305.0,2.0,2.0,2.0,Hibernating
14049,United Kingdom,2010-04-01 14:52:00,2011-11-23 12:20:00,13.0,13023.4,17.0,4.0,4.0,4.0,Champions
14050,United Kingdom,2011-08-25 13:46:00,2011-11-08 10:00:00,2.0,746.36,32.0,3.0,2.0,2.0,Recent / Promising
14051,United Kingdom,2009-12-03 11:53:00,2011-12-09 10:20:00,37.0,21770.98,1.0,4.0,4.0,4.0,Champions
14052,United Kingdom,2010-11-14 11:37:00,2011-11-20 12:30:00,2.0,466.66,20.0,4.0,2.0,2.0,Recent / Promising
14053,United Kingdom,2010-08-10 11:02:00,2011-08-07 14:27:00,4.0,572.3,124.0,2.0,3.0,2.0,Loyal
14054,United Kingdom,2011-10-05 15:49:00,2011-10-05 15:49:00,1.0,92.46,65.0,3.0,1.0,1.0,Recent / Promising
14055,United Kingdom,2009-12-16 15:11:00,2011-08-25 15:04:00,3.0,1520.96,106.0,2.0,2.0,3.0,Hibernating
14056,United Kingdom,2011-02-28 15:19:00,2011-12-08 13:36:00,23.0,8152.71,1.0,4.0,4.0,4.0,Champions
14057,United Kingdom,2009-12-03 13:17:00,2011-11-16 10:32:00,22.0,8346.66,24.0,4.0,4.0,4.0,Champions
14058,United Kingdom,2010-06-27 11:29:00,2010-09-03 09:31:00,2.0,469.19,463.0,1.0,2.0,2.0,At Risk
14059,United Kingdom,2011-03-18 10:06:00,2011-03-18 10:06:00,1.0,183.6,267.0,2.0,1.0,1.0,Hibernating
14060,United Kingdom,2010-03-11 09:47:00,2011-12-05 12:29:00,30.0,8898.24,5.0,4.0,4.0,4.0,Champions
14061,United Kingdom,2009-12-01 18:03:00,2010-07-20 17:22:00,3.0,917.43,507.0,1.0,2.0,3.0,At Risk
14062,United Kingdom,2009-12-10 14:28:00,2011-11-30 10:04:00,24.0,25585.65,10.0,4.0,4.0,4.0,Champions
14063,United Kingdom,2009-12-08 13:46:00,2010-01-22 11:28:00,7.0,9471.5,687.0,1.0,4.0,4.0,Loyal
14064,United Kingdom,2010-01-21 13:22:00,2011-11-10 13:14:00,15.0,3260.24,29.0,3.0,4.0,4.0,Champions
14065,United Kingdom,2010-10-04 12:03:00,2010-11-15 16:13:00,3.0,891.02,389.0,1.0,2.0,3.0,At Risk
14066,United Kingdom,2011-03-18 12:21:00,2011-03-18 12:21:00,1.0,152.55,267.0,2.0,1.0,1.0,Hibernating
14067,United Kingdom,2011-09-04 12:00:00,2011-10-07 10:21:00,2.0,374.7,64.0,3.0,2.0,2.0,Recent / Promising
14068,United Kingdom,2010-01-31 10:10:00,2011-01-23 16:02:00,4.0,1516.72,320.0,2.0,3.0,3.0,Loyal
14069,United Kingdom,2010-05-27 12:30:00,2010-07-13 12:12:00,2.0,225.81,515.0,1.0,2.0,1.0,At Risk
14070,United Kingdom,2010-01-24 12:27:00,2010-01-24 12:27:00,1.0,321.6,685.0,1.0,1.0,1.0,Hibernating
14071,United Kingdom,2011-03-20 11:33:00,2011-12-06 12:27:00,8.0,1422.75,4.0,4.0,4.0,3.0,Champions
14072,United Kingdom,2010-02-11 12:31:00,2010-02-11 12:31:00,1.0,390.85,667.0,1.0,1.0,2.0,Hibernating
14073,United Kingdom,2011-11-07 15:49:00,2011-11-07 15:49:00,1.0,151.04,32.0,3.0,1.0,1.0,Recent / Promising
14074,United Kingdom,2010-03-26 13:55:00,2010-03-26 13:55:00,1.0,219.4,623.0,1.0,1.0,1.0,Hibernating
14075,United Kingdom,2010-08-26 13:42:00,2011-12-05 08:38:00,5.0,1724.87,5.0,4.0,3.0,3.0,Champions
14076,United Kingdom,2011-08-02 15:19:00,2011-08-02 15:19:00,1.0,118.67,129.0,2.0,1.0,1.0,Hibernating
14077,United Kingdom,2010-11-09 16:01:00,2011-10-30 12:35:00,6.0,615.08,41.0,3.0,3.0,2.0,Loyal
14078,United Kingdom,2010-03-28 15:05:00,2011-08-30 12:16:00,9.0,1551.82,102.0,2.0,4.0,3.0,Loyal
14079,United Kingdom,2011-08-07 12:10:00,2011-08-07 12:10:00,1.0,375.1,125.0,2.0,1.0,2.0,Hibernating
14080,United Kingdom,2009-12-02 15:01:00,2011-11-07 11:09:00,5.0,1115.68,33.0,3.0,3.0,3.0,Champions
14081,United Kingdom,2009-12-10 18:27:00,2011-02-10 16:17:00,10.0,4867.57,302.0,2.0,4.0,4.0,Loyal
14082,United Kingdom,2010-11-12 11:47:00,2010-12-10 11:02:00,2.0,413.36,365.0,2.0,2.0,2.0,Hibernating
14083,United Kingdom,2009-12-18 11:34:00,2011-12-05 13:14:00,11.0,1082.19,4.0,4.0,4.0,3.0,Champions
14084,United Kingdom,2010-07-15 14:36:00,2010-07-15 14:36:00,1.0,150.5,512.0,1.0,1.0,1.0,Hibernating
14085,United Kingdom,2009-12-08 13:41:00,2011-12-07 13:46:00,32.0,9705.67,2.0,4.0,4.0,4.0,Champions
14086,United Kingdom,2010-09-03 10:52:00,2010-09-03 10:52:00,1.0,39.95,463.0,1.0,1.0,1.0,Hibernating
14087,United Kingdom,2009-12-04 15:27:00,2011-12-07 12:41:00,3.0,829.47,3.0,4.0,2.0,2.0,Recent / Promising
14088,United Kingdom,2010-10-14 19:46:00,2011-11-29 16:16:00,16.0,64036.8,10.0,4.0,4.0,4.0,Champions
14089,United Kingdom,2011-10-14 10:38:00,2011-10-14 10:38:00,1.0,158.75,57.0,3.0,1.0,1.0,Recent / Promising
14090,United Kingdom,2011-01-19 10:51:00,2011-01-19 10:51:00,1.0,76.32,325.0,2.0,1.0,1.0,Hibernating
14091,United Kingdom,2010-01-10 13:41:00,2010-02-23 15:17:00,2.0,9530.08,654.0,1.0,2.0,4.0,At Risk
14092,United Kingdom,2009-12-16 16:24:00,2011-12-02 12:13:00,24.0,7229.45,8.0,4.0,4.0,4.0,Champions
14093,United Kingdom,2011-11-27 16:27:00,2011-11-27 16:27:00,1.0,433.86,12.0,4.0,1.0,2.0,Recent / Promising
14094,United Kingdom,2010-09-26 11:58:00,2010-09-26 11:58:00,1.0,311.77,440.0,1.0,1.0,1.0,Hibernating
14095,United Kingdom,2009-12-17 12:49:00,2009-12-17 12:49:00,1.0,2.95,723.0,1.0,1.0,1.0,Hibernating
14096,United Kingdom,2011-08-30 10:49:00,2011-12-05 17:17:00,17.0,53258.43,4.0,4.0,4.0,4.0,Champions
14097,United Kingdom,2010-03-04 10:46:00,2010-08-15 14:20:00,2.0,422.86,481.0,1.0,2.0,2.0,At Risk
14098,United Kingdom,2011-11-03 10:13:00,2011-11-03 10:13:00,1.0,147.35,37.0,3.0,1.0,1.0,Recent / Promising
14099,United Kingdom,2009-12-10 11:55:00,2011-11-23 13:53:00,20.0,5750.91,16.0,4.0,4.0,4.0,Champions
14100,United Kingdom,2011-07-25 11:01:00,2011-07-25 11:01:00,1.0,191.95,138.0,2.0,1.0,1.0,Hibernating
14101,United Kingdom,2010-03-28 13:36:00,2011-09-27 12:28:00,13.0,9961.93,74.0,3.0,4.0,4.0,Champions
14102,United Kingdom,2011-10-26 12:46:00,2011-12-04 15:38:00,5.0,1105.88,5.0,4.0,3.0,3.0,Champions
14104,United Kingdom,2010-05-28 16:11:00,2011-07-08 12:50:00,5.0,740.53,155.0,2.0,3.0,2.0,Loyal
14105,United Kingdom,2009-12-18 16:57:00,2011-04-14 17:58:00,5.0,5988.83,239.0,2.0,3.0,4.0,Loyal
14106,United Kingdom,2009-12-02 14:09:00,2009-12-02 14:09:00,1.0,214.8,737.0,1.0,1.0,1.0,Hibernating
14107,United Kingdom,2009-12-09 14:20:00,2011-10-19 12:12:00,11.0,4877.3,52.0,3.0,4.0,4.0,Champions
14108,United Kingdom,2009-12-01 18:07:00,2011-11-09 10:41:00,4.0,1044.96,31.0,3.0,3.0,3.0,Champions
14109,United Kingdom,2011-09-28 10:18:00,2011-09-28 10:18:00,1.0,144.2,73.0,3.0,1.0,1.0,Recent / Promising
14110,United Kingdom,2009-12-01 09:50:00,2011-12-06 12:26:00,33.0,12987.95,4.0,4.0,4.0,4.0,Champions
14111,United Kingdom,2011-04-12 11:36:00,2011-11-25 13:44:00,4.0,692.85,14.0,4.0,3.0,2.0,Loyal
14112,United Kingdom,2010-02-23 14:16:00,2011-11-17 12:30:00,13.0,5834.59,23.0,4.0,4.0,4.0,Champions
14113,United Kingdom,2009-12-08 07:42:00,2011-12-06 12:18:00,16.0,7092.61,4.0,4.0,4.0,4.0,Champions
14114,United Kingdom,2010-04-12 11:07:00,2011-03-11 09:42:00,7.0,1364.09,274.0,2.0,4.0,3.0,Loyal
14115,United Kingdom,2010-02-11 11:44:00,2010-07-26 12:36:00,2.0,622.67,502.0,1.0,2.0,2.0,At Risk
14116,United Kingdom,2011-08-10 12:44:00,2011-11-20 10:29:00,5.0,1382.74,20.0,4.0,3.0,3.0,Champions
14117,United Kingdom,2011-07-19 09:49:00,2011-07-19 09:49:00,1.0,90.0,144.0,2.0,1.0,1.0,Hibernating
14118,United Kingdom,2010-10-07 11:59:00,2010-10-07 11:59:00,1.0,458.45,429.0,1.0,1.0,2.0,Hibernating
14119,United Kingdom,2009-12-21 14:52:00,2010-11-29 10:33:00,2.0,183.37,376.0,2.0,2.0,1.0,Hibernating
14121,United Kingdom,2011-10-11 10:39:00,2011-12-06 12:19:00,4.0,2780.15,4.0,4.0,3.0,4.0,Champions
14122,United Kingdom,2009-12-02 14:22:00,2010-10-29 15:11:00,3.0,362.42,406.0,1.0,2.0,2.0,At Risk
14123,United Kingdom,2009-12-06 15:35:00,2009-12-06 15:35:00,1.0,436.18,733.0,1.0,1.0,2.0,Hibernating
14124,United Kingdom,2011-09-16 13:32:00,2011-09-16 13:32:00,1.0,419.58,84.0,3.0,1.0,2.0,Recent / Promising
14125,United Kingdom,2011-09-22 15:40:00,2011-11-29 12:47:00,3.0,2720.63,11.0,4.0,2.0,4.0,Recent / Promising
14126,United Kingdom,2010-09-21 14:51:00,2011-12-02 11:45:00,4.0,1172.46,8.0,4.0,3.0,3.0,Champions
14127,United Kingdom,2010-10-10 11:53:00,2011-08-09 10:49:00,6.0,1900.08,123.0,2.0,3.0,3.0,Loyal
14128,United Kingdom,2010-06-06 14:05:00,2011-10-10 12:00:00,3.0,924.21,61.0,3.0,2.0,3.0,Recent / Promising
14129,United Kingdom,2010-05-09 14:54:00,2011-12-08 11:02:00,9.0,2591.34,2.0,4.0,4.0,4.0,Champions
14130,United Kingdom,2009-12-11 16:33:00,2011-01-24 16:05:00,4.0,1858.77,319.0,2.0,3.0,3.0,Loyal
14131,United Kingdom,2010-03-01 11:59:00,2010-03-01 11:59:00,1.0,168.22,649.0,1.0,1.0,1.0,Hibernating
14132,United Kingdom,2011-06-09 12:04:00,2011-12-07 13:35:00,11.0,3586.03,2.0,4.0,4.0,4.0,Champions
14133,United Kingdom,2009-12-06 12:10:00,2011-08-02 11:34:00,4.0,911.14,130.0,2.0,3.0,3.0,Loyal
14134,United Kingdom,2009-12-10 09:25:00,2010-11-22 12:26:00,15.0,11123.35,383.0,1.0,4.0,4.0,Loyal
14135,United Kingdom,2009-12-02 08:58:00,2011-12-08 11:38:00,24.0,8839.67,2.0,4.0,4.0,4.0,Champions
14136,United Kingdom,2009-12-08 09:19:00,2010-11-04 11:53:00,5.0,1570.81,401.0,1.0,3.0,3.0,Loyal
14137,United Kingdom,2010-01-13 12:30:00,2010-01-13 12:30:00,1.0,332.7,696.0,1.0,1.0,1.0,Hibernating
14138,United Kingdom,2011-10-07 09:38:00,2011-12-08 12:44:00,2.0,965.88,2.0,4.0,2.0,3.0,Recent / Promising
14139,United Kingdom,2010-06-15 09:17:00,2011-10-24 13:34:00,4.0,1086.8,46.0,3.0,3.0,3.0,Champions
14140,United Kingdom,2011-11-08 11:20:00,2011-12-06 09:05:00,2.0,935.05,4.0,4.0,2.0,3.0,Recent / Promising
14141,United Kingdom,2011-08-26 14:40:00,2011-12-07 09:53:00,4.0,915.13,3.0,4.0,3.0,3.0,Champions
14142,United Kingdom,2010-03-03 15:13:00,2010-12-01 16:33:00,2.0,671.34,373.0,2.0,2.0,2.0,Hibernating
14143,United Kingdom,2011-07-29 09:48:00,2011-07-29 09:48:00,1.0,115.8,134.0,2.0,1.0,1.0,Hibernating
14144,United Kingdom,2010-08-10 15:17:00,2010-08-10 15:17:00,1.0,30.6,486.0,1.0,1.0,1.0,Hibernating
14145,United Kingdom,2010-04-08 09:47:00,2011-10-24 12:10:00,7.0,7600.05,47.0,3.0,4.0,4.0,Champions
14146,United Kingdom,2010-01-13 16:04:00,2011-12-01 10:18:00,12.0,9450.3,9.0,4.0,4.0,4.0,Champions
14147,United Kingdom,2010-03-09 13:43:00,2011-09-22 18:10:00,9.0,2590.2,78.0,3.0,4.0,4.0,Champions
14148,United Kingdom,2010-10-21 14:08:00,2011-04-20 12:02:00,2.0,466.29,234.0,2.0,2.0,2.0,Hibernating
14149,United Kingdom,2011-05-03 09:44:00,2011-05-03 09:44:00,1.0,446.62,221.0,2.0,1.0,2.0,Hibernating
14150,United Kingdom,2010-12-15 10:04:00,2011-11-04 10:05:00,2.0,658.64,36.0,3.0,2.0,2.0,Recent / Promising
14151,United Kingdom,2009-12-23 10:54:00,2010-02-04 15:35:00,2.0,679.45,673.0,1.0,2.0,2.0,At Risk
14152,United Kingdom,2010-02-18 13:57:00,2011-09-25 12:54:00,7.0,1997.34,75.0,3.0,4.0,3.0,Champions
14153,United Kingdom,2010-08-13 14:35:00,2010-08-13 14:35:00,1.0,233.4,483.0,1.0,1.0,1.0,Hibernating
14154,United Kingdom,2010-01-13 12:47:00,2011-04-14 16:26:00,8.0,6460.7,239.0,2.0,4.0,4.0,Loyal
14155,United Kingdom,2011-03-18 14:13:00,2011-03-18 14:13:00,1.0,118.75,266.0,2.0,1.0,1.0,Hibernating
14156,Ireland,2009-12-01 12:30:00,2011-11-30 10:54:00,144.0,303069.88,10.0,4.0,4.0,4.0,Champions
14157,United Kingdom,2010-03-03 16:49:00,2011-11-20 11:32:00,5.0,978.69,20.0,4.0,3.0,3.0,Champions
14158,United Kingdom,2011-10-30 15:08:00,2011-10-30 15:08:00,1.0,507.66,40.0,3.0,1.0,2.0,Recent / Promising
14159,United Kingdom,2009-12-03 12:31:00,2011-11-20 12:36:00,20.0,7849.58,20.0,4.0,4.0,4.0,Champions
14160,United Kingdom,2010-01-10 12:06:00,2010-04-08 14:30:00,7.0,8421.47,610.0,1.0,4.0,4.0,Loyal
14161,United Kingdom,2009-12-13 11:46:00,2011-05-08 11:41:00,7.0,2996.93,216.0,2.0,4.0,4.0,Loyal
14162,United Kingdom,2011-02-20 12:32:00,2011-06-19 11:36:00,2.0,289.36,174.0,2.0,2.0,1.0,Hibernating
14163,United Kingdom,2010-09-03 17:15:00,2011-09-13 15:18:00,5.0,2594.62,87.0,3.0,3.0,4.0,Champions
14164,United Kingdom,2011-09-20 12:18:00,2011-09-30 12:24:00,2.0,1631.77,71.0,3.0,2.0,3.0,Recent / Promising
14165,United Kingdom,2011-03-09 12:39:00,2011-03-09 12:39:00,1.0,120.44,276.0,2.0,1.0,1.0,Hibernating
14166,United Kingdom,2010-03-23 15:10:00,2010-07-22 19:42:00,2.0,251.15,505.0,1.0,2.0,1.0,At Risk
14167,United Kingdom,2010-01-27 16:07:00,2011-10-31 14:29:00,8.0,1274.29,39.0,3.0,4.0,3.0,Champions
14168,United Kingdom,2010-05-24 12:28:00,2010-10-15 10:49:00,2.0,370.45,421.0,1.0,2.0,2.0,At Risk
14169,United Kingdom,2010-09-21 13:39:00,2010-10-05 08:45:00,2.0,613.11,431.0,1.0,2.0,2.0,At Risk
14170,United Kingdom,2010-11-09 14:06:00,2010-11-29 13:10:00,3.0,570.18,375.0,2.0,2.0,2.0,Hibernating
14171,United Kingdom,2009-12-09 13:50:00,2011-09-02 16:43:00,2.0,498.79,98.0,2.0,2.0,2.0,Hibernating
14172,United Kingdom,2010-03-07 10:58:00,2010-04-13 13:26:00,3.0,369.02,605.0,1.0,2.0,2.0,At Risk
14173,United Kingdom,2009-12-09 12:46:00,2011-11-29 11:54:00,6.0,586.0,11.0,4.0,3.0,2.0,Loyal
14174,United Kingdom,2011-11-06 13:17:00,2011-11-06 13:17:00,1.0,134.46,33.0,3.0,1.0,1.0,Recent / Promising
14175,United Kingdom,2010-03-22 10:43:00,2011-10-11 11:55:00,8.0,7678.88,60.0,3.0,4.0,4.0,Champions
14176,United Kingdom,2010-11-23 13:21:00,2011-02-15 13:12:00,5.0,756.46,297.0,2.0,3.0,2.0,Loyal
14177,United Kingdom,2010-02-26 11:59:00,2011-09-14 15:11:00,13.0,2209.69,86.0,3.0,4.0,3.0,Champions
14178,United Kingdom,2011-06-10 12:51:00,2011-12-01 12:01:00,7.0,1580.26,9.0,4.0,4.0,3.0,Champions
14179,United Kingdom,2011-10-18 14:00:00,2011-10-30 12:07:00,2.0,701.57,41.0,3.0,2.0,2.0,Recent / Promising
14180,United Kingdom,2010-06-09 14:56:00,2011-11-29 10:56:00,33.0,6117.5,11.0,4.0,4.0,4.0,Champions
14181,United Kingdom,2010-05-26 12:32:00,2010-10-25 08:27:00,2.0,308.35,411.0,1.0,2.0,1.0,At Risk
14182,United Kingdom,2010-04-22 15:36:00,2010-09-22 11:45:00,4.0,678.77,444.0,1.0,3.0,2.0,Loyal
14183,United Kingdom,2010-08-15 15:36:00,2010-10-24 14:45:00,2.0,278.34,411.0,1.0,2.0,1.0,At Risk
14184,United Kingdom,2011-10-04 12:43:00,2011-10-04 12:43:00,1.0,452.89,67.0,3.0,1.0,2.0,Recent / Promising
14185,United Kingdom,2011-01-12 13:52:00,2011-01-12 13:52:00,1.0,197.65,331.0,2.0,1.0,1.0,Hibernating
14186,United Kingdom,2010-03-05 11:17:00,2010-10-08 13:30:00,5.0,1550.63,427.0,1.0,3.0,3.0,Loyal
14187,United Kingdom,2010-08-23 12:06:00,2010-08-23 12:06:00,1.0,123.5,474.0,1.0,1.0,1.0,Hibernating
14188,United Kingdom,2011-02-02 13:46:00,2011-11-09 12:45:00,6.0,2054.36,31.0,3.0,3.0,3.0,Champions
14189,United Kingdom,2010-11-16 09:28:00,2011-12-07 15:55:00,16.0,5503.15,2.0,4.0,4.0,4.0,Champions
14190,United Kingdom,2010-02-11 14:27:00,2010-02-11 14:27:00,1.0,79.9,666.0,1.0,1.0,1.0,Hibernating
14191,United Kingdom,2009-12-11 10:48:00,2011-12-08 09:23:00,15.0,4817.66,2.0,4.0,4.0,4.0,Champions
14192,United Kingdom,2010-11-16 17:44:00,2010-11-16 17:44:00,1.0,293.74,388.0,1.0,1.0,1.0,Hibernating
14193,United Kingdom,2010-11-08 12:31:00,2011-10-03 09:34:00,3.0,1210.19,68.0,3.0,2.0,3.0,Recent / Promising
14194,United Kingdom,2010-01-06 12:16:00,2011-12-05 10:38:00,36.0,18670.59,5.0,4.0,4.0,4.0,Champions
14195,United Kingdom,2010-03-15 17:12:00,2011-05-22 10:29:00,6.0,2615.6,202.0,2.0,3.0,4.0,Loyal
14196,United Kingdom,2011-08-25 10:25:00,2011-08-25 10:25:00,1.0,335.52,107.0,2.0,1.0,1.0,Hibernating
14197,United Kingdom,2010-10-25 10:01:00,2010-10-25 10:01:00,1.0,390.05,411.0,1.0,1.0,2.0,Hibernating
14198,United Kingdom,2010-01-05 10:07:00,2011-11-21 16:35:00,9.0,1569.73,18.0,4.0,4.0,3.0,Champions
14199,United Kingdom,2010-06-27 12:13:00,2011-05-05 13:44:00,4.0,1091.7,218.0,2.0,3.0,3.0,Loyal
14200,United Kingdom,2010-04-01 13:01:00,2010-04-01 13:01:00,1.0,379.2,617.0,1.0,1.0,2.0,Hibernating
14201,United Kingdom,2010-04-30 13:00:00,2011-10-10 13:27:00,10.0,1193.54,60.0,3.0,4.0,3.0,Champions
14202,United Kingdom,2010-03-25 10:36:00,2010-11-23 17:13:00,3.0,847.76,381.0,1.0,2.0,2.0,At Risk
14203,United Kingdom,2010-11-07 13:35:00,2010-11-07 13:35:00,1.0,339.34,397.0,1.0,1.0,2.0,Hibernating
14204,United Kingdom,2009-12-02 13:26:00,2011-12-07 13:38:00,4.0,1024.83,2.0,4.0,3.0,3.0,Champions
14205,United Kingdom,2010-03-07 12:20:00,2011-11-23 10:55:00,9.0,2414.2,17.0,4.0,4.0,4.0,Champions
14206,United Kingdom,2010-11-02 11:37:00,2011-04-14 16:38:00,3.0,1185.01,239.0,2.0,2.0,3.0,Hibernating
14207,United Kingdom,2010-01-21 09:33:00,2010-01-21 09:33:00,1.0,157.8,688.0,1.0,1.0,1.0,Hibernating
14208,United Kingdom,2010-06-06 13:11:00,2011-09-06 12:48:00,2.0,567.05,95.0,3.0,2.0,2.0,Recent / Promising
14209,United Kingdom,2010-01-22 10:28:00,2011-11-29 10:18:00,15.0,4993.27,11.0,4.0,4.0,4.0,Champions
14210,United Kingdom,2010-01-06 10:17:00,2011-08-26 12:36:00,16.0,5556.57,106.0,2.0,4.0,4.0,Loyal
14211,United Kingdom,2009-12-09 12:48:00,2011-10-17 13:23:00,18.0,4402.29,53.0,3.0,4.0,4.0,Champions
14212,United Kingdom,2010-09-20 11:48:00,2011-09-11 12:45:00,2.0,2190.14,90.0,3.0,2.0,3.0,Recent / Promising
14213,United Kingdom,2010-10-31 10:37:00,2010-10-31 10:37:00,1.0,1192.2,405.0,1.0,1.0,3.0,Hibernating
14214,United Kingdom,2011-03-07 12:26:00,2011-11-09 10:31:00,5.0,1004.38,31.0,3.0,3.0,3.0,Champions
14215,United Kingdom,2009-12-08 09:35:00,2011-11-28 12:19:00,9.0,3250.33,12.0,4.0,4.0,4.0,Champions
14216,United Kingdom,2010-10-21 15:07:00,2011-12-06 14:56:00,5.0,2150.04,3.0,4.0,3.0,3.0,Champions
14217,United Kingdom,2010-06-30 12:54:00,2011-12-08 11:53:00,23.0,3298.59,2.0,4.0,4.0,4.0,Champions
14218,United Kingdom,2011-10-28 10:00:00,2011-10-28 10:00:00,1.0,169.48,43.0,3.0,1.0,1.0,Recent / Promising
14219,United Kingdom,2010-08-03 14:42:00,2011-12-05 16:23:00,3.0,633.83,4.0,4.0,2.0,2.0,Recent / Promising
14220,United Kingdom,2010-05-19 13:26:00,2011-04-06 13:23:00,4.0,1515.0,247.0,2.0,3.0,3.0,Loyal
14221,United Kingdom,2010-04-06 14:10:00,2011-10-28 13:42:00,17.0,6517.49,42.0,3.0,4.0,4.0,Champions
14222,United Kingdom,2011-06-15 16:42:00,2011-06-15 16:42:00,1.0,683.17,177.0,2.0,1.0,2.0,Hibernating
14223,United Kingdom,2011-03-20 16:02:00,2011-09-08 13:38:00,3.0,991.13,92.0,3.0,2.0,3.0,Recent / Promising
14224,United Kingdom,2010-06-13 13:46:00,2011-08-21 13:24:00,9.0,1841.71,110.0,2.0,4.0,3.0,Loyal
14225,United Kingdom,2010-01-12 15:02:00,2010-10-01 10:32:00,4.0,2031.07,435.0,1.0,3.0,3.0,Loyal
14226,United Kingdom,2010-09-24 14:32:00,2011-11-11 11:34:00,6.0,2985.13,29.0,3.0,3.0,4.0,Champions
14227,United Kingdom,2010-02-08 09:38:00,2011-11-13 15:48:00,15.0,6366.16,26.0,3.0,4.0,4.0,Champions
14228,United Kingdom,2010-06-11 12:29:00,2010-09-28 09:45:00,3.0,745.5,438.0,1.0,2.0,2.0,At Risk
14229,United Kingdom,2010-08-25 11:47:00,2011-10-19 10:04:00,7.0,2594.04,52.0,3.0,4.0,4.0,Champions
14230,United Kingdom,2010-06-09 13:56:00,2010-09-30 09:07:00,3.0,979.8,436.0,1.0,2.0,3.0,At Risk
14231,United Kingdom,2010-09-15 09:52:00,2011-06-09 11:05:00,4.0,1235.62,184.0,2.0,3.0,3.0,Loyal
14232,United Kingdom,2011-03-20 12:44:00,2011-10-28 11:09:00,5.0,2048.07,43.0,3.0,3.0,3.0,Champions
14233,United Kingdom,2010-03-05 16:35:00,2011-10-21 15:54:00,7.0,2904.27,49.0,3.0,4.0,4.0,Champions
14234,United Kingdom,2011-10-13 13:58:00,2011-11-17 17:53:00,4.0,754.12,22.0,4.0,3.0,2.0,Loyal
14235,United Kingdom,2010-03-30 13:36:00,2011-09-25 14:37:00,9.0,4717.99,75.0,3.0,4.0,4.0,Champions
14236,United Kingdom,2010-07-22 14:27:00,2011-09-20 09:13:00,5.0,1555.34,81.0,3.0,3.0,3.0,Champions
14237,United Kingdom,2010-04-28 10:04:00,2010-12-01 13:20:00,2.0,471.14,373.0,2.0,2.0,2.0,Hibernating
14238,United Kingdom,2009-12-05 10:58:00,2011-01-17 14:40:00,3.0,434.23,326.0,2.0,2.0,2.0,Hibernating
14239,United Kingdom,2009-12-05 12:36:00,2011-10-27 14:40:00,21.0,4263.17,43.0,3.0,4.0,4.0,Champions
14240,United Kingdom,2010-10-12 12:48:00,2011-11-09 13:45:00,3.0,1247.49,30.0,3.0,2.0,3.0,Recent / Promising
14241,United Kingdom,2010-01-12 15:11:00,2011-06-09 11:46:00,2.0,333.7,184.0,2.0,2.0,1.0,Hibernating
14242,United Kingdom,2011-01-18 08:53:00,2011-04-19 11:46:00,2.0,280.55,235.0,2.0,2.0,1.0,Hibernating
14243,United Kingdom,2010-08-20 13:41:00,2011-12-01 11:12:00,17.0,7217.75,9.0,4.0,4.0,4.0,Champions
14244,United Kingdom,2010-02-17 11:40:00,2010-02-17 11:40:00,1.0,366.42,661.0,1.0,1.0,2.0,Hibernating
14245,United Kingdom,2011-03-21 10:41:00,2011-05-04 08:40:00,2.0,1693.45,220.0,2.0,2.0,3.0,Hibernating
14246,United Kingdom,2011-04-08 08:25:00,2011-08-21 11:50:00,3.0,1474.06,111.0,2.0,2.0,3.0,Hibernating
14247,United Kingdom,2010-06-06 15:07:00,2011-03-06 15:21:00,5.0,753.56,278.0,2.0,3.0,2.0,Loyal
14248,United Kingdom,2010-07-12 14:27:00,2011-01-25 14:45:00,3.0,1032.95,318.0,2.0,2.0,3.0,Hibernating
14249,United Kingdom,2010-01-29 14:21:00,2010-10-25 12:34:00,12.0,5400.46,411.0,1.0,4.0,4.0,Loyal
14250,United Kingdom,2011-09-11 13:44:00,2011-12-02 14:30:00,3.0,1904.05,7.0,4.0,2.0,3.0,Recent / Promising
14251,United Kingdom,2011-10-13 12:46:00,2011-12-08 08:32:00,5.0,2879.7,2.0,4.0,3.0,4.0,Champions
14252,United Kingdom,2010-11-23 13:36:00,2010-11-23 13:36:00,1.0,350.99,381.0,1.0,1.0,2.0,Hibernating
14253,United Kingdom,2010-03-26 15:08:00,2010-08-03 14:55:00,2.0,363.4,493.0,1.0,2.0,2.0,At Risk
14254,United Kingdom,2010-10-03 11:52:00,2010-10-03 11:52:00,1.0,601.03,433.0,1.0,1.0,2.0,Hibernating
14256,United Kingdom,2010-01-14 10:35:00,2011-03-24 13:17:00,5.0,2460.79,260.0,2.0,3.0,4.0,Loyal
14257,United Kingdom,2010-03-01 15:36:00,2011-10-06 16:54:00,9.0,5954.45,64.0,3.0,4.0,4.0,Champions
14258,United Kingdom,2009-12-04 08:36:00,2011-11-30 15:27:00,25.0,32051.34,9.0,4.0,4.0,4.0,Champions
14259,United Kingdom,2011-07-21 10:44:00,2011-07-21 10:44:00,1.0,120.0,142.0,2.0,1.0,1.0,Hibernating
14260,United Kingdom,2010-06-09 11:23:00,2010-08-25 14:55:00,3.0,824.28,471.0,1.0,2.0,2.0,At Risk
14261,United Kingdom,2011-09-22 10:47:00,2011-10-20 10:04:00,2.0,1163.45,51.0,3.0,2.0,3.0,Recent / Promising
14262,United Kingdom,2011-04-13 12:23:00,2011-12-01 14:17:00,8.0,2618.23,8.0,4.0,4.0,4.0,Champions
14263,United Kingdom,2010-10-12 14:09:00,2010-10-12 14:09:00,1.0,322.93,423.0,1.0,1.0,1.0,Hibernating
14264,United Kingdom,2010-04-07 13:21:00,2011-07-08 10:20:00,6.0,1517.36,155.0,2.0,3.0,3.0,Loyal
14265,Unknown,2010-04-06 14:39:00,2011-08-22 13:32:00,4.0,1373.35,109.0,2.0,3.0,3.0,Loyal
14266,United Kingdom,2010-10-07 13:32:00,2010-10-07 13:32:00,1.0,40.56,428.0,1.0,1.0,1.0,Hibernating
14267,United Kingdom,2011-03-24 11:38:00,2011-06-30 10:09:00,3.0,1516.24,163.0,2.0,2.0,3.0,Hibernating
14268,United Kingdom,2010-08-26 10:45:00,2010-08-26 10:45:00,1.0,354.85,471.0,1.0,1.0,2.0,Hibernating
14269,United Kingdom,2010-09-26 12:53:00,2010-09-26 12:53:00,1.0,295.73,439.0,1.0,1.0,1.0,Hibernating
14270,United Kingdom,2011-01-12 09:33:00,2011-01-12 09:33:00,1.0,492.65,332.0,2.0,1.0,2.0,Hibernating
14271,United Kingdom,2010-10-26 17:01:00,2011-04-28 12:47:00,2.0,214.18,226.0,2.0,2.0,1.0,Hibernating
14272,United Kingdom,2010-05-06 14:01:00,2011-09-27 10:08:00,4.0,920.81,74.0,3.0,3.0,3.0,Champions
14273,United Kingdom,2011-04-11 13:24:00,2011-10-19 13:20:00,4.0,559.97,51.0,3.0,3.0,2.0,Loyal
14274,United Kingdom,2010-01-22 12:51:00,2010-01-22 12:51:00,1.0,256.6,686.0,1.0,1.0,1.0,Hibernating
14275,United Kingdom,2010-04-11 12:32:00,2010-11-09 09:06:00,6.0,1189.38,396.0,1.0,3.0,3.0,Loyal
14276,United Kingdom,2010-02-17 13:10:00,2011-09-02 09:45:00,7.0,2102.68,99.0,2.0,4.0,3.0,Loyal
14277,France,2009-12-13 15:43:00,2011-11-24 15:01:00,8.0,6367.16,15.0,4.0,4.0,4.0,Champions
14278,United Kingdom,2010-10-26 12:07:00,2010-10-26 12:07:00,1.0,205.83,410.0,1.0,1.0,1.0,Hibernating
14279,United Kingdom,2010-01-27 16:34:00,2010-07-07 08:42:00,2.0,191.86,521.0,1.0,2.0,1.0,At Risk
14280,United Kingdom,2011-05-27 10:37:00,2011-05-27 10:37:00,1.0,134.04,197.0,2.0,1.0,1.0,Hibernating
14281,United Kingdom,2010-10-27 14:45:00,2010-10-27 14:45:00,1.0,245.15,408.0,1.0,1.0,1.0,Hibernating
14282,United Kingdom,2010-02-15 11:22:00,2011-12-06 17:04:00,25.0,7250.76,3.0,4.0,4.0,4.0,Champions
14283,United Kingdom,2010-05-19 12:22:00,2010-09-02 14:46:00,4.0,628.44,463.0,1.0,3.0,2.0,Loyal
14284,United Kingdom,2010-02-24 12:06:00,2011-11-09 08:11:00,3.0,1299.65,31.0,3.0,2.0,3.0,Recent / Promising
14285,United Kingdom,2009-12-08 14:13:00,2011-11-18 14:50:00,8.0,3284.42,21.0,4.0,4.0,4.0,Champions
14286,United Kingdom,2009-12-04 08:40:00,2011-11-16 10:34:00,7.0,8479.76,24.0,4.0,4.0,4.0,Champions
14287,United Kingdom,2011-05-25 11:41:00,2011-12-01 13:25:00,3.0,176.63,8.0,4.0,2.0,1.0,Recent / Promising
14288,United Kingdom,2011-05-10 13:22:00,2011-05-10 13:22:00,1.0,426.6,213.0,2.0,1.0,2.0,Hibernating
14289,United Kingdom,2011-02-23 12:33:00,2011-12-01 11:44:00,6.0,911.26,9.0,4.0,3.0,3.0,Champions
14290,United Kingdom,2009-12-08 11:44:00,2011-11-28 14:02:00,8.0,4516.56,11.0,4.0,4.0,4.0,Champions
14291,United Kingdom,2009-12-09 10:46:00,2011-12-08 10:26:00,23.0,7904.1,2.0,4.0,4.0,4.0,Champions
14292,United Kingdom,2010-03-19 11:10:00,2011-12-02 11:50:00,16.0,9226.25,8.0,4.0,4.0,4.0,Champions
14293,United Kingdom,2009-12-10 10:57:00,2011-12-06 15:17:00,9.0,2903.01,3.0,4.0,4.0,4.0,Champions
14294,United Kingdom,2010-10-28 16:25:00,2010-10-28 16:25:00,1.0,375.34,407.0,1.0,1.0,2.0,Hibernating
14295,United Kingdom,2009-12-09 13:06:00,2011-10-30 15:50:00,4.0,2352.91,40.0,3.0,3.0,4.0,Champions
14296,United Kingdom,2010-05-14 14:34:00,2010-10-14 14:14:00,2.0,456.4,421.0,1.0,2.0,2.0,At Risk
14297,United Kingdom,2011-03-10 08:31:00,2011-11-22 09:06:00,4.0,1305.33,18.0,4.0,3.0,3.0,Champions
14298,United Kingdom,2009-12-11 13:49:00,2011-12-01 13:12:00,82.0,91194.49,8.0,4.0,4.0,4.0,Champions
14299,United Kingdom,2009-12-02 10:58:00,2011-12-01 16:05:00,27.0,14070.25,8.0,4.0,4.0,4.0,Champions
14300,United Kingdom,2011-11-21 08:57:00,2011-11-21 08:57:00,1.0,43.2,19.0,4.0,1.0,1.0,Recent / Promising
14301,United Kingdom,2010-02-11 13:07:00,2011-08-14 15:33:00,4.0,1992.18,117.0,2.0,3.0,3.0,Loyal
14302,United Kingdom,2009-12-02 08:16:00,2010-10-05 08:10:00,3.0,742.9,431.0,1.0,2.0,2.0,At Risk
14303,United Kingdom,2010-10-01 10:31:00,2010-10-28 15:37:00,2.0,277.94,407.0,1.0,2.0,1.0,At Risk
14304,United Kingdom,2010-05-18 10:50:00,2011-05-01 11:50:00,3.0,1725.01,223.0,2.0,2.0,3.0,Hibernating
14305,United Kingdom,2011-07-27 14:14:00,2011-09-29 15:29:00,3.0,1858.96,71.0,3.0,2.0,3.0,Recent / Promising
14306,United Kingdom,2010-01-31 13:42:00,2011-10-19 13:23:00,6.0,3151.4,51.0,3.0,3.0,4.0,Champions
14307,United Kingdom,2009-12-07 13:06:00,2011-09-12 09:38:00,10.0,4287.92,89.0,3.0,4.0,4.0,Champions
14309,United Kingdom,2010-06-07 10:24:00,2011-12-01 13:33:00,11.0,3780.81,8.0,4.0,4.0,4.0,Champions
14310,United Kingdom,2010-10-03 12:34:00,2010-10-03 12:34:00,1.0,492.1,433.0,1.0,1.0,2.0,Hibernating
14311,United Kingdom,2010-05-21 10:28:00,2011-04-11 10:14:00,2.0,516.45,243.0,2.0,2.0,2.0,Hibernating
14312,United Kingdom,2010-07-23 15:05:00,2011-10-24 09:46:00,11.0,3090.29,47.0,3.0,4.0,4.0,Champions
14314,United Kingdom,2010-10-05 08:00:00,2011-08-25 10:39:00,2.0,229.8,107.0,2.0,2.0,1.0,Hibernating
14315,United Kingdom,2010-03-15 12:49:00,2011-10-26 12:06:00,8.0,3197.82,45.0,3.0,4.0,4.0,Champions
14316,United Kingdom,2010-03-19 15:18:00,2010-10-13 16:31:00,5.0,1370.34,422.0,1.0,3.0,3.0,Loyal
14317,United Kingdom,2011-10-06 10:44:00,2011-10-06 10:44:00,1.0,508.58,65.0,3.0,1.0,2.0,Recent / Promising
14318,United Kingdom,2010-09-05 15:32:00,2010-09-05 15:32:00,1.0,158.02,460.0,1.0,1.0,1.0,Hibernating
14319,United Kingdom,2010-10-11 13:38:00,2010-10-11 13:38:00,1.0,494.85,424.0,1.0,1.0,2.0,Hibernating
14320,United Kingdom,2010-01-21 11:44:00,2011-05-17 09:24:00,5.0,1346.75,207.0,2.0,3.0,3.0,Loyal
14321,United Kingdom,2010-08-23 12:56:00,2011-11-29 09:47:00,7.0,2218.06,11.0,4.0,4.0,3.0,Champions
14322,United Kingdom,2010-02-18 08:49:00,2010-10-06 15:17:00,4.0,474.1,429.0,1.0,3.0,2.0,Loyal
14323,United Kingdom,2011-04-15 11:44:00,2011-08-17 11:37:00,2.0,605.06,115.0,2.0,2.0,2.0,Hibernating
14324,United Kingdom,2010-01-15 13:31:00,2010-10-26 11:44:00,2.0,701.61,410.0,1.0,2.0,2.0,At Risk
14325,United Kingdom,2010-05-19 09:20:00,2010-05-19 09:20:00,1.0,245.48,570.0,1.0,1.0,1.0,Hibernating
14326,United Kingdom,2010-06-25 12:10:00,2011-04-11 15:04:00,3.0,940.98,242.0,2.0,2.0,3.0,Hibernating
14327,United Kingdom,2010-01-08 14:04:00,2011-06-29 13:58:00,6.0,1894.93,163.0,2.0,3.0,3.0,Loyal
14329,United Kingdom,2009-12-16 15:31:00,2011-11-22 15:50:00,15.0,9887.62,17.0,4.0,4.0,4.0,Champions
14330,United Kingdom,2010-03-26 09:10:00,2010-03-26 09:10:00,1.0,200.63,624.0,1.0,1.0,1.0,Hibernating
14331,United Kingdom,2011-07-27 15:14:00,2011-08-07 13:17:00,2.0,462.66,124.0,2.0,2.0,2.0,Hibernating
14332,United Kingdom,2010-10-19 13:01:00,2011-11-17 11:54:00,5.0,1917.41,23.0,4.0,3.0,3.0,Champions
14333,United Kingdom,2011-10-03 10:38:00,2011-10-03 10:38:00,1.0,415.2,68.0,3.0,1.0,2.0,Recent / Promising
14334,United Kingdom,2010-05-20 10:04:00,2011-11-23 10:01:00,12.0,4318.48,17.0,4.0,4.0,4.0,Champions
14335,Germany,2011-09-04 13:07:00,2011-11-23 13:41:00,2.0,454.86,16.0,4.0,2.0,2.0,Recent / Promising
14336,United Kingdom,2011-03-08 16:48:00,2011-11-23 11:40:00,4.0,1614.91,17.0,4.0,3.0,3.0,Champions
14338,United Kingdom,2010-06-21 10:32:00,2011-07-01 14:08:00,3.0,928.1,161.0,2.0,2.0,3.0,Hibernating
14339,United Kingdom,2010-10-07 08:50:00,2011-04-11 11:06:00,2.0,620.27,243.0,2.0,2.0,2.0,Hibernating
14340,United Kingdom,2011-05-05 09:44:00,2011-05-05 09:44:00,1.0,134.7,219.0,2.0,1.0,1.0,Hibernating
14341,United Kingdom,2009-12-01 12:20:00,2011-10-25 15:48:00,18.0,4452.02,45.0,3.0,4.0,4.0,Champions
14342,United Kingdom,2010-08-24 13:03:00,2011-11-18 13:21:00,6.0,918.44,21.0,4.0,3.0,3.0,Champions
14343,United Kingdom,2010-01-18 16:47:00,2010-10-14 13:05:00,4.0,1079.66,421.0,1.0,3.0,3.0,Loyal
14344,United Kingdom,2010-03-23 15:47:00,2011-08-04 13:51:00,20.0,2993.05,127.0,2.0,4.0,4.0,Loyal
14345,United Kingdom,2011-11-01 09:51:00,2011-11-01 09:51:00,1.0,108.98,39.0,3.0,1.0,1.0,Recent / Promising
14346,United Kingdom,2010-07-30 10:44:00,2011-08-11 09:47:00,5.0,2315.75,121.0,2.0,3.0,4.0,Loyal
14347,United Kingdom,2009-12-03 10:49:00,2009-12-03 10:49:00,1.0,82.6,737.0,1.0,1.0,1.0,Hibernating
14348,United Kingdom,2011-03-24 16:23:00,2011-03-24 16:23:00,1.0,409.57,260.0,2.0,1.0,2.0,Hibernating
14349,United Kingdom,2011-11-29 15:39:00,2011-11-29 15:39:00,1.0,133.5,10.0,4.0,1.0,1.0,Recent / Promising
14350,United Kingdom,2010-10-05 15:52:00,2011-03-10 14:14:00,3.0,972.03,274.0,2.0,2.0,3.0,Hibernating
14351,United Kingdom,2011-06-28 11:56:00,2011-06-28 11:56:00,1.0,51.0,165.0,2.0,1.0,1.0,Hibernating
14352,United Kingdom,2011-03-11 14:58:00,2011-07-05 15:41:00,4.0,1078.96,157.0,2.0,3.0,3.0,Loyal
14353,United Kingdom,2010-10-04 12:38:00,2011-05-08 16:06:00,3.0,376.5,215.0,2.0,2.0,2.0,Hibernating
14354,United Kingdom,2011-11-09 15:36:00,2011-12-04 11:32:00,2.0,163.62,6.0,4.0,2.0,1.0,Recent / Promising
14355,United Kingdom,2010-03-22 15:08:00,2010-12-09 12:16:00,3.0,840.05,366.0,2.0,2.0,2.0,Hibernating
14356,United Kingdom,2011-09-19 14:43:00,2011-09-21 09:18:00,2.0,701.23,80.0,3.0,2.0,2.0,Recent / Promising
14357,United Kingdom,2011-10-27 16:23:00,2011-10-27 16:23:00,1.0,225.12,43.0,3.0,1.0,1.0,Recent / Promising
14358,United Kingdom,2010-10-07 17:26:00,2010-11-15 15:51:00,2.0,400.06,389.0,1.0,2.0,2.0,At Risk
14359,United Kingdom,2011-09-13 09:03:00,2011-11-20 13:17:00,3.0,912.18,19.0,4.0,2.0,3.0,Recent / Promising
14360,United Kingdom,2011-09-06 11:58:00,2011-11-08 09:12:00,4.0,2118.03,32.0,3.0,3.0,3.0,Champions
14361,United Kingdom,2010-05-10 12:29:00,2010-05-10 12:29:00,1.0,214.71,579.0,1.0,1.0,1.0,Hibernating
14362,United Kingdom,2011-11-17 15:08:00,2011-11-17 15:08:00,1.0,151.5,22.0,4.0,1.0,1.0,Recent / Promising
14363,United Kingdom,2010-09-14 14:39:00,2010-11-02 17:01:00,2.0,227.47,402.0,1.0,2.0,1.0,At Risk
14364,United Kingdom,2011-05-12 12:56:00,2011-08-23 11:01:00,8.0,3717.35,109.0,2.0,4.0,4.0,Loyal
14365,United Kingdom,2010-01-27 09:44:00,2010-11-10 09:52:00,2.0,634.68,395.0,1.0,2.0,2.0,At Risk
14366,United Kingdom,2010-07-02 17:23:00,2010-07-02 17:23:00,1.0,136.0,525.0,1.0,1.0,1.0,Hibernating
14367,United Kingdom,2011-03-08 14:12:00,2011-12-01 13:19:00,16.0,9227.82,8.0,4.0,4.0,4.0,Champions
14368,United Kingdom,2011-01-24 09:52:00,2011-01-24 09:52:00,1.0,155.0,320.0,2.0,1.0,1.0,Hibernating
14369,United Kingdom,2010-02-16 10:28:00,2010-03-07 15:47:00,2.0,469.13,642.0,1.0,2.0,2.0,At Risk
14370,United Kingdom,2010-02-01 08:35:00,2010-09-15 10:53:00,6.0,1175.78,451.0,1.0,3.0,3.0,Loyal
14371,United Kingdom,2011-02-17 16:35:00,2011-02-17 16:35:00,1.0,100.5,295.0,2.0,1.0,1.0,Hibernating
14372,United Kingdom,2010-04-19 15:57:00,2010-09-22 16:17:00,2.0,860.08,443.0,1.0,2.0,3.0,At Risk
14373,United Kingdom,2010-12-16 15:40:00,2010-12-16 15:40:00,1.0,76.55,358.0,2.0,1.0,1.0,Hibernating
14374,United Kingdom,2010-06-16 14:25:00,2010-06-16 14:25:00,1.0,108.0,541.0,1.0,1.0,1.0,Hibernating
14375,United Kingdom,2010-06-16 14:34:00,2011-06-07 13:44:00,3.0,1106.82,185.0,2.0,2.0,3.0,Hibernating
14376,United Kingdom,2010-01-25 15:36:00,2010-01-25 15:36:00,1.0,215.46,683.0,1.0,1.0,1.0,Hibernating
14377,United Kingdom,2011-03-22 13:38:00,2011-06-01 13:32:00,2.0,617.05,191.0,2.0,2.0,2.0,Hibernating
14378,United Kingdom,2010-03-28 12:22:00,2010-03-28 12:22:00,1.0,131.25,622.0,1.0,1.0,1.0,Hibernating
14379,United Kingdom,2010-08-16 15:31:00,2011-10-26 16:43:00,4.0,1265.16,44.0,3.0,3.0,3.0,Champions
14381,United Kingdom,2010-09-14 16:15:00,2011-10-18 17:10:00,2.0,625.94,52.0,3.0,2.0,2.0,Recent / Promising
14382,United Kingdom,2010-11-14 16:32:00,2011-11-13 16:18:00,2.0,1193.63,26.0,3.0,2.0,3.0,Recent / Promising
14383,United Kingdom,2011-06-29 10:18:00,2011-11-01 15:53:00,3.0,1247.69,38.0,3.0,2.0,3.0,Recent / Promising
14384,United Kingdom,2010-07-27 09:53:00,2010-07-27 09:53:00,1.0,58.5,501.0,1.0,1.0,1.0,Hibernating
14385,United Kingdom,2011-11-16 11:55:00,2011-11-30 15:36:00,3.0,202.11,9.0,4.0,2.0,1.0,Recent / Promising
14386,United Kingdom,2011-02-16 09:45:00,2011-02-16 09:45:00,1.0,142.4,297.0,2.0,1.0,1.0,Hibernating
14387,United Kingdom,2011-08-22 14:13:00,2011-11-07 12:29:00,3.0,1727.6,33.0,3.0,2.0,3.0,Recent / Promising
14388,United Kingdom,2010-01-20 11:54:00,2011-11-29 13:32:00,16.0,6388.2,10.0,4.0,4.0,4.0,Champions
14389,United Kingdom,2010-04-28 14:57:00,2011-10-05 15:17:00,5.0,1898.01,65.0,3.0,3.0,3.0,Champions
14390,United Kingdom,2010-10-10 14:30:00,2011-11-29 13:49:00,13.0,6150.03,10.0,4.0,4.0,4.0,Champions
14391,United Kingdom,2010-05-12 09:42:00,2010-05-12 09:42:00,1.0,135.6,577.0,1.0,1.0,1.0,Hibernating
14392,United Kingdom,2010-10-03 12:56:00,2010-10-03 12:56:00,1.0,266.4,432.0,1.0,1.0,1.0,Hibernating
14393,United Kingdom,2011-05-05 18:16:00,2011-05-05 18:16:00,1.0,67.95,218.0,2.0,1.0,1.0,Hibernating
14394,United Kingdom,2010-05-24 10:43:00,2010-05-24 10:43:00,1.0,93.8,565.0,1.0,1.0,1.0,Hibernating
14395,United Kingdom,2010-04-18 13:12:00,2011-12-07 14:34:00,20.0,7801.93,2.0,4.0,4.0,4.0,Champions
14396,United Kingdom,2009-12-02 14:21:00,2011-10-05 16:09:00,7.0,1969.38,65.0,3.0,4.0,3.0,Champions
14397,United Kingdom,2011-05-10 12:25:00,2011-12-07 09:22:00,19.0,2612.96,3.0,4.0,4.0,4.0,Champions
14398,United Kingdom,2010-06-30 11:57:00,2010-11-03 13:46:00,2.0,707.79,401.0,1.0,2.0,2.0,At Risk
14399,United Kingdom,2010-02-03 13:09:00,2010-11-10 13:23:00,8.0,2108.21,394.0,1.0,4.0,3.0,Loyal
14400,United Kingdom,2010-03-18 12:11:00,2011-07-13 15:50:00,3.0,1732.47,149.0,2.0,2.0,3.0,Hibernating
14401,United Kingdom,2009-12-14 13:22:00,2011-12-05 13:30:00,22.0,6795.9,4.0,4.0,4.0,4.0,Champions
14402,United Kingdom,2010-02-25 13:20:00,2010-02-25 13:20:00,1.0,285.6,652.0,1.0,1.0,1.0,Hibernating
14403,United Kingdom,2010-03-10 14:00:00,2011-08-01 12:57:00,6.0,1880.51,130.0,2.0,3.0,3.0,Loyal
14404,United Kingdom,2009-12-20 14:40:00,2011-11-06 12:30:00,13.0,2724.13,34.0,3.0,4.0,4.0,Champions
14405,United Kingdom,2010-11-18 11:40:00,2010-11-18 11:40:00,1.0,195.0,387.0,1.0,1.0,1.0,Hibernating
14406,United Kingdom,2011-08-12 16:54:00,2011-08-12 16:54:00,1.0,156.75,119.0,2.0,1.0,1.0,Hibernating
14407,United Kingdom,2011-03-08 11:59:00,2011-08-24 14:02:00,5.0,2142.73,107.0,2.0,3.0,3.0,Loyal
14408,United Kingdom,2009-12-07 12:18:00,2011-11-29 11:41:00,11.0,4102.27,11.0,4.0,4.0,4.0,Champions
14409,United Kingdom,2010-05-21 16:45:00,2011-09-29 18:18:00,9.0,3427.29,71.0,3.0,4.0,4.0,Champions
14410,United Kingdom,2010-09-28 15:46:00,2011-09-08 15:08:00,11.0,2630.9,92.0,3.0,4.0,4.0,Champions
14411,United Kingdom,2011-02-02 10:56:00,2011-02-02 10:56:00,1.0,1063.0,311.0,2.0,1.0,3.0,Hibernating
14412,United Kingdom,2010-10-11 12:33:00,2011-10-28 10:45:00,3.0,1426.19,43.0,3.0,2.0,3.0,Recent / Promising
14413,United Kingdom,2010-01-19 14:27:00,2010-12-12 13:37:00,3.0,421.72,362.0,2.0,2.0,2.0,Hibernating
14414,United Kingdom,2010-11-30 10:12:00,2011-09-09 12:09:00,8.0,2399.33,92.0,3.0,4.0,4.0,Champions
14415,United Kingdom,2009-12-16 14:08:00,2011-12-08 14:38:00,23.0,11980.09,1.0,4.0,4.0,4.0,Champions
14416,United Kingdom,2011-10-28 15:10:00,2011-11-17 15:22:00,2.0,490.22,22.0,4.0,2.0,2.0,Recent / Promising
14417,United Kingdom,2010-11-17 10:55:00,2010-11-17 10:55:00,1.0,524.65,388.0,1.0,1.0,2.0,Hibernating
14418,United Kingdom,2011-08-23 17:18:00,2011-12-06 11:39:00,3.0,1937.25,4.0,4.0,2.0,3.0,Recent / Promising
14419,United Kingdom,2010-11-22 11:09:00,2011-11-29 11:22:00,7.0,1254.64,11.0,4.0,4.0,3.0,Champions
14420,United Kingdom,2010-01-17 12:41:00,2011-09-01 18:07:00,4.0,1639.17,99.0,2.0,3.0,3.0,Loyal
14421,United Kingdom,2010-01-17 11:30:00,2011-10-13 13:24:00,6.0,2469.37,57.0,3.0,3.0,4.0,Champions
14422,United Kingdom,2009-12-17 12:12:00,2011-12-09 11:26:00,19.0,10271.52,1.0,4.0,4.0,4.0,Champions
14423,United Kingdom,2010-01-14 11:49:00,2011-05-05 15:12:00,3.0,916.61,218.0,2.0,2.0,3.0,Hibernating
14424,United Kingdom,2011-11-22 11:48:00,2011-11-22 11:48:00,1.0,322.08,18.0,4.0,1.0,1.0,Recent / Promising
14425,United Kingdom,2009-12-02 11:31:00,2010-10-01 10:24:00,3.0,661.39,435.0,1.0,2.0,2.0,At Risk
14426,United Kingdom,2010-03-04 14:36:00,2011-11-16 12:25:00,17.0,11727.94,24.0,4.0,4.0,4.0,Champions
14427,United Kingdom,2010-03-18 09:49:00,2011-10-20 14:23:00,4.0,1263.52,50.0,3.0,3.0,3.0,Champions
14428,United Kingdom,2011-01-18 16:39:00,2011-12-02 13:17:00,5.0,1224.06,7.0,4.0,3.0,3.0,Champions
14429,United Kingdom,2010-11-01 10:08:00,2010-11-01 10:08:00,1.0,516.28,404.0,1.0,1.0,2.0,Hibernating
14430,United Kingdom,2010-04-11 15:59:00,2010-07-16 11:35:00,3.0,1220.9,512.0,1.0,2.0,3.0,At Risk
14431,United Kingdom,2010-01-21 10:49:00,2011-02-10 10:40:00,4.0,2614.2,303.0,2.0,3.0,4.0,Loyal
14432,United Kingdom,2011-09-11 14:09:00,2011-11-30 08:04:00,6.0,2248.5,10.0,4.0,3.0,4.0,Champions
14433,United Kingdom,2010-08-31 12:35:00,2010-08-31 12:35:00,1.0,280.7,466.0,1.0,1.0,1.0,Hibernating
14434,United Kingdom,2011-09-28 15:31:00,2011-11-18 08:56:00,6.0,1372.8,22.0,4.0,3.0,3.0,Champions
14435,United Kingdom,2010-07-26 12:33:00,2010-07-26 12:33:00,1.0,90.42,502.0,1.0,1.0,1.0,Hibernating
14436,United Kingdom,2010-06-04 11:32:00,2011-09-02 10:13:00,2.0,271.7,99.0,2.0,2.0,1.0,Hibernating
14437,United Kingdom,2010-05-05 12:20:00,2010-12-09 09:27:00,5.0,873.34,366.0,2.0,3.0,3.0,Loyal
14438,United Kingdom,2011-02-06 14:56:00,2011-02-06 14:56:00,1.0,131.9,306.0,2.0,1.0,1.0,Hibernating
14439,Greece,2010-01-21 14:01:00,2011-01-24 11:39:00,5.0,9443.04,320.0,2.0,3.0,4.0,Loyal
14440,United Kingdom,2009-12-02 12:13:00,2011-12-01 15:42:00,13.0,5982.03,8.0,4.0,4.0,4.0,Champions
14441,United Kingdom,2010-01-18 10:40:00,2011-12-09 09:07:00,11.0,4611.69,1.0,4.0,4.0,4.0,Champions
14442,Channel Islands,2010-01-18 12:59:00,2011-05-19 11:36:00,7.0,5367.02,205.0,2.0,4.0,4.0,Loyal
14443,United Kingdom,2010-11-25 14:18:00,2011-10-17 10:10:00,5.0,2082.97,54.0,3.0,3.0,3.0,Champions
14444,United Kingdom,2010-09-09 18:56:00,2010-09-09 18:56:00,1.0,120.44,456.0,1.0,1.0,1.0,Hibernating
14445,United Kingdom,2010-09-10 11:09:00,2010-09-10 11:09:00,1.0,221.65,456.0,1.0,1.0,1.0,Hibernating
14446,United Kingdom,2010-11-18 12:08:00,2011-12-09 11:34:00,5.0,1195.48,1.0,4.0,3.0,3.0,Champions
14447,United Kingdom,2010-11-04 13:32:00,2011-11-21 08:28:00,6.0,1711.73,19.0,4.0,3.0,3.0,Champions
14448,United Kingdom,2010-12-10 17:26:00,2011-11-30 13:50:00,2.0,375.35,9.0,4.0,2.0,2.0,Recent / Promising
14449,United Kingdom,2010-09-29 13:15:00,2011-11-21 12:06:00,8.0,2230.96,19.0,4.0,4.0,3.0,Champions
14450,United Kingdom,2010-04-08 12:09:00,2011-06-12 10:46:00,7.0,1128.44,181.0,2.0,4.0,3.0,Loyal
14451,United Kingdom,2010-01-17 10:35:00,2011-10-10 13:38:00,12.0,3258.68,60.0,3.0,4.0,4.0,Champions
14452,United Kingdom,2010-07-06 13:13:00,2011-11-29 12:06:00,4.0,658.95,11.0,4.0,3.0,2.0,Loyal
14453,United Kingdom,2011-06-02 14:15:00,2011-06-02 14:15:00,1.0,119.93,190.0,2.0,1.0,1.0,Hibernating
14454,United Kingdom,2009-12-06 12:56:00,2010-11-28 13:26:00,5.0,977.3,376.0,2.0,3.0,3.0,Loyal
14455,United Kingdom,2010-08-01 13:26:00,2010-10-03 15:48:00,4.0,617.72,432.0,1.0,3.0,2.0,Loyal
14456,United Kingdom,2011-07-20 13:06:00,2011-12-04 13:59:00,9.0,3014.32,5.0,4.0,4.0,4.0,Champions
14457,United Kingdom,2011-02-02 09:39:00,2011-02-02 09:39:00,1.0,113.64,311.0,2.0,1.0,1.0,Hibernating
14458,United Kingdom,2010-11-24 12:43:00,2010-11-24 12:43:00,1.0,219.27,381.0,1.0,1.0,1.0,Hibernating
14459,United Kingdom,2010-02-26 13:26:00,2011-07-07 13:35:00,2.0,5375.74,155.0,2.0,2.0,4.0,Hibernating
14460,United Kingdom,2009-12-15 19:06:00,2011-08-21 14:19:00,9.0,1093.5,110.0,2.0,4.0,3.0,Loyal
14461,United Kingdom,2010-01-18 12:48:00,2011-07-14 17:11:00,13.0,6676.52,148.0,2.0,4.0,4.0,Loyal
14462,United Kingdom,2010-10-03 14:13:00,2011-10-04 15:55:00,12.0,2237.81,66.0,3.0,4.0,4.0,Champions
14463,United Kingdom,2010-07-28 11:35:00,2011-09-02 15:20:00,4.0,786.57,98.0,2.0,3.0,2.0,Loyal
14464,United Kingdom,2010-03-22 15:20:00,2010-05-20 18:00:00,2.0,111.0,568.0,1.0,2.0,1.0,At Risk
14465,United Kingdom,2010-01-07 15:03:00,2011-04-07 12:38:00,11.0,3925.85,247.0,2.0,4.0,4.0,Loyal
14466,United Kingdom,2009-12-13 15:44:00,2011-11-10 14:07:00,13.0,4267.15,29.0,3.0,4.0,4.0,Champions
14467,United Kingdom,2009-12-02 12:44:00,2011-11-22 12:48:00,12.0,2203.24,18.0,4.0,4.0,3.0,Champions
14468,United Kingdom,2009-12-06 12:21:00,2009-12-06 12:21:00,1.0,204.24,734.0,1.0,1.0,1.0,Hibernating
14469,United Kingdom,2010-01-29 11:12:00,2010-10-19 14:30:00,4.0,2093.46,416.0,1.0,3.0,3.0,Loyal
14470,United Kingdom,2010-10-05 12:39:00,2011-11-28 10:31:00,3.0,712.04,12.0,4.0,2.0,2.0,Recent / Promising
14471,United Kingdom,2009-12-07 12:26:00,2010-04-27 17:12:00,2.0,400.95,591.0,1.0,2.0,2.0,At Risk
14472,United Kingdom,2010-01-19 13:09:00,2011-08-28 11:01:00,9.0,2118.72,104.0,2.0,4.0,3.0,Loyal
14473,United Kingdom,2011-03-02 13:56:00,2011-09-26 15:10:00,2.0,234.34,74.0,3.0,2.0,1.0,Recent / Promising
14474,United Kingdom,2010-05-09 12:12:00,2011-10-24 13:26:00,2.0,1258.89,46.0,3.0,2.0,3.0,Recent / Promising
14475,United Kingdom,2010-10-27 09:20:00,2011-09-29 10:46:00,4.0,1151.15,72.0,3.0,3.0,3.0,Champions
14476,United Kingdom,2011-03-27 15:39:00,2011-03-27 15:39:00,1.0,193.0,257.0,2.0,1.0,1.0,Hibernating
14477,United Kingdom,2010-01-04 15:41:00,2011-11-20 11:11:00,7.0,1969.6,20.0,4.0,4.0,3.0,Champions
14478,United Kingdom,2009-12-01 13:20:00,2010-11-22 15:29:00,4.0,1276.66,382.0,1.0,3.0,3.0,Loyal
14479,United Kingdom,2009-12-06 13:48:00,2011-03-31 09:07:00,4.0,1124.71,254.0,2.0,3.0,3.0,Loyal
14480,United Kingdom,2009-12-21 16:32:00,2011-11-28 16:35:00,4.0,1299.52,11.0,4.0,3.0,3.0,Champions
14481,United Kingdom,2010-01-31 12:43:00,2011-06-28 10:38:00,5.0,2284.69,165.0,2.0,3.0,4.0,Loyal
14482,United Kingdom,2010-08-26 14:13:00,2011-11-21 13:14:00,12.0,4306.72,18.0,4.0,4.0,4.0,Champions
14483,United Kingdom,2009-12-03 10:16:00,2011-03-03 10:26:00,2.0,257.1,282.0,2.0,2.0,1.0,Hibernating
14484,United Kingdom,2009-12-17 10:57:00,2011-10-20 14:11:00,4.0,1070.98,50.0,3.0,3.0,3.0,Champions
14485,United Kingdom,2011-11-01 12:25:00,2011-11-01 12:25:00,1.0,162.8,39.0,3.0,1.0,1.0,Recent / Promising
14486,United Kingdom,2010-06-04 10:30:00,2010-07-16 09:42:00,2.0,175.5,512.0,1.0,2.0,1.0,At Risk
14487,United Kingdom,2010-11-25 13:36:00,2011-11-13 12:17:00,7.0,1266.27,27.0,3.0,4.0,3.0,Champions
14488,United Kingdom,2011-10-03 09:30:00,2011-10-03 09:30:00,1.0,1064.28,68.0,3.0,1.0,3.0,Recent / Promising
14489,United Kingdom,2010-04-06 09:52:00,2011-05-16 14:51:00,4.0,1574.93,207.0,2.0,3.0,3.0,Loyal
14490,United Kingdom,2010-10-07 11:36:00,2010-10-29 15:04:00,2.0,1273.47,406.0,1.0,2.0,3.0,At Risk
14491,United Kingdom,2010-12-02 12:10:00,2011-06-17 15:22:00,2.0,340.93,175.0,2.0,2.0,2.0,Hibernating
14492,United Kingdom,2010-03-30 14:23:00,2010-10-05 13:21:00,7.0,1921.91,430.0,1.0,4.0,3.0,Loyal
14493,United Kingdom,2010-03-08 08:33:00,2011-12-02 16:14:00,10.0,5087.86,7.0,4.0,4.0,4.0,Champions
14494,United Kingdom,2009-12-08 13:25:00,2011-11-14 09:21:00,3.0,401.46,26.0,3.0,2.0,2.0,Recent / Promising
14495,United Kingdom,2010-02-18 08:49:00,2011-10-20 12:28:00,3.0,174.8,51.0,3.0,2.0,1.0,Recent / Promising
14496,United Kingdom,2010-03-16 13:15:00,2011-02-01 09:01:00,7.0,2363.89,312.0,2.0,4.0,4.0,Loyal
14497,United Kingdom,2010-02-04 09:59:00,2011-02-03 17:01:00,2.0,697.06,309.0,2.0,2.0,2.0,Hibernating
14498,United Kingdom,2010-06-07 16:05:00,2011-10-28 12:09:00,10.0,3900.83,43.0,3.0,4.0,4.0,Champions
14499,United Kingdom,2010-08-27 11:57:00,2011-11-13 13:01:00,7.0,2101.79,26.0,3.0,4.0,3.0,Champions
14500,United Kingdom,2011-06-03 10:08:00,2011-09-12 16:45:00,3.0,356.85,88.0,3.0,2.0,2.0,Recent / Promising
14501,United Kingdom,2011-01-24 10:43:00,2011-06-09 12:02:00,2.0,251.21,184.0,2.0,2.0,1.0,Hibernating
14502,United Kingdom,2011-01-30 15:52:00,2011-11-20 11:50:00,11.0,2426.79,20.0,4.0,4.0,4.0,Champions
14503,United Kingdom,2011-06-14 10:00:00,2011-12-06 13:30:00,6.0,3543.26,3.0,4.0,3.0,4.0,Champions
14504,United Kingdom,2011-03-06 14:38:00,2011-10-23 16:00:00,4.0,673.26,47.0,3.0,3.0,2.0,Loyal
14505,United Kingdom,2009-12-09 14:48:00,2011-11-22 15:45:00,19.0,11873.08,17.0,4.0,4.0,4.0,Champions
14506,United Kingdom,2010-04-19 08:27:00,2011-11-22 13:02:00,7.0,2960.25,17.0,4.0,4.0,4.0,Champions
14507,United Kingdom,2009-12-10 17:04:00,2011-11-16 12:21:00,11.0,3216.74,24.0,4.0,4.0,4.0,Champions
14508,United Kingdom,2010-06-17 13:02:00,2011-11-17 19:48:00,5.0,822.92,22.0,4.0,3.0,2.0,Loyal
14509,United Kingdom,2010-06-23 13:21:00,2010-06-23 13:21:00,1.0,110.95,534.0,1.0,1.0,1.0,Hibernating
14510,United Kingdom,2010-09-29 13:35:00,2010-11-29 12:46:00,3.0,979.85,376.0,2.0,2.0,3.0,Hibernating
14511,United Kingdom,2011-07-29 12:13:00,2011-11-28 17:05:00,5.0,1314.81,11.0,4.0,3.0,3.0,Champions
14512,United Kingdom,2009-12-07 13:49:00,2011-06-05 12:39:00,7.0,1215.97,188.0,2.0,4.0,3.0,Loyal
14513,United Kingdom,2010-05-20 17:57:00,2011-08-31 11:25:00,6.0,788.01,101.0,2.0,3.0,2.0,Loyal
14514,United Kingdom,2009-12-13 13:21:00,2011-10-09 16:05:00,9.0,4380.04,61.0,3.0,4.0,4.0,Champions
14515,United Kingdom,2010-06-07 12:37:00,2011-11-22 11:37:00,12.0,3724.06,18.0,4.0,4.0,4.0,Champions
14516,United Kingdom,2010-07-11 14:07:00,2010-07-11 14:07:00,1.0,151.17,516.0,1.0,1.0,1.0,Hibernating
14517,United Kingdom,2011-07-21 11:42:00,2011-11-06 14:20:00,2.0,330.45,33.0,3.0,2.0,1.0,Recent / Promising
14518,United Kingdom,2011-10-06 14:43:00,2011-10-06 14:43:00,1.0,174.37,64.0,3.0,1.0,1.0,Recent / Promising
14519,United Kingdom,2009-12-11 10:40:00,2010-01-25 11:18:00,2.0,203.14,684.0,1.0,2.0,1.0,At Risk
14520,United Kingdom,2011-02-22 09:15:00,2011-12-08 09:46:00,2.0,270.6,2.0,4.0,2.0,1.0,Recent / Promising
14521,United Kingdom,2010-08-05 16:35:00,2010-08-05 16:35:00,1.0,199.45,491.0,1.0,1.0,1.0,Hibernating
14522,United Kingdom,2010-01-24 13:55:00,2011-11-15 13:24:00,8.0,1748.42,24.0,4.0,4.0,3.0,Champions
14523,United Kingdom,2011-08-23 13:13:00,2011-08-23 13:13:00,1.0,241.09,108.0,2.0,1.0,1.0,Hibernating
14524,United Kingdom,2010-10-19 11:44:00,2011-11-08 12:29:00,13.0,2909.86,32.0,3.0,4.0,4.0,Champions
14525,United Kingdom,2009-12-13 14:01:00,2011-11-20 11:37:00,17.0,8018.59,20.0,4.0,4.0,4.0,Champions
14526,United Kingdom,2010-11-15 13:32:00,2010-11-15 13:32:00,1.0,258.65,389.0,1.0,1.0,1.0,Hibernating
14527,United Kingdom,2009-12-02 12:06:00,2011-12-07 12:19:00,121.0,27191.1,3.0,4.0,4.0,4.0,Champions
14528,United Kingdom,2011-11-02 17:09:00,2011-11-02 17:09:00,1.0,364.22,37.0,3.0,1.0,2.0,Recent / Promising
14529,United Kingdom,2011-08-21 14:10:00,2011-10-10 15:27:00,3.0,578.61,60.0,3.0,2.0,2.0,Recent / Promising
14530,United Kingdom,2010-01-21 11:25:00,2011-11-14 10:38:00,16.0,6088.87,26.0,3.0,4.0,4.0,Champions
14531,United Kingdom,2010-08-17 10:16:00,2010-08-17 10:16:00,1.0,376.34,480.0,1.0,1.0,2.0,Hibernating
14532,United Kingdom,2010-01-10 11:47:00,2011-04-17 13:05:00,11.0,3845.78,236.0,2.0,4.0,4.0,Loyal
14533,United Kingdom,2010-04-08 12:13:00,2011-11-15 12:05:00,11.0,3382.37,25.0,4.0,4.0,4.0,Champions
14534,United Kingdom,2010-03-15 14:16:00,2011-12-07 12:19:00,26.0,6183.06,3.0,4.0,4.0,4.0,Champions
14535,United Kingdom,2010-02-24 15:03:00,2011-10-10 15:39:00,9.0,5961.89,60.0,3.0,4.0,4.0,Champions
14536,United Kingdom,2011-03-25 12:21:00,2011-03-25 12:21:00,1.0,170.95,260.0,2.0,1.0,1.0,Hibernating
14537,United Kingdom,2010-03-26 13:44:00,2011-10-13 10:54:00,2.0,641.4,58.0,3.0,2.0,2.0,Recent / Promising
14538,United Kingdom,2010-01-25 15:42:00,2011-10-06 10:31:00,5.0,1370.84,65.0,3.0,3.0,3.0,Champions
14539,United Kingdom,2011-10-26 12:03:00,2011-11-24 09:50:00,2.0,537.48,16.0,4.0,2.0,2.0,Recent / Promising
14540,United Kingdom,2009-12-07 13:00:00,2011-11-30 10:15:00,11.0,3709.64,10.0,4.0,4.0,4.0,Champions
14541,United Kingdom,2010-01-07 11:59:00,2011-10-12 10:08:00,14.0,2491.38,59.0,3.0,4.0,4.0,Champions
14542,United Kingdom,2011-06-07 08:19:00,2011-06-07 08:19:00,1.0,103.25,186.0,2.0,1.0,1.0,Hibernating
14543,United Kingdom,2009-12-01 13:47:00,2011-11-11 12:45:00,39.0,14548.22,29.0,3.0,4.0,4.0,Champions
14544,United Kingdom,2010-08-26 16:00:00,2011-11-15 15:06:00,3.0,2938.53,24.0,4.0,2.0,4.0,Recent / Promising
14545,United Kingdom,2010-02-03 15:23:00,2010-02-03 15:23:00,1.0,349.25,674.0,1.0,1.0,2.0,Hibernating
14546,United Kingdom,2009-12-06 13:10:00,2011-12-04 13:00:00,11.0,5184.84,5.0,4.0,4.0,4.0,Champions
14547,United Kingdom,2011-10-16 14:35:00,2011-12-06 11:06:00,8.0,3974.75,4.0,4.0,4.0,4.0,Champions
14548,United Kingdom,2009-12-06 14:00:00,2011-07-12 12:19:00,9.0,2541.29,151.0,2.0,4.0,4.0,Loyal
14549,United Kingdom,2009-12-02 14:06:00,2011-02-01 13:47:00,4.0,913.6,311.0,2.0,3.0,3.0,Loyal
14550,United Kingdom,2010-08-13 12:05:00,2011-11-29 12:12:00,4.0,1345.06,11.0,4.0,3.0,3.0,Champions
14551,United Kingdom,2010-01-27 12:06:00,2011-11-21 13:36:00,7.0,878.09,18.0,4.0,4.0,3.0,Champions
14552,United Kingdom,2010-04-26 13:44:00,2011-07-11 12:49:00,3.0,507.93,152.0,2.0,2.0,2.0,Hibernating
14553,United Kingdom,2010-07-18 12:07:00,2011-11-20 13:20:00,9.0,1818.6,19.0,4.0,4.0,3.0,Champions
14554,United Kingdom,2011-10-18 13:04:00,2011-11-29 16:44:00,4.0,2279.49,10.0,4.0,3.0,4.0,Champions
14555,United Kingdom,2009-12-18 11:39:00,2011-10-13 16:24:00,6.0,2304.03,57.0,3.0,3.0,4.0,Champions
14556,United Kingdom,2010-01-20 11:49:00,2010-04-22 14:57:00,3.0,815.69,596.0,1.0,2.0,2.0,At Risk
14557,United Kingdom,2011-09-15 15:48:00,2011-09-15 15:48:00,1.0,788.38,85.0,3.0,1.0,2.0,Recent / Promising
14558,United Kingdom,2009-12-08 10:41:00,2010-02-23 12:51:00,3.0,655.5,654.0,1.0,2.0,2.0,At Risk
14559,United Kingdom,2010-11-14 16:05:00,2010-11-14 16:05:00,1.0,75.6,390.0,1.0,1.0,1.0,Hibernating
14560,United Kingdom,2009-12-02 10:15:00,2011-12-02 15:22:00,44.0,6114.03,7.0,4.0,4.0,4.0,Champions
14561,United Kingdom,2011-06-08 13:26:00,2011-09-25 12:39:00,3.0,1080.76,76.0,3.0,2.0,3.0,Recent / Promising
14562,United Kingdom,2010-02-07 14:10:00,2011-12-06 11:05:00,26.0,6638.15,4.0,4.0,4.0,4.0,Champions
14563,United Kingdom,2010-04-26 12:51:00,2010-07-18 12:01:00,2.0,625.42,510.0,1.0,2.0,2.0,At Risk
14564,Channel Islands,2009-12-04 09:27:00,2010-10-01 09:02:00,2.0,2605.62,435.0,1.0,2.0,4.0,At Risk
14565,United Kingdom,2010-08-23 09:48:00,2011-09-05 09:07:00,5.0,3709.22,96.0,2.0,3.0,4.0,Loyal
14566,Channel Islands,2010-06-24 10:34:00,2011-08-21 11:05:00,4.0,4092.0,111.0,2.0,3.0,4.0,Loyal
14567,United Kingdom,2011-08-01 13:48:00,2011-10-14 10:21:00,2.0,1530.36,57.0,3.0,2.0,3.0,Recent / Promising
14568,Channel Islands,2010-09-30 17:15:00,2010-09-30 17:15:00,1.0,919.7,435.0,1.0,1.0,3.0,Hibernating
14569,United Kingdom,2010-04-15 11:49:00,2011-12-08 14:58:00,4.0,597.33,1.0,4.0,3.0,2.0,Loyal
14570,United Kingdom,2010-09-22 13:07:00,2011-03-04 10:58:00,3.0,512.4,281.0,2.0,2.0,2.0,Hibernating
14571,United Kingdom,2010-10-10 15:06:00,2010-10-10 15:06:00,1.0,160.0,425.0,1.0,1.0,1.0,Hibernating
14572,United Kingdom,2010-03-28 13:47:00,2011-12-06 14:40:00,11.0,5520.98,3.0,4.0,4.0,4.0,Champions
14573,United Kingdom,2010-01-08 16:34:00,2011-06-13 11:15:00,13.0,2163.12,180.0,2.0,4.0,3.0,Loyal
14574,United Kingdom,2009-12-07 12:42:00,2009-12-07 12:42:00,1.0,143.7,733.0,1.0,1.0,1.0,Hibernating
14575,United Kingdom,2010-08-08 14:51:00,2010-08-08 14:51:00,1.0,420.22,488.0,1.0,1.0,2.0,Hibernating
14576,United Kingdom,2010-12-02 17:51:00,2010-12-02 17:51:00,1.0,35.4,372.0,2.0,1.0,1.0,Hibernating
14577,United Kingdom,2009-12-11 12:09:00,2011-11-27 12:47:00,7.0,1364.15,13.0,4.0,4.0,3.0,Champions
14578,United Kingdom,2011-12-06 17:18:00,2011-12-06 17:18:00,1.0,168.63,3.0,4.0,1.0,1.0,Recent / Promising
14579,United Kingdom,2010-10-03 14:36:00,2010-10-03 14:36:00,1.0,105.56,432.0,1.0,1.0,1.0,Hibernating
14580,United Kingdom,2010-07-09 15:20:00,2010-07-09 15:20:00,1.0,14.85,518.0,1.0,1.0,1.0,Hibernating
14581,United Kingdom,2010-06-13 15:48:00,2011-11-23 12:39:00,2.0,409.65,17.0,4.0,2.0,2.0,Recent / Promising
14582,United Kingdom,2011-10-30 11:56:00,2011-10-30 11:56:00,1.0,114.11,41.0,3.0,1.0,1.0,Recent / Promising
14583,United Kingdom,2010-03-28 15:16:00,2011-12-04 12:32:00,8.0,1660.29,6.0,4.0,4.0,3.0,Champions
14584,United Kingdom,2010-02-17 14:01:00,2011-06-23 18:33:00,8.0,1738.16,169.0,2.0,4.0,3.0,Loyal
14585,United Kingdom,2010-10-19 12:17:00,2011-10-20 14:33:00,5.0,1143.27,50.0,3.0,3.0,3.0,Champions
14586,United Kingdom,2011-03-08 10:04:00,2011-03-08 10:04:00,1.0,237.36,277.0,2.0,1.0,1.0,Hibernating
14587,United Kingdom,2011-01-12 13:16:00,2011-11-21 11:34:00,9.0,1580.29,19.0,4.0,4.0,3.0,Champions
14588,United Kingdom,2010-05-10 15:08:00,2010-05-10 15:08:00,1.0,135.39,578.0,1.0,1.0,1.0,Hibernating
14589,United Kingdom,2010-12-03 11:42:00,2010-12-03 11:42:00,1.0,39.75,372.0,2.0,1.0,1.0,Hibernating
14590,United Kingdom,2009-12-07 14:10:00,2010-10-11 12:06:00,20.0,2993.37,425.0,1.0,4.0,4.0,Loyal
14591,United Kingdom,2011-05-10 14:09:00,2011-11-24 13:57:00,4.0,1320.21,15.0,4.0,3.0,3.0,Champions
14592,United Kingdom,2011-10-06 18:08:00,2011-11-04 16:35:00,3.0,557.94,35.0,3.0,2.0,2.0,Recent / Promising
14593,United Kingdom,2009-12-09 12:57:00,2011-11-18 12:48:00,12.0,3658.03,22.0,4.0,4.0,4.0,Champions
14594,United Kingdom,2010-12-01 13:54:00,2011-12-02 13:28:00,2.0,363.33,7.0,4.0,2.0,2.0,Recent / Promising
14595,United Kingdom,2010-01-20 13:59:00,2011-11-20 12:12:00,8.0,2164.45,20.0,4.0,4.0,3.0,Champions
14596,United Kingdom,2010-03-23 12:13:00,2010-03-23 12:13:00,1.0,222.22,627.0,1.0,1.0,1.0,Hibernating
14597,United Kingdom,2010-09-28 13:17:00,2011-11-28 13:13:00,6.0,2184.63,11.0,4.0,3.0,3.0,Champions
14598,United Kingdom,2010-05-19 13:07:00,2011-10-26 13:19:00,2.0,384.04,44.0,3.0,2.0,2.0,Recent / Promising
14599,United Kingdom,2010-07-18 15:54:00,2010-11-14 14:49:00,2.0,457.89,390.0,1.0,2.0,2.0,At Risk
14600,United Kingdom,2010-11-11 15:56:00,2011-02-07 09:48:00,2.0,865.17,306.0,2.0,2.0,3.0,Hibernating
14601,United Kingdom,2011-11-29 09:48:00,2011-11-29 09:48:00,1.0,213.96,11.0,4.0,1.0,1.0,Recent / Promising
14602,United Kingdom,2010-02-21 15:47:00,2010-02-21 15:47:00,1.0,205.36,656.0,1.0,1.0,1.0,Hibernating
14603,United Kingdom,2011-03-10 10:27:00,2011-03-10 10:27:00,1.0,660.0,275.0,2.0,1.0,2.0,Hibernating
14604,United Kingdom,2010-03-16 13:00:00,2010-03-16 13:00:00,1.0,136.36,633.0,1.0,1.0,1.0,Hibernating
14605,United Kingdom,2009-12-08 13:59:00,2010-11-30 14:07:00,4.0,920.71,374.0,2.0,3.0,3.0,Loyal
14606,United Kingdom,2009-12-03 12:40:00,2011-12-08 19:28:00,184.0,29648.75,1.0,4.0,4.0,4.0,Champions
14607,United Kingdom,2009-12-15 11:25:00,2011-11-24 10:35:00,20.0,22575.13,16.0,4.0,4.0,4.0,Champions
14608,United Kingdom,2009-12-06 12:34:00,2011-12-05 16:52:00,10.0,3342.94,4.0,4.0,4.0,4.0,Champions
14609,United Kingdom,2010-02-09 09:48:00,2011-09-28 12:54:00,8.0,1078.2,72.0,3.0,4.0,3.0,Champions
14610,United Kingdom,2010-07-13 16:06:00,2010-11-09 10:58:00,2.0,24.35,396.0,1.0,2.0,1.0,At Risk
14611,United Kingdom,2010-04-20 10:19:00,2010-09-22 09:19:00,2.0,604.33,444.0,1.0,2.0,2.0,At Risk
14612,United Kingdom,2010-10-20 16:01:00,2010-10-20 16:01:00,1.0,877.7,415.0,1.0,1.0,3.0,Hibernating
14613,United Kingdom,2010-01-28 13:02:00,2010-01-28 13:02:00,1.0,76.32,680.0,1.0,1.0,1.0,Hibernating
14614,United Kingdom,2010-11-18 13:04:00,2010-11-18 13:04:00,1.0,295.13,386.0,1.0,1.0,1.0,Hibernating
14615,United Kingdom,2010-06-09 13:59:00,2010-11-10 13:36:00,5.0,951.76,394.0,1.0,3.0,3.0,Loyal
14616,United Kingdom,2010-06-09 09:42:00,2011-04-11 09:54:00,5.0,527.78,243.0,2.0,3.0,2.0,Loyal
14617,United Kingdom,2010-10-20 10:40:00,2010-11-02 11:41:00,2.0,190.47,403.0,1.0,2.0,1.0,At Risk
14618,United Kingdom,2010-06-11 10:11:00,2011-11-30 13:45:00,7.0,1342.32,9.0,4.0,4.0,3.0,Champions
14619,United Kingdom,2010-06-16 14:41:00,2011-04-08 07:37:00,2.0,1291.24,246.0,2.0,2.0,3.0,Hibernating
14620,United Kingdom,2011-03-01 08:30:00,2011-05-18 11:58:00,2.0,412.78,206.0,2.0,2.0,2.0,Hibernating
14621,United Kingdom,2010-01-25 09:08:00,2011-12-08 16:22:00,9.0,3000.57,1.0,4.0,4.0,4.0,Champions
14622,United Kingdom,2011-06-08 12:42:00,2011-06-08 12:42:00,1.0,320.58,185.0,2.0,1.0,1.0,Hibernating
14623,United Kingdom,2010-04-16 17:12:00,2011-11-07 13:56:00,10.0,2012.3,32.0,3.0,4.0,3.0,Champions
14624,United Kingdom,2010-04-14 10:44:00,2011-10-13 13:44:00,6.0,814.07,57.0,3.0,3.0,2.0,Loyal
14625,United Kingdom,2009-12-16 13:23:00,2011-05-27 15:32:00,11.0,4497.88,196.0,2.0,4.0,4.0,Loyal
14626,United Kingdom,2009-12-10 14:57:00,2011-11-16 10:37:00,11.0,5410.92,24.0,4.0,4.0,4.0,Champions
14627,United Kingdom,2010-11-25 16:32:00,2010-11-25 16:32:00,1.0,462.75,379.0,2.0,1.0,2.0,Hibernating
14628,United Kingdom,2010-01-25 14:40:00,2011-09-09 14:58:00,5.0,1998.0,91.0,3.0,3.0,3.0,Champions
14629,United Kingdom,2011-10-23 16:13:00,2011-12-05 16:55:00,2.0,955.26,4.0,4.0,2.0,3.0,Recent / Promising
14630,United Kingdom,2010-08-12 16:38:00,2010-08-12 16:38:00,1.0,338.65,484.0,1.0,1.0,1.0,Hibernating
14631,United Kingdom,2010-08-09 14:45:00,2011-10-20 11:17:00,6.0,2025.69,51.0,3.0,3.0,3.0,Champions
14632,United Kingdom,2011-03-22 08:49:00,2011-03-22 08:49:00,1.0,114.56,263.0,2.0,1.0,1.0,Hibernating
14633,United Kingdom,2011-03-18 17:07:00,2011-03-18 17:07:00,1.0,344.9,266.0,2.0,1.0,2.0,Hibernating
14634,United Kingdom,2010-06-16 09:48:00,2010-09-28 10:40:00,4.0,2124.46,438.0,1.0,3.0,3.0,Loyal
14635,United Kingdom,2010-09-12 10:47:00,2010-09-12 10:47:00,1.0,215.22,454.0,1.0,1.0,1.0,Hibernating
14636,United Kingdom,2011-03-16 09:52:00,2011-11-03 16:12:00,2.0,609.85,36.0,3.0,2.0,2.0,Recent / Promising
14637,United Kingdom,2010-01-31 15:52:00,2010-01-31 15:52:00,1.0,106.68,677.0,1.0,1.0,1.0,Hibernating
14638,United Kingdom,2011-10-20 10:10:00,2011-10-20 10:10:00,1.0,443.6,51.0,3.0,1.0,2.0,Recent / Promising
14639,United Kingdom,2010-02-16 12:35:00,2011-10-18 15:06:00,9.0,4978.96,52.0,3.0,4.0,4.0,Champions
14640,United Kingdom,2010-01-22 15:44:00,2011-11-15 13:07:00,10.0,3649.36,24.0,4.0,4.0,4.0,Champions
14641,United Kingdom,2011-11-18 10:42:00,2011-11-18 10:42:00,1.0,110.46,22.0,4.0,1.0,1.0,Recent / Promising
14642,United Kingdom,2011-10-12 11:08:00,2011-10-12 11:08:00,1.0,96.12,59.0,3.0,1.0,1.0,Recent / Promising
14643,United Kingdom,2009-12-11 11:52:00,2011-06-22 14:41:00,5.0,1679.89,170.0,2.0,3.0,3.0,Loyal
14644,United Kingdom,2009-12-03 16:24:00,2011-10-03 08:30:00,7.0,2247.72,68.0,3.0,4.0,4.0,Champions
14645,United Kingdom,2010-03-15 11:33:00,2011-07-06 09:15:00,3.0,876.89,157.0,2.0,2.0,3.0,Hibernating
14646,Netherlands,2009-12-02 16:52:00,2011-12-08 12:12:00,145.0,526751.52,2.0,4.0,4.0,4.0,Champions
14647,United Kingdom,2010-07-04 13:27:00,2011-05-22 13:40:00,2.0,506.04,201.0,2.0,2.0,2.0,Hibernating
14648,United Kingdom,2009-12-10 13:59:00,2010-10-19 13:12:00,15.0,4463.39,416.0,1.0,4.0,4.0,Loyal
14649,United Kingdom,2010-01-20 13:10:00,2011-12-05 12:30:00,9.0,3651.19,5.0,4.0,4.0,4.0,Champions
14650,United Kingdom,2010-04-29 20:27:00,2010-04-29 20:27:00,1.0,62.5,589.0,1.0,1.0,1.0,Hibernating
14651,United Kingdom,2010-03-18 11:39:00,2011-10-03 15:52:00,9.0,2025.52,67.0,3.0,4.0,3.0,Champions
14652,United Kingdom,2011-09-23 14:21:00,2011-09-23 14:21:00,1.0,114.18,77.0,3.0,1.0,1.0,Recent / Promising
14653,United Kingdom,2009-12-02 11:51:00,2011-12-08 13:45:00,11.0,3404.8,1.0,4.0,4.0,4.0,Champions
14654,United Kingdom,2009-12-01 12:57:00,2009-12-01 12:57:00,1.0,246.86,738.0,1.0,1.0,1.0,Hibernating
14655,United Kingdom,2010-04-22 14:29:00,2011-12-01 16:28:00,7.0,3878.51,8.0,4.0,4.0,4.0,Champions
14656,United Kingdom,2010-04-15 12:10:00,2011-06-23 13:51:00,5.0,790.0,169.0,2.0,3.0,2.0,Loyal
14657,United Kingdom,2010-09-30 19:57:00,2011-11-22 12:47:00,6.0,1450.19,18.0,4.0,3.0,3.0,Champions
14658,United Kingdom,2011-08-14 15:42:00,2011-12-04 15:35:00,2.0,247.15,5.0,4.0,2.0,1.0,Recent / Promising
14659,United Kingdom,2011-01-28 12:43:00,2011-12-01 12:17:00,9.0,2529.93,9.0,4.0,4.0,4.0,Champions
14660,United Kingdom,2011-08-31 10:40:00,2011-09-14 11:34:00,2.0,285.74,87.0,3.0,2.0,1.0,Recent / Promising
14661,United Kingdom,2011-11-13 11:51:00,2011-11-13 11:51:00,1.0,107.95,27.0,3.0,1.0,1.0,Recent / Promising
14662,United Kingdom,2009-12-03 16:47:00,2011-11-11 12:13:00,7.0,1376.43,29.0,3.0,4.0,3.0,Champions
14663,United Kingdom,2010-10-05 13:12:00,2010-10-05 13:21:00,2.0,490.6,430.0,1.0,2.0,2.0,At Risk
14664,United Kingdom,2011-11-06 14:56:00,2011-11-20 10:59:00,2.0,636.24,20.0,4.0,2.0,2.0,Recent / Promising
14665,United Kingdom,2010-04-26 11:17:00,2011-10-10 09:14:00,7.0,2749.65,61.0,3.0,4.0,4.0,Champions
14666,United Kingdom,2011-11-15 12:57:00,2011-11-15 12:57:00,1.0,179.95,24.0,4.0,1.0,1.0,Recent / Promising
14667,United Kingdom,2009-12-02 12:38:00,2011-11-29 11:30:00,54.0,20359.59,11.0,4.0,4.0,4.0,Champions
14668,United Kingdom,2010-09-20 15:03:00,2010-09-20 15:03:00,1.0,111.63,445.0,1.0,1.0,1.0,Hibernating
14669,United Kingdom,2009-12-02 13:06:00,2011-04-12 11:43:00,7.0,3216.78,242.0,2.0,4.0,4.0,Loyal
14670,United Kingdom,2009-12-07 13:59:00,2011-03-04 14:13:00,3.0,583.33,280.0,2.0,2.0,2.0,Hibernating
14671,United Kingdom,2010-05-20 18:21:00,2010-06-08 13:39:00,2.0,1127.45,549.0,1.0,2.0,3.0,At Risk
14672,United Kingdom,2010-01-28 11:33:00,2011-04-19 10:19:00,4.0,1113.14,235.0,2.0,3.0,3.0,Loyal
14673,United Kingdom,2010-10-26 10:14:00,2011-12-06 14:31:00,7.0,3037.32,3.0,4.0,4.0,4.0,Champions
14674,United Kingdom,2010-07-18 14:25:00,2010-07-18 14:25:00,1.0,173.66,509.0,1.0,1.0,1.0,Hibernating
14675,United Kingdom,2010-11-16 12:22:00,2011-11-23 12:58:00,2.0,1015.58,16.0,4.0,2.0,3.0,Recent / Promising
14676,United Kingdom,2010-03-10 09:30:00,2011-11-08 13:29:00,12.0,8356.79,31.0,3.0,4.0,4.0,Champions
14677,United Kingdom,2010-04-26 09:48:00,2010-04-26 09:48:00,1.0,184.91,593.0,1.0,1.0,1.0,Hibernating
14678,United Kingdom,2010-05-09 14:32:00,2010-05-09 14:32:00,1.0,403.39,579.0,1.0,1.0,2.0,Hibernating
14679,United Kingdom,2009-12-08 17:13:00,2010-11-23 11:51:00,3.0,1289.44,382.0,1.0,2.0,3.0,At Risk
14680,United Kingdom,2009-12-04 12:36:00,2011-11-14 16:59:00,58.0,55688.5,25.0,4.0,4.0,4.0,Champions
14681,United Kingdom,2010-02-24 08:54:00,2011-09-29 15:52:00,6.0,875.15,71.0,3.0,3.0,3.0,Champions
14682,United Kingdom,2010-02-05 14:47:00,2011-06-05 12:12:00,6.0,1514.81,188.0,2.0,3.0,3.0,Loyal
14683,United Kingdom,2010-04-30 17:18:00,2010-04-30 17:18:00,1.0,146.56,588.0,1.0,1.0,1.0,Hibernating
14684,United Kingdom,2010-11-14 14:07:00,2011-11-14 11:33:00,6.0,1430.03,26.0,3.0,3.0,3.0,Champions
14685,United Kingdom,2009-12-13 11:32:00,2010-05-12 13:08:00,8.0,4536.64,576.0,1.0,4.0,4.0,Loyal
14686,United Kingdom,2010-02-18 18:29:00,2010-10-21 18:31:00,5.0,852.53,414.0,1.0,3.0,2.0,Loyal
14687,United Kingdom,2010-06-06 10:36:00,2011-08-25 11:59:00,3.0,1402.06,107.0,2.0,2.0,3.0,Hibernating
14688,United Kingdom,2010-09-09 12:35:00,2011-12-02 12:26:00,28.0,7190.42,8.0,4.0,4.0,4.0,Champions
14689,United Kingdom,2011-05-15 11:22:00,2011-05-15 11:22:00,1.0,112.8,209.0,2.0,1.0,1.0,Hibernating
14690,United Kingdom,2010-10-25 12:20:00,2011-10-26 15:39:00,4.0,777.68,44.0,3.0,3.0,2.0,Loyal
14691,United Kingdom,2011-05-11 09:55:00,2011-11-09 12:30:00,5.0,2114.33,31.0,3.0,3.0,3.0,Champions
14692,United Kingdom,2010-04-01 14:04:00,2011-07-25 15:08:00,12.0,1715.14,137.0,2.0,4.0,3.0,Loyal
14693,United Kingdom,2010-07-02 08:28:00,2011-03-20 12:50:00,7.0,1165.36,265.0,2.0,4.0,3.0,Loyal
14694,United Kingdom,2010-04-01 19:46:00,2010-04-01 19:46:00,1.0,244.31,617.0,1.0,1.0,1.0,Hibernating
14695,United Kingdom,2009-12-07 11:05:00,2010-07-08 14:18:00,3.0,1534.22,519.0,1.0,2.0,3.0,At Risk
14696,United Kingdom,2010-10-14 11:43:00,2011-12-05 13:43:00,8.0,2473.28,4.0,4.0,4.0,4.0,Champions
14697,United Kingdom,2011-05-05 15:29:00,2011-05-05 15:39:00,2.0,188.61,218.0,2.0,2.0,1.0,Hibernating
14698,United Kingdom,2011-10-19 12:54:00,2011-12-08 12:26:00,5.0,1217.27,2.0,4.0,3.0,3.0,Champions
14699,United Kingdom,2010-07-02 12:04:00,2011-05-09 14:54:00,4.0,702.6,214.0,2.0,3.0,2.0,Loyal
14700,United Kingdom,2010-08-11 12:19:00,2011-11-07 14:40:00,5.0,3076.06,32.0,3.0,3.0,4.0,Champions
14701,United Kingdom,2010-01-24 12:15:00,2011-11-29 12:38:00,15.0,4487.11,11.0,4.0,4.0,4.0,Champions
14702,United Kingdom,2009-12-10 20:22:00,2011-12-08 19:29:00,29.0,6356.98,1.0,4.0,4.0,4.0,Champions
14703,United Kingdom,2011-11-25 09:23:00,2011-11-25 09:23:00,1.0,318.17,15.0,4.0,1.0,1.0,Recent / Promising
14704,United Kingdom,2010-03-25 17:21:00,2011-11-20 12:20:00,9.0,1720.58,20.0,4.0,4.0,3.0,Champions
14705,United Kingdom,2011-05-25 12:39:00,2011-05-25 12:39:00,1.0,179.0,199.0,2.0,1.0,1.0,Hibernating
14706,United Kingdom,2010-03-31 11:09:00,2010-03-31 11:09:00,1.0,367.54,619.0,1.0,1.0,2.0,Hibernating
14707,United Kingdom,2010-05-12 11:07:00,2010-09-30 11:37:00,2.0,139.2,436.0,1.0,2.0,1.0,At Risk
14708,United Kingdom,2010-09-10 10:26:00,2011-12-07 08:21:00,5.0,1793.22,3.0,4.0,3.0,3.0,Champions
14709,United Kingdom,2009-12-05 15:26:00,2011-11-24 15:41:00,25.0,8886.33,15.0,4.0,4.0,4.0,Champions
14710,United Kingdom,2009-12-03 17:12:00,2011-11-25 14:53:00,13.0,1899.79,14.0,4.0,4.0,3.0,Champions
14711,United Kingdom,2011-03-22 13:32:00,2011-11-29 14:58:00,11.0,2839.62,10.0,4.0,4.0,4.0,Champions
14712,United Kingdom,2010-10-17 14:49:00,2011-11-10 12:59:00,4.0,1328.07,29.0,3.0,3.0,3.0,Champions
14713,United Kingdom,2009-12-03 19:22:00,2011-11-30 16:26:00,21.0,5115.36,9.0,4.0,4.0,4.0,Champions
14714,United Kingdom,2010-01-21 11:51:00,2011-11-15 13:07:00,4.0,906.24,24.0,4.0,3.0,3.0,Champions
14715,United Kingdom,2010-01-19 12:18:00,2011-11-15 12:10:00,8.0,1809.55,25.0,4.0,4.0,3.0,Champions
14716,United Kingdom,2010-09-21 12:07:00,2011-10-27 17:29:00,3.0,543.28,43.0,3.0,2.0,2.0,Recent / Promising
14717,United Kingdom,2009-12-06 13:05:00,2009-12-06 13:05:00,1.0,81.3,733.0,1.0,1.0,1.0,Hibernating
14718,United Kingdom,2010-10-25 13:07:00,2010-10-25 13:07:00,1.0,226.42,410.0,1.0,1.0,1.0,Hibernating
14719,United Kingdom,2011-04-04 14:17:00,2011-12-08 12:43:00,5.0,1581.84,2.0,4.0,3.0,3.0,Champions
14720,United Kingdom,2011-08-05 12:06:00,2011-12-04 12:02:00,3.0,663.81,6.0,4.0,2.0,2.0,Recent / Promising
14721,United Kingdom,2010-11-25 13:08:00,2010-11-25 13:08:00,1.0,109.07,379.0,2.0,1.0,1.0,Hibernating
14722,United Kingdom,2010-08-10 13:28:00,2011-07-15 14:58:00,3.0,489.52,147.0,2.0,2.0,2.0,Hibernating
14723,United Kingdom,2009-12-04 11:22:00,2011-11-29 15:23:00,11.0,1801.36,10.0,4.0,4.0,3.0,Champions
14724,United Kingdom,2010-04-28 13:26:00,2010-04-28 13:26:00,1.0,341.9,590.0,1.0,1.0,2.0,Hibernating
14725,United Kingdom,2010-06-23 11:34:00,2011-11-15 12:42:00,4.0,1246.86,25.0,4.0,3.0,3.0,Champions
14726,United Kingdom,2010-02-23 12:35:00,2010-02-23 12:35:00,1.0,116.5,655.0,1.0,1.0,1.0,Hibernating
14727,United Kingdom,2010-06-11 13:23:00,2011-03-10 14:45:00,3.0,461.03,274.0,2.0,2.0,2.0,Hibernating
14728,United Kingdom,2010-10-22 15:57:00,2010-10-22 15:57:00,1.0,190.58,413.0,1.0,1.0,1.0,Hibernating
14729,United Kingdom,2010-03-24 13:30:00,2010-12-01 12:43:00,3.0,586.24,374.0,2.0,2.0,2.0,Hibernating
14730,United Kingdom,2011-03-08 12:49:00,2011-12-08 14:39:00,8.0,1897.57,1.0,4.0,4.0,3.0,Champions
14731,United Kingdom,2011-05-11 13:06:00,2011-10-23 15:54:00,3.0,380.02,47.0,3.0,2.0,2.0,Recent / Promising
14732,United Kingdom,2009-12-09 10:48:00,2011-12-01 14:34:00,19.0,5517.07,8.0,4.0,4.0,4.0,Champions
14733,United Kingdom,2010-11-02 15:42:00,2011-11-23 15:39:00,15.0,14335.15,16.0,4.0,4.0,4.0,Champions
14734,United Kingdom,2010-06-06 15:15:00,2010-10-10 12:04:00,4.0,1056.42,426.0,1.0,3.0,3.0,Loyal
14735,United Kingdom,2009-12-04 11:32:00,2011-12-06 12:09:00,55.0,12225.16,4.0,4.0,4.0,4.0,Champions
14736,United Kingdom,2010-08-11 15:13:00,2010-08-11 15:21:00,2.0,374.05,485.0,1.0,2.0,2.0,At Risk
14737,United Kingdom,2010-11-04 11:29:00,2011-12-06 10:16:00,4.0,3554.17,4.0,4.0,3.0,4.0,Champions
14738,United Kingdom,2009-12-07 10:21:00,2011-10-28 08:56:00,9.0,1821.9,43.0,3.0,4.0,3.0,Champions
14739,United Kingdom,2009-12-02 13:23:00,2011-12-05 16:54:00,25.0,11573.62,4.0,4.0,4.0,4.0,Champions
14740,United Kingdom,2010-02-25 11:40:00,2011-05-26 18:17:00,11.0,4161.06,197.0,2.0,4.0,4.0,Loyal
14741,United Kingdom,2010-10-18 09:33:00,2011-11-28 08:48:00,7.0,1713.09,12.0,4.0,4.0,3.0,Champions
14742,United Kingdom,2010-09-30 14:07:00,2010-09-30 14:07:00,1.0,579.85,435.0,1.0,1.0,2.0,Hibernating
14743,United Kingdom,2010-04-26 10:26:00,2010-04-26 10:26:00,1.0,50.48,593.0,1.0,1.0,1.0,Hibernating
14744,United Kingdom,2010-05-18 14:06:00,2011-11-23 12:51:00,14.0,3660.08,16.0,4.0,4.0,4.0,Champions
14745,United Kingdom,2010-03-12 10:33:00,2011-08-19 10:05:00,12.0,2551.41,113.0,2.0,4.0,4.0,Loyal
14746,United Kingdom,2010-10-12 11:06:00,2010-10-29 14:44:00,4.0,593.5,406.0,1.0,3.0,2.0,Loyal
14747,United Kingdom,2011-04-04 14:09:00,2011-04-04 14:09:00,1.0,328.2,249.0,2.0,1.0,1.0,Hibernating
14748,United Kingdom,2010-03-04 17:08:00,2011-11-10 18:33:00,10.0,2681.9,29.0,3.0,4.0,4.0,Champions
14749,United Kingdom,2010-08-17 12:36:00,2010-08-17 12:36:00,1.0,310.15,480.0,1.0,1.0,1.0,Hibernating
14750,United Kingdom,2009-12-03 17:57:00,2009-12-03 17:57:00,1.0,112.03,736.0,1.0,1.0,1.0,Hibernating
14751,United Kingdom,2009-12-13 14:08:00,2010-01-24 13:37:00,2.0,126.45,684.0,1.0,2.0,1.0,At Risk
14752,United Kingdom,2011-10-27 11:55:00,2011-10-27 11:55:00,1.0,389.64,44.0,3.0,1.0,2.0,Recent / Promising
14753,United Kingdom,2010-09-05 11:04:00,2011-09-13 14:50:00,2.0,869.51,87.0,3.0,2.0,3.0,Recent / Promising
14754,United Kingdom,2010-01-18 11:04:00,2011-10-26 12:01:00,6.0,1547.93,45.0,3.0,3.0,3.0,Champions
14755,United Kingdom,2009-12-03 16:51:00,2011-11-30 11:24:00,25.0,9972.55,10.0,4.0,4.0,4.0,Champions
14756,United Kingdom,2010-10-11 11:50:00,2011-11-24 18:13:00,3.0,2603.76,15.0,4.0,2.0,4.0,Recent / Promising
14757,United Kingdom,2011-09-25 14:36:00,2011-09-25 14:36:00,1.0,420.5,75.0,3.0,1.0,2.0,Recent / Promising
14758,United Kingdom,2010-04-08 08:27:00,2011-07-18 08:21:00,7.0,2864.97,145.0,2.0,4.0,4.0,Loyal
14759,United Kingdom,2011-04-21 10:55:00,2011-12-05 12:03:00,3.0,1625.97,5.0,4.0,2.0,3.0,Recent / Promising
14760,United Kingdom,2011-02-15 16:27:00,2011-02-15 16:27:00,1.0,89.2,297.0,2.0,1.0,1.0,Hibernating
14761,United Kingdom,2010-09-21 14:22:00,2011-10-12 12:10:00,3.0,447.92,59.0,3.0,2.0,2.0,Recent / Promising
14762,United Kingdom,2010-03-23 15:36:00,2011-03-21 08:20:00,2.0,417.57,264.0,2.0,2.0,2.0,Hibernating
14764,United Kingdom,2011-10-24 11:54:00,2011-10-24 11:54:00,1.0,278.3,47.0,3.0,1.0,1.0,Recent / Promising
14765,United Kingdom,2011-06-16 19:49:00,2011-11-10 19:53:00,3.0,254.11,29.0,3.0,2.0,1.0,Recent / Promising
14766,United Kingdom,2010-06-06 11:11:00,2011-12-01 16:05:00,11.0,6375.73,8.0,4.0,4.0,4.0,Champions
14767,United Kingdom,2010-08-22 14:54:00,2010-08-22 14:54:00,1.0,382.81,474.0,1.0,1.0,2.0,Hibernating
14768,United Kingdom,2011-08-04 13:25:00,2011-11-22 12:54:00,2.0,192.6,17.0,4.0,2.0,1.0,Recent / Promising
14769,United Kingdom,2009-12-16 09:17:00,2011-12-07 10:24:00,17.0,15512.46,3.0,4.0,4.0,4.0,Champions
14770,United Kingdom,2010-02-25 18:58:00,2011-04-21 14:21:00,8.0,3637.64,232.0,2.0,4.0,4.0,Loyal
14771,United Kingdom,2009-12-03 09:44:00,2010-03-28 12:52:00,2.0,594.62,621.0,1.0,2.0,2.0,At Risk
14772,United Kingdom,2011-08-19 15:04:00,2011-08-19 15:04:00,1.0,139.26,112.0,2.0,1.0,1.0,Hibernating
14773,United Kingdom,2010-04-26 10:29:00,2010-04-26 10:29:00,1.0,140.55,593.0,1.0,1.0,1.0,Hibernating
14774,United Kingdom,2010-06-29 12:26:00,2010-06-29 12:26:00,1.0,241.45,529.0,1.0,1.0,1.0,Hibernating
14775,United Kingdom,2010-12-02 16:38:00,2011-10-12 15:27:00,3.0,1011.9,58.0,3.0,2.0,3.0,Recent / Promising
14776,United Kingdom,2010-09-19 14:12:00,2011-10-19 15:34:00,15.0,3708.3,51.0,3.0,4.0,4.0,Champions
14777,United Kingdom,2010-11-01 12:50:00,2010-11-01 12:50:00,1.0,307.56,404.0,1.0,1.0,1.0,Hibernating
14778,United Kingdom,2011-02-04 11:43:00,2011-08-04 15:23:00,2.0,730.86,127.0,2.0,2.0,2.0,Hibernating
14779,United Kingdom,2011-01-20 12:04:00,2011-03-04 12:42:00,3.0,386.15,281.0,2.0,2.0,2.0,Hibernating
14780,United Kingdom,2011-09-21 15:15:00,2011-10-16 12:46:00,2.0,447.68,55.0,3.0,2.0,2.0,Recent / Promising
14782,United Kingdom,2011-01-24 11:12:00,2011-01-24 11:12:00,1.0,200.1,320.0,2.0,1.0,1.0,Hibernating
14783,United Kingdom,2010-02-18 16:16:00,2010-02-18 16:16:00,1.0,307.3,659.0,1.0,1.0,1.0,Hibernating
14784,United Kingdom,2010-11-15 09:49:00,2011-11-13 13:30:00,3.0,449.93,26.0,3.0,2.0,2.0,Recent / Promising
14785,United Kingdom,2011-11-24 13:40:00,2011-11-29 13:21:00,2.0,77.4,10.0,4.0,2.0,1.0,Recent / Promising
14786,United Kingdom,2010-06-07 13:42:00,2010-06-07 13:42:00,1.0,90.96,550.0,1.0,1.0,1.0,Hibernating
14787,United Kingdom,2010-08-25 14:38:00,2010-08-25 14:38:00,1.0,110.65,471.0,1.0,1.0,1.0,Hibernating
14788,United Kingdom,2010-04-22 18:16:00,2011-12-02 17:06:00,3.0,1156.32,7.0,4.0,2.0,3.0,Recent / Promising
14789,United Kingdom,2011-11-11 08:59:00,2011-11-11 08:59:00,1.0,197.64,29.0,3.0,1.0,1.0,Recent / Promising
14790,United Kingdom,2009-12-11 14:37:00,2011-11-23 09:28:00,10.0,2526.62,17.0,4.0,4.0,4.0,Champions
14791,United Kingdom,2010-04-12 10:24:00,2010-04-12 10:24:00,1.0,303.63,607.0,1.0,1.0,1.0,Hibernating
14792,United Kingdom,2011-10-07 09:19:00,2011-10-07 09:19:00,1.0,6.2,64.0,3.0,1.0,1.0,Recent / Promising
14793,United Kingdom,2010-06-22 16:54:00,2011-11-18 14:50:00,2.0,625.9,21.0,4.0,2.0,2.0,Recent / Promising
14794,United Kingdom,2010-08-09 15:44:00,2011-12-07 10:11:00,10.0,1953.9,3.0,4.0,4.0,3.0,Champions
14795,United Kingdom,2011-06-26 13:04:00,2011-06-26 13:04:00,1.0,131.45,166.0,2.0,1.0,1.0,Hibernating
14796,United Kingdom,2009-12-14 15:06:00,2011-12-08 15:31:00,27.0,10167.77,1.0,4.0,4.0,4.0,Champions
14797,United Kingdom,2010-07-20 14:07:00,2010-07-20 14:07:00,1.0,300.31,507.0,1.0,1.0,1.0,Hibernating
14798,United Kingdom,2010-03-01 08:38:00,2011-10-18 10:58:00,8.0,724.31,53.0,3.0,4.0,2.0,Loyal
14799,United Kingdom,2009-12-02 11:18:00,2011-10-19 16:16:00,2.0,338.15,51.0,3.0,2.0,1.0,Recent / Promising
14800,United Kingdom,2010-09-30 14:38:00,2011-10-23 12:46:00,17.0,7180.08,48.0,3.0,4.0,4.0,Champions
14801,United Kingdom,2011-10-09 15:24:00,2011-10-09 15:24:00,1.0,189.34,61.0,3.0,1.0,1.0,Recent / Promising
14803,United Kingdom,2011-02-20 13:21:00,2011-06-30 13:58:00,3.0,845.55,162.0,2.0,2.0,2.0,Hibernating
14804,United Kingdom,2011-12-01 11:20:00,2011-12-01 11:20:00,1.0,353.27,9.0,4.0,1.0,2.0,Recent / Promising
14805,United Kingdom,2010-03-28 12:34:00,2011-11-24 16:20:00,7.0,1082.55,15.0,4.0,4.0,3.0,Champions
14806,United Kingdom,2010-09-26 15:50:00,2011-09-25 15:32:00,2.0,303.43,75.0,3.0,2.0,1.0,Recent / Promising
14807,United Kingdom,2010-02-28 11:33:00,2010-11-14 12:47:00,2.0,504.14,391.0,1.0,2.0,2.0,At Risk
14808,United Kingdom,2011-06-20 12:53:00,2011-10-31 12:21:00,8.0,2718.6,40.0,3.0,4.0,4.0,Champions
14809,United Kingdom,2010-03-28 15:42:00,2010-03-28 15:44:00,2.0,686.76,621.0,1.0,2.0,2.0,At Risk
14810,United Kingdom,2010-10-06 13:12:00,2011-10-30 11:19:00,13.0,2354.03,41.0,3.0,4.0,4.0,Champions
14811,United Kingdom,2010-11-17 13:09:00,2010-11-17 13:09:00,1.0,170.5,387.0,1.0,1.0,1.0,Hibernating
14812,United Kingdom,2010-04-20 12:13:00,2010-04-20 12:13:00,1.0,178.85,599.0,1.0,1.0,1.0,Hibernating
14813,United Kingdom,2010-04-08 11:49:00,2010-12-05 11:57:00,4.0,888.91,370.0,2.0,3.0,3.0,Loyal
14814,United Kingdom,2010-05-07 14:10:00,2010-05-07 14:10:00,1.0,152.96,581.0,1.0,1.0,1.0,Hibernating
14815,United Kingdom,2011-10-03 11:36:00,2011-11-03 11:36:00,2.0,778.5,37.0,3.0,2.0,2.0,Recent / Promising
14816,United Kingdom,2011-05-26 13:16:00,2011-05-26 13:16:00,1.0,271.85,197.0,2.0,1.0,1.0,Hibernating
14817,United Kingdom,2010-03-22 12:10:00,2011-05-23 13:35:00,7.0,3609.86,200.0,2.0,4.0,4.0,Loyal
14818,United Kingdom,2010-03-02 12:48:00,2011-09-27 11:01:00,6.0,1153.56,74.0,3.0,3.0,3.0,Champions
14819,United Kingdom,2009-12-21 15:54:00,2011-10-06 13:41:00,4.0,456.41,64.0,3.0,3.0,2.0,Loyal
14820,United Kingdom,2010-01-31 12:49:00,2011-11-18 15:41:00,9.0,1274.76,21.0,4.0,4.0,3.0,Champions
14821,United Kingdom,2010-02-01 13:33:00,2010-12-08 08:43:00,7.0,1230.15,367.0,2.0,4.0,3.0,Loyal
14822,United Kingdom,2010-08-11 12:52:00,2010-08-11 12:52:00,1.0,157.7,485.0,1.0,1.0,1.0,Hibernating
14823,United Kingdom,2011-05-29 12:48:00,2011-06-12 13:12:00,3.0,321.43,180.0,2.0,2.0,1.0,Hibernating
14824,United Kingdom,2010-03-12 13:07:00,2011-11-29 14:20:00,10.0,4022.91,10.0,4.0,4.0,4.0,Champions
14825,United Kingdom,2010-04-06 14:14:00,2011-12-06 11:38:00,24.0,4735.08,4.0,4.0,4.0,4.0,Champions
14826,United Kingdom,2010-01-13 13:08:00,2010-05-07 09:00:00,2.0,385.2,582.0,1.0,2.0,2.0,At Risk
14828,United Kingdom,2009-12-07 11:19:00,2011-05-27 10:16:00,13.0,9839.46,197.0,2.0,4.0,4.0,Loyal
14829,United Kingdom,2010-09-29 13:14:00,2011-11-10 16:16:00,7.0,1455.87,29.0,3.0,4.0,3.0,Champions
14830,United Kingdom,2011-10-17 14:29:00,2011-10-17 14:29:00,1.0,188.03,53.0,3.0,1.0,1.0,Recent / Promising
14831,United Kingdom,2009-12-02 09:21:00,2010-01-28 14:31:00,3.0,1676.57,680.0,1.0,2.0,3.0,At Risk
14833,United Kingdom,2010-07-29 10:06:00,2010-07-29 10:06:00,1.0,94.8,499.0,1.0,1.0,1.0,Hibernating
14834,United Kingdom,2010-10-28 17:37:00,2011-11-22 10:30:00,7.0,2206.16,18.0,4.0,4.0,3.0,Champions
14835,United Kingdom,2010-04-01 19:34:00,2010-06-29 10:08:00,2.0,297.0,529.0,1.0,2.0,1.0,At Risk
14836,United Kingdom,2011-11-09 13:26:00,2011-11-29 16:45:00,3.0,102.45,10.0,4.0,2.0,1.0,Recent / Promising
14837,United Kingdom,2010-01-24 10:20:00,2011-09-11 10:58:00,9.0,3460.32,90.0,3.0,4.0,4.0,Champions
14838,United Kingdom,2009-12-03 09:52:00,2010-10-12 15:46:00,2.0,769.92,423.0,1.0,2.0,2.0,At Risk
14839,United Kingdom,2010-01-04 16:29:00,2010-10-17 13:01:00,3.0,915.28,418.0,1.0,2.0,3.0,At Risk
14840,United Kingdom,2010-06-18 15:42:00,2011-03-17 12:00:00,2.0,362.71,268.0,2.0,2.0,2.0,Hibernating
14841,United Kingdom,2009-12-02 16:49:00,2011-10-17 15:03:00,14.0,7163.0,53.0,3.0,4.0,4.0,Champions
14842,United Kingdom,2011-02-04 15:32:00,2011-10-27 12:37:00,4.0,2824.69,44.0,3.0,3.0,4.0,Champions
14843,United Kingdom,2010-09-29 12:39:00,2010-09-29 12:39:00,1.0,211.8,437.0,1.0,1.0,1.0,Hibernating
14844,United Kingdom,2010-04-12 12:50:00,2011-10-07 10:41:00,10.0,6702.43,64.0,3.0,4.0,4.0,Champions
14845,United Kingdom,2010-04-19 10:19:00,2010-04-19 10:19:00,1.0,150.0,600.0,1.0,1.0,1.0,Hibernating
14846,United Kingdom,2010-10-08 17:07:00,2010-10-08 17:07:00,1.0,437.4,427.0,1.0,1.0,2.0,Hibernating
14847,United Kingdom,2010-05-24 12:29:00,2011-07-14 10:52:00,3.0,1348.95,149.0,2.0,2.0,3.0,Hibernating
14848,United Kingdom,2010-10-31 12:22:00,2010-10-31 12:22:00,1.0,310.56,405.0,1.0,1.0,1.0,Hibernating
14849,United Kingdom,2010-01-10 11:40:00,2011-11-18 10:58:00,43.0,15407.61,22.0,4.0,4.0,4.0,Champions
14850,United Kingdom,2010-05-20 13:28:00,2011-02-01 11:21:00,7.0,1770.96,312.0,2.0,4.0,3.0,Loyal
14851,United Kingdom,2010-03-19 11:52:00,2011-11-16 14:20:00,3.0,829.41,23.0,4.0,2.0,2.0,Recent / Promising
14852,United Kingdom,2010-03-05 14:51:00,2011-10-12 13:20:00,18.0,6132.43,58.0,3.0,4.0,4.0,Champions
14853,United Kingdom,2010-04-13 09:26:00,2011-11-15 16:56:00,5.0,1376.87,24.0,4.0,3.0,3.0,Champions
14854,United Kingdom,2010-01-22 09:48:00,2011-09-22 17:00:00,11.0,4303.06,78.0,3.0,4.0,4.0,Champions
14855,United Kingdom,2010-04-08 10:30:00,2011-08-12 14:02:00,7.0,6520.3,119.0,2.0,4.0,4.0,Loyal
14856,United Kingdom,2011-10-14 09:35:00,2011-11-03 14:53:00,3.0,1290.53,36.0,3.0,2.0,3.0,Recent / Promising
14857,United Kingdom,2010-03-15 11:00:00,2011-10-11 09:23:00,7.0,3651.85,60.0,3.0,4.0,4.0,Champions
14858,United Kingdom,2010-07-22 10:51:00,2010-07-22 10:51:00,1.0,180.75,506.0,1.0,1.0,1.0,Hibernating
14859,United Kingdom,2010-06-03 10:26:00,2011-11-27 11:18:00,5.0,1705.64,13.0,4.0,3.0,3.0,Champions
14860,United Kingdom,2011-11-20 14:17:00,2011-11-20 14:17:00,1.0,170.32,19.0,4.0,1.0,1.0,Recent / Promising
14861,United Kingdom,2009-12-08 12:12:00,2011-10-18 12:54:00,10.0,1380.73,52.0,3.0,4.0,3.0,Champions
14862,United Kingdom,2011-07-14 11:20:00,2011-11-14 10:01:00,2.0,841.2,26.0,3.0,2.0,2.0,Recent / Promising
14863,United Kingdom,2011-11-10 15:04:00,2011-11-10 15:04:00,1.0,266.76,29.0,3.0,1.0,1.0,Recent / Promising
14865,United Kingdom,2009-12-01 16:05:00,2011-12-02 16:25:00,4.0,92.52,7.0,4.0,3.0,1.0,Loyal
14866,United Kingdom,2010-09-21 15:14:00,2011-11-29 11:45:00,17.0,20700.04,11.0,4.0,4.0,4.0,Champions
14867,United Kingdom,2009-12-05 15:47:00,2011-06-07 11:39:00,16.0,2952.06,186.0,2.0,4.0,4.0,Loyal
14868,United Kingdom,2010-10-15 14:52:00,2011-12-06 14:49:00,12.0,4184.01,3.0,4.0,4.0,4.0,Champions
14869,United Kingdom,2009-12-16 11:43:00,2011-12-01 12:36:00,6.0,2778.14,9.0,4.0,3.0,4.0,Champions
14870,United Kingdom,2010-01-25 09:05:00,2011-03-23 10:51:00,6.0,1838.95,262.0,2.0,3.0,3.0,Loyal
14871,United Kingdom,2009-12-01 11:57:00,2011-12-06 13:42:00,9.0,1228.17,3.0,4.0,4.0,3.0,Champions
14872,United Kingdom,2010-03-16 14:41:00,2010-08-13 12:34:00,3.0,816.6,484.0,1.0,2.0,2.0,At Risk
14873,United Kingdom,2010-03-16 10:51:00,2011-05-13 13:52:00,2.0,854.13,210.0,2.0,2.0,2.0,Hibernating
14874,United Kingdom,2010-06-22 14:58:00,2010-06-22 14:58:00,1.0,116.18,535.0,1.0,1.0,1.0,Hibernating
14875,United Kingdom,2010-09-24 10:28:00,2011-08-24 12:20:00,3.0,2862.4,108.0,2.0,2.0,4.0,Hibernating
14876,United Kingdom,2010-05-27 13:49:00,2010-07-06 14:57:00,2.0,256.7,521.0,1.0,2.0,1.0,At Risk
14877,United Kingdom,2010-03-07 12:25:00,2010-10-17 13:09:00,2.0,425.85,418.0,1.0,2.0,2.0,At Risk
14878,United Kingdom,2010-02-21 11:14:00,2011-11-27 11:15:00,25.0,4076.5,13.0,4.0,4.0,4.0,Champions
14879,United Kingdom,2010-01-24 11:35:00,2010-01-24 11:35:00,1.0,185.06,685.0,1.0,1.0,1.0,Hibernating
14880,United Kingdom,2011-02-24 12:27:00,2011-09-23 13:42:00,3.0,690.59,77.0,3.0,2.0,2.0,Recent / Promising
14881,United Kingdom,2011-11-20 11:06:00,2011-11-20 11:06:00,1.0,255.4,20.0,4.0,1.0,1.0,Recent / Promising
14882,United Kingdom,2010-03-30 15:02:00,2011-11-13 12:47:00,14.0,3546.65,27.0,3.0,4.0,4.0,Champions
14883,United Kingdom,2011-05-12 09:49:00,2011-11-21 10:23:00,6.0,761.59,19.0,4.0,3.0,2.0,Loyal
14884,United Kingdom,2010-02-08 12:56:00,2010-02-08 12:56:00,1.0,120.6,669.0,1.0,1.0,1.0,Hibernating
14885,United Kingdom,2010-08-31 10:11:00,2011-07-31 12:05:00,3.0,1598.12,132.0,2.0,2.0,3.0,Hibernating
14886,United Kingdom,2011-04-01 08:56:00,2011-04-01 08:56:00,1.0,364.8,253.0,2.0,1.0,2.0,Hibernating
14887,United Kingdom,2011-09-21 15:32:00,2011-09-21 15:32:00,1.0,1862.0,79.0,3.0,1.0,3.0,Recent / Promising
14888,United Kingdom,2011-05-16 14:58:00,2011-05-16 14:58:00,1.0,369.2,207.0,2.0,1.0,2.0,Hibernating
14889,United Kingdom,2011-01-07 15:19:00,2011-01-07 15:19:00,1.0,135.9,336.0,2.0,1.0,1.0,Hibernating
14890,United Kingdom,2010-02-18 09:00:00,2011-03-31 11:57:00,3.0,817.25,254.0,2.0,2.0,2.0,Hibernating
14891,United Kingdom,2010-09-29 12:41:00,2011-07-14 18:08:00,4.0,1106.73,148.0,2.0,3.0,3.0,Loyal
14892,United Kingdom,2010-01-18 08:58:00,2010-01-18 08:58:00,1.0,202.35,691.0,1.0,1.0,1.0,Hibernating
14893,United Kingdom,2010-04-01 09:03:00,2011-11-30 12:31:00,3.0,1809.61,10.0,4.0,2.0,3.0,Recent / Promising
14894,United Kingdom,2009-12-02 10:42:00,2011-09-15 13:51:00,3.0,1492.81,85.0,3.0,2.0,3.0,Recent / Promising
14895,United Kingdom,2009-12-10 14:22:00,2011-12-02 09:23:00,38.0,25119.54,8.0,4.0,4.0,4.0,Champions
14896,United Kingdom,2009-12-06 12:42:00,2011-05-19 10:20:00,8.0,1826.0,205.0,2.0,4.0,3.0,Loyal
14897,United Kingdom,2009-12-15 17:05:00,2011-12-02 10:32:00,8.0,3140.54,8.0,4.0,4.0,4.0,Champions
14898,United Kingdom,2009-12-03 16:40:00,2011-11-16 14:54:00,14.0,3365.95,23.0,4.0,4.0,4.0,Champions
14899,United Kingdom,2010-11-09 15:20:00,2010-11-09 15:20:00,1.0,1331.38,395.0,1.0,1.0,3.0,Hibernating
14900,United Kingdom,2010-07-05 15:09:00,2010-07-05 15:09:00,1.0,13.92,522.0,1.0,1.0,1.0,Hibernating
14901,United Kingdom,2010-07-29 11:11:00,2011-11-28 17:09:00,12.0,1919.0,11.0,4.0,4.0,3.0,Champions
14902,United Kingdom,2010-06-04 12:35:00,2011-11-14 10:34:00,3.0,1035.62,26.0,3.0,2.0,3.0,Recent / Promising
14903,United Kingdom,2011-03-06 11:50:00,2011-11-18 16:07:00,5.0,2795.33,21.0,4.0,3.0,4.0,Champions
14904,United Kingdom,2010-10-08 12:48:00,2011-12-07 12:55:00,4.0,1630.49,2.0,4.0,3.0,3.0,Champions
14905,United Kingdom,2009-12-03 14:36:00,2011-07-05 12:41:00,8.0,1971.39,158.0,2.0,4.0,3.0,Loyal
14907,United Kingdom,2010-04-16 13:40:00,2011-12-06 14:14:00,16.0,5547.72,3.0,4.0,4.0,4.0,Champions
14908,United Kingdom,2010-09-02 16:39:00,2011-09-26 12:56:00,2.0,381.9,74.0,3.0,2.0,2.0,Recent / Promising
14909,United Kingdom,2010-02-14 15:47:00,2010-09-28 16:56:00,3.0,1404.68,437.0,1.0,2.0,3.0,At Risk
14910,United Kingdom,2011-10-16 11:06:00,2011-12-07 10:06:00,4.0,434.35,3.0,4.0,3.0,2.0,Loyal
14911,Ireland,2009-12-01 11:41:00,2011-12-08 15:54:00,373.0,272252.79,1.0,4.0,4.0,4.0,Champions
14912,Italy,2010-04-28 09:41:00,2011-11-23 09:20:00,5.0,1849.58,17.0,4.0,3.0,3.0,Champions
14913,United Kingdom,2010-08-11 08:40:00,2011-11-04 08:29:00,8.0,4073.13,36.0,3.0,4.0,4.0,Champions
14915,United Kingdom,2009-12-03 10:17:00,2011-09-09 13:34:00,11.0,1811.25,91.0,3.0,4.0,3.0,Champions
14916,United Kingdom,2010-04-01 10:57:00,2011-09-30 09:20:00,8.0,3042.95,71.0,3.0,4.0,4.0,Champions
14917,United Kingdom,2010-04-22 09:44:00,2010-04-22 11:28:00,2.0,1123.75,597.0,1.0,2.0,3.0,At Risk
14918,United Kingdom,2010-04-08 11:18:00,2011-08-16 11:50:00,9.0,5955.81,116.0,2.0,4.0,4.0,Loyal
14919,United Kingdom,2010-06-18 13:06:00,2010-06-18 13:06:00,1.0,359.35,539.0,1.0,1.0,2.0,Hibernating
14920,United Kingdom,2010-05-23 15:25:00,2011-05-11 10:32:00,3.0,1607.17,213.0,2.0,2.0,3.0,Hibernating
14921,United Kingdom,2011-05-22 12:51:00,2011-11-09 13:17:00,2.0,1316.07,30.0,3.0,2.0,3.0,Recent / Promising
14922,United Kingdom,2010-07-20 09:45:00,2010-11-11 11:14:00,2.0,843.74,394.0,1.0,2.0,2.0,At Risk
14923,United Kingdom,2011-10-20 11:51:00,2011-10-20 11:51:00,1.0,749.1,51.0,3.0,1.0,2.0,Recent / Promising
14924,United Kingdom,2010-03-10 12:51:00,2011-04-08 09:25:00,3.0,931.01,246.0,2.0,2.0,3.0,Hibernating
14926,United Kingdom,2010-04-20 09:59:00,2010-11-23 07:13:00,2.0,359.4,382.0,1.0,2.0,2.0,At Risk
14927,United Kingdom,2010-11-08 12:30:00,2010-11-08 12:30:00,1.0,308.2,397.0,1.0,1.0,1.0,Hibernating
14928,United Kingdom,2010-03-22 09:14:00,2010-03-22 09:14:00,1.0,223.91,628.0,1.0,1.0,1.0,Hibernating
14929,United Kingdom,2010-10-14 12:22:00,2011-11-07 17:21:00,2.0,836.69,32.0,3.0,2.0,2.0,Recent / Promising
14930,Channel Islands,2010-04-12 11:22:00,2011-08-23 10:31:00,6.0,5236.73,109.0,2.0,3.0,4.0,Loyal
14931,Channel Islands,2011-04-13 09:32:00,2011-12-05 10:19:00,4.0,864.68,5.0,4.0,3.0,3.0,Champions
14932,Channel Islands,2010-11-19 09:16:00,2010-12-09 11:48:00,2.0,566.13,366.0,2.0,2.0,2.0,Hibernating
14933,Channel Islands,2010-09-21 17:29:00,2010-09-22 10:47:00,4.0,1770.0,444.0,1.0,3.0,3.0,Loyal
14934,Channel Islands,2010-09-24 12:08:00,2011-09-19 10:10:00,5.0,3403.5,82.0,3.0,3.0,4.0,Champions
14935,Channel Islands,2010-03-30 11:48:00,2011-02-15 14:44:00,2.0,2849.83,297.0,2.0,2.0,4.0,Hibernating
14936,Channel Islands,2010-05-05 12:26:00,2011-11-06 10:30:00,12.0,12410.81,34.0,3.0,4.0,4.0,Champions
14937,Channel Islands,2011-08-01 14:16:00,2011-10-14 12:29:00,3.0,1621.88,57.0,3.0,2.0,3.0,Recent / Promising
14938,Channel Islands,2010-05-26 13:35:00,2010-05-26 13:38:00,2.0,2322.43,562.0,1.0,2.0,4.0,At Risk
14940,United Kingdom,2009-12-06 15:46:00,2010-10-18 10:47:00,2.0,531.49,418.0,1.0,2.0,2.0,At Risk
14941,United Kingdom,2010-05-10 11:30:00,2010-05-10 11:30:00,1.0,182.1,579.0,1.0,1.0,1.0,Hibernating
14942,United Kingdom,2009-12-10 10:32:00,2010-11-03 10:51:00,4.0,746.56,402.0,1.0,3.0,2.0,Loyal
14943,United Kingdom,2010-02-14 16:04:00,2010-02-14 16:04:00,1.0,107.62,663.0,1.0,1.0,1.0,Hibernating
14944,United Kingdom,2010-02-17 08:47:00,2011-11-10 09:10:00,19.0,9684.67,30.0,3.0,4.0,4.0,Champions
14945,United Kingdom,2010-10-22 11:26:00,2010-10-22 11:26:00,1.0,179.4,414.0,1.0,1.0,1.0,Hibernating
14946,United Kingdom,2011-11-25 13:33:00,2011-11-25 13:33:00,1.0,100.9,14.0,4.0,1.0,1.0,Recent / Promising
14947,United Kingdom,2010-03-25 11:29:00,2011-09-28 15:48:00,6.0,1049.79,72.0,3.0,3.0,3.0,Champions
14948,United Kingdom,2011-05-04 14:52:00,2011-11-16 17:16:00,6.0,1101.97,23.0,4.0,3.0,3.0,Champions
14949,United Kingdom,2009-12-18 15:28:00,2010-08-27 15:38:00,4.0,515.0,469.0,1.0,3.0,2.0,Loyal
14950,United Kingdom,2011-11-20 13:48:00,2011-11-20 13:48:00,1.0,371.2,19.0,4.0,1.0,2.0,Recent / Promising
14951,United Kingdom,2011-09-21 15:15:00,2011-09-21 15:15:00,1.0,311.69,79.0,3.0,1.0,1.0,Recent / Promising
14952,United Kingdom,2009-12-03 15:34:00,2011-10-11 10:33:00,32.0,17629.35,60.0,3.0,4.0,4.0,Champions
14953,United Kingdom,2010-09-30 12:16:00,2011-11-14 14:59:00,4.0,968.82,25.0,4.0,3.0,3.0,Champions
14954,United Kingdom,2010-01-05 16:38:00,2011-11-27 14:30:00,2.0,462.12,12.0,4.0,2.0,2.0,Recent / Promising
14955,United Kingdom,2009-12-07 11:35:00,2009-12-07 11:35:00,1.0,163.77,733.0,1.0,1.0,1.0,Hibernating
14956,United Kingdom,2010-10-14 16:40:00,2010-10-14 16:40:00,1.0,1325.0,421.0,1.0,1.0,3.0,Hibernating
14957,United Kingdom,2010-03-05 10:50:00,2011-03-31 17:59:00,2.0,261.69,253.0,2.0,2.0,1.0,Hibernating
14958,United Kingdom,2009-12-03 16:02:00,2011-07-15 14:20:00,6.0,941.99,147.0,2.0,3.0,3.0,Loyal
14959,United Kingdom,2011-02-16 13:00:00,2011-10-06 18:23:00,4.0,695.42,64.0,3.0,3.0,2.0,Loyal
14960,United Kingdom,2011-06-21 13:38:00,2011-12-01 12:54:00,2.0,221.27,8.0,4.0,2.0,1.0,Recent / Promising
14961,United Kingdom,2009-12-04 11:32:00,2011-11-29 09:42:00,22.0,16410.15,11.0,4.0,4.0,4.0,Champions
14962,United Kingdom,2010-05-04 14:57:00,2011-03-14 09:42:00,4.0,366.91,271.0,2.0,3.0,2.0,Loyal
14963,United Kingdom,2010-07-02 12:43:00,2011-11-30 12:16:00,12.0,3123.57,10.0,4.0,4.0,4.0,Champions
14964,United Kingdom,2011-04-06 14:13:00,2011-04-06 14:13:00,1.0,206.21,247.0,2.0,1.0,1.0,Hibernating
14965,United Kingdom,2011-09-04 13:15:00,2011-09-04 13:20:00,2.0,596.09,96.0,2.0,2.0,2.0,Hibernating
14966,United Kingdom,2009-12-15 13:48:00,2011-11-25 12:20:00,6.0,1064.26,15.0,4.0,3.0,3.0,Champions
14967,United Kingdom,2009-12-03 14:07:00,2011-10-21 11:06:00,6.0,1982.61,50.0,3.0,3.0,3.0,Champions
14968,United Kingdom,2010-09-07 13:28:00,2011-11-09 13:58:00,2.0,497.49,30.0,3.0,2.0,2.0,Recent / Promising
14969,United Kingdom,2010-01-05 12:43:00,2010-01-05 12:43:00,1.0,906.23,704.0,1.0,1.0,3.0,Hibernating
14970,United Kingdom,2010-02-14 13:37:00,2011-10-02 13:44:00,12.0,4919.35,68.0,3.0,4.0,4.0,Champions
14971,United Kingdom,2011-10-27 13:33:00,2011-11-04 17:07:00,3.0,1097.98,35.0,3.0,2.0,3.0,Recent / Promising
14972,United Kingdom,2010-11-23 16:17:00,2011-08-03 14:54:00,2.0,145.07,128.0,2.0,2.0,1.0,Hibernating
14973,United Kingdom,2011-04-28 12:22:00,2011-08-24 15:51:00,3.0,1314.45,107.0,2.0,2.0,3.0,Hibernating
14974,United Kingdom,2011-11-02 13:01:00,2011-11-02 13:01:00,1.0,89.94,37.0,3.0,1.0,1.0,Recent / Promising
14975,United Kingdom,2010-10-14 14:11:00,2011-10-13 14:08:00,2.0,472.39,57.0,3.0,2.0,2.0,Recent / Promising
14976,United Kingdom,2011-01-17 11:09:00,2011-10-13 16:33:00,6.0,774.86,57.0,3.0,3.0,2.0,Loyal
14977,United Kingdom,2009-12-14 10:37:00,2009-12-14 10:37:00,1.0,31.93,726.0,1.0,1.0,1.0,Hibernating
14978,United Kingdom,2010-04-28 10:50:00,2011-09-28 13:07:00,10.0,3112.19,72.0,3.0,4.0,4.0,Champions
14979,United Kingdom,2009-12-04 12:54:00,2009-12-04 12:54:00,1.0,429.66,735.0,1.0,1.0,2.0,Hibernating
14980,United Kingdom,2009-12-02 14:09:00,2009-12-02 14:09:00,1.0,150.68,737.0,1.0,1.0,1.0,Hibernating
14981,United Kingdom,2010-10-12 11:04:00,2011-04-07 13:45:00,2.0,372.92,246.0,2.0,2.0,2.0,Hibernating
14982,United Kingdom,2010-05-16 15:52:00,2010-05-16 15:52:00,1.0,234.88,572.0,1.0,1.0,1.0,Hibernating
14983,United Kingdom,2010-01-19 17:32:00,2010-01-19 17:32:00,1.0,183.2,689.0,1.0,1.0,1.0,Hibernating
14984,United Kingdom,2010-01-11 13:22:00,2011-11-20 14:28:00,6.0,1260.51,19.0,4.0,3.0,3.0,Champions
14985,United Kingdom,2010-12-16 19:51:00,2011-05-25 14:29:00,2.0,292.01,198.0,2.0,2.0,1.0,Hibernating
14986,United Kingdom,2010-01-24 15:54:00,2010-11-28 15:25:00,2.0,563.1,376.0,2.0,2.0,2.0,Hibernating
14987,United Kingdom,2009-12-02 14:56:00,2011-11-24 09:59:00,8.0,1550.65,16.0,4.0,4.0,3.0,Champions
14988,United Kingdom,2010-04-16 13:34:00,2011-05-12 12:05:00,7.0,2038.65,212.0,2.0,4.0,3.0,Loyal
14989,United Kingdom,2010-02-16 10:40:00,2010-02-16 10:40:00,1.0,342.4,662.0,1.0,1.0,2.0,Hibernating
14990,United Kingdom,2009-12-09 13:31:00,2010-04-06 13:54:00,2.0,304.17,612.0,1.0,2.0,1.0,At Risk
14991,United Kingdom,2010-10-05 13:01:00,2010-10-05 13:01:00,1.0,314.67,430.0,1.0,1.0,1.0,Hibernating
14992,United Kingdom,2010-09-23 17:48:00,2010-09-23 17:48:00,1.0,210.5,442.0,1.0,1.0,1.0,Hibernating
14993,United Kingdom,2010-05-25 12:47:00,2010-05-25 12:47:00,1.0,36.13,564.0,1.0,1.0,1.0,Hibernating
14994,United Kingdom,2010-03-26 14:16:00,2010-11-22 12:59:00,5.0,942.77,382.0,1.0,3.0,3.0,Loyal
14995,United Kingdom,2011-03-04 13:14:00,2011-11-01 11:39:00,2.0,231.98,39.0,3.0,2.0,1.0,Recent / Promising
14996,United Kingdom,2010-08-15 13:41:00,2010-08-15 13:44:00,2.0,442.29,481.0,1.0,2.0,2.0,At Risk
14997,United Kingdom,2010-02-22 12:11:00,2011-10-24 13:28:00,4.0,776.6,46.0,3.0,3.0,2.0,Loyal
14998,United Kingdom,2010-04-13 16:07:00,2011-06-22 17:30:00,4.0,753.18,170.0,2.0,3.0,2.0,Loyal
14999,United Kingdom,2010-04-26 10:47:00,2010-04-26 10:47:00,1.0,129.48,593.0,1.0,1.0,1.0,Hibernating
15000,United Kingdom,2011-10-23 11:42:00,2011-10-23 11:42:00,1.0,490.52,48.0,3.0,1.0,2.0,Recent / Promising
15001,United Kingdom,2010-11-10 13:31:00,2010-11-10 13:51:00,2.0,197.11,394.0,1.0,2.0,1.0,At Risk
15002,United Kingdom,2010-01-12 11:40:00,2011-08-16 10:44:00,9.0,4138.08,116.0,2.0,4.0,4.0,Loyal
15003,United Kingdom,2010-01-26 13:04:00,2010-08-23 15:44:00,6.0,1027.03,473.0,1.0,3.0,3.0,Loyal
15004,United Kingdom,2011-07-15 14:05:00,2011-07-15 14:05:00,1.0,1220.38,147.0,2.0,1.0,3.0,Hibernating
15005,United Kingdom,2009-12-01 14:19:00,2011-11-24 12:25:00,56.0,13752.58,16.0,4.0,4.0,4.0,Champions
15006,United Kingdom,2010-09-12 13:03:00,2011-10-19 15:08:00,2.0,752.83,51.0,3.0,2.0,2.0,Recent / Promising
15007,United Kingdom,2011-07-03 16:00:00,2011-07-03 16:00:00,1.0,156.91,159.0,2.0,1.0,1.0,Hibernating
15008,United Kingdom,2010-03-12 11:13:00,2010-08-16 13:09:00,2.0,360.0,480.0,1.0,2.0,2.0,At Risk
15009,United Kingdom,2011-11-14 17:40:00,2011-11-27 13:35:00,3.0,1259.43,12.0,4.0,2.0,3.0,Recent / Promising
15010,United Kingdom,2011-11-04 12:42:00,2011-11-04 12:42:00,1.0,308.94,36.0,3.0,1.0,1.0,Recent / Promising
15011,United Kingdom,2010-10-19 12:05:00,2010-11-09 11:10:00,2.0,416.6,396.0,1.0,2.0,2.0,At Risk
15012,United Kingdom,2010-05-12 11:49:00,2011-10-17 12:22:00,3.0,646.26,54.0,3.0,2.0,2.0,Recent / Promising
15013,United Kingdom,2010-01-31 12:15:00,2010-08-09 12:05:00,10.0,1610.82,488.0,1.0,4.0,3.0,Loyal
15014,United Kingdom,2011-06-16 19:40:00,2011-10-27 20:07:00,2.0,257.67,43.0,3.0,2.0,1.0,Recent / Promising
15015,United Kingdom,2009-12-14 14:46:00,2010-07-26 13:50:00,13.0,2344.47,501.0,1.0,4.0,4.0,Loyal
15016,United Kingdom,2010-06-14 13:06:00,2011-06-20 12:06:00,5.0,620.89,173.0,2.0,3.0,2.0,Loyal
15017,United Kingdom,2011-11-06 10:33:00,2011-11-06 10:33:00,1.0,125.58,34.0,3.0,1.0,1.0,Recent / Promising
15018,United Kingdom,2010-12-07 10:47:00,2011-11-01 12:47:00,3.0,496.21,39.0,3.0,2.0,2.0,Recent / Promising
15019,United Kingdom,2011-03-18 12:35:00,2011-03-18 12:35:00,1.0,252.81,267.0,2.0,1.0,1.0,Hibernating
15020,United Kingdom,2010-11-25 13:29:00,2010-11-25 13:29:00,1.0,198.47,379.0,2.0,1.0,1.0,Hibernating
15021,United Kingdom,2010-07-29 16:35:00,2011-12-01 11:53:00,12.0,2500.59,9.0,4.0,4.0,4.0,Champions
15022,United Kingdom,2010-01-31 16:02:00,2011-11-28 12:35:00,5.0,1133.44,12.0,4.0,3.0,3.0,Champions
15023,United Kingdom,2010-02-03 15:45:00,2011-12-06 17:23:00,20.0,11555.5,3.0,4.0,4.0,4.0,Champions
15024,United Kingdom,2010-10-11 16:14:00,2011-11-30 12:06:00,16.0,3559.39,10.0,4.0,4.0,4.0,Champions
15025,United Kingdom,2010-05-20 13:28:00,2011-11-06 15:20:00,2.0,971.84,33.0,3.0,2.0,3.0,Recent / Promising
15026,United Kingdom,2010-09-17 13:52:00,2011-09-20 13:52:00,5.0,1044.09,80.0,3.0,3.0,3.0,Champions
15027,United Kingdom,2010-03-25 14:39:00,2011-11-09 10:16:00,10.0,3195.6,31.0,3.0,4.0,4.0,Champions
15028,United Kingdom,2010-11-10 14:32:00,2011-12-01 14:06:00,6.0,962.94,8.0,4.0,3.0,3.0,Champions
15029,United Kingdom,2010-03-30 12:16:00,2010-03-30 12:16:00,1.0,365.1,620.0,1.0,1.0,2.0,Hibernating
15030,United Kingdom,2010-03-04 17:10:00,2011-09-29 10:50:00,8.0,1979.91,72.0,3.0,4.0,3.0,Champions
15031,United Kingdom,2009-12-08 13:38:00,2011-12-05 14:19:00,14.0,3102.94,4.0,4.0,4.0,4.0,Champions
15032,United Kingdom,2009-12-10 15:27:00,2011-03-28 15:03:00,8.0,11010.05,256.0,2.0,4.0,4.0,Loyal
15033,United Kingdom,2011-01-14 13:28:00,2011-12-05 12:40:00,10.0,2553.88,5.0,4.0,4.0,4.0,Champions
15034,United Kingdom,2010-05-11 13:30:00,2011-11-24 12:11:00,14.0,8231.2,16.0,4.0,4.0,4.0,Champions
15035,United Kingdom,2011-09-11 11:08:00,2011-09-11 11:08:00,1.0,252.73,90.0,3.0,1.0,1.0,Recent / Promising
15036,United Kingdom,2011-06-13 12:19:00,2011-09-28 15:42:00,3.0,429.56,72.0,3.0,2.0,2.0,Recent / Promising
15037,United Kingdom,2010-11-28 12:14:00,2010-11-28 13:05:00,2.0,397.76,376.0,2.0,2.0,2.0,Hibernating
15038,United Kingdom,2010-10-10 14:35:00,2011-10-12 11:33:00,9.0,1146.53,59.0,3.0,4.0,3.0,Champions
15039,United Kingdom,2009-12-10 11:39:00,2011-11-30 11:31:00,93.0,39141.48,10.0,4.0,4.0,4.0,Champions
15040,United Kingdom,2010-06-16 11:40:00,2010-06-16 11:40:00,1.0,7.49,542.0,1.0,1.0,1.0,Hibernating
15041,United Kingdom,2010-09-21 13:16:00,2011-06-22 16:16:00,2.0,288.98,170.0,2.0,2.0,1.0,Hibernating
15042,United Kingdom,2010-04-23 14:01:00,2011-05-24 16:25:00,2.0,315.45,199.0,2.0,2.0,1.0,Hibernating
15043,United Kingdom,2010-06-24 15:50:00,2011-11-08 14:26:00,6.0,2855.32,31.0,3.0,3.0,4.0,Champions
15044,United Kingdom,2009-12-16 15:13:00,2011-11-20 13:20:00,32.0,15769.01,19.0,4.0,4.0,4.0,Champions
15045,United Kingdom,2011-03-27 11:44:00,2011-07-11 11:33:00,2.0,735.66,152.0,2.0,2.0,2.0,Hibernating
15046,United Kingdom,2010-01-14 14:29:00,2011-11-30 15:50:00,25.0,7604.84,9.0,4.0,4.0,4.0,Champions
15047,United Kingdom,2011-03-15 10:49:00,2011-03-15 10:49:00,1.0,343.62,270.0,2.0,1.0,2.0,Hibernating
15048,United Kingdom,2010-12-06 12:15:00,2011-10-05 14:55:00,4.0,381.0,65.0,3.0,3.0,2.0,Loyal
15049,United Kingdom,2011-03-11 12:13:00,2011-03-11 12:13:00,1.0,121.17,274.0,2.0,1.0,1.0,Hibernating
15050,United Kingdom,2010-08-16 12:00:00,2011-11-14 16:17:00,5.0,4087.19,25.0,4.0,3.0,4.0,Champions
15051,United Kingdom,2009-12-01 13:29:00,2011-11-16 15:38:00,9.0,3926.91,23.0,4.0,4.0,4.0,Champions
15052,United Kingdom,2011-01-24 15:52:00,2011-01-24 15:52:00,1.0,207.73,319.0,2.0,1.0,1.0,Hibernating
15053,United Kingdom,2011-03-03 12:06:00,2011-12-05 12:08:00,3.0,693.95,5.0,4.0,2.0,2.0,Recent / Promising
15054,United Kingdom,2011-10-30 14:33:00,2011-11-27 15:02:00,2.0,302.1,12.0,4.0,2.0,1.0,Recent / Promising
15055,United Kingdom,2009-12-16 15:48:00,2010-08-22 11:06:00,3.0,549.12,475.0,1.0,2.0,2.0,At Risk
15056,United Kingdom,2010-07-07 15:58:00,2010-07-07 15:58:00,1.0,113.65,520.0,1.0,1.0,1.0,Hibernating
15057,United Kingdom,2009-12-05 15:27:00,2011-03-09 15:17:00,5.0,3255.96,275.0,2.0,3.0,4.0,Loyal
15058,United Kingdom,2010-02-24 14:07:00,2011-11-14 14:57:00,16.0,3387.58,25.0,4.0,4.0,4.0,Champions
15059,United Kingdom,2009-12-06 12:17:00,2011-10-30 11:35:00,19.0,3490.4,41.0,3.0,4.0,4.0,Champions
15060,United Kingdom,2011-11-30 14:03:00,2011-12-01 13:47:00,4.0,293.0,8.0,4.0,3.0,1.0,Loyal
15061,United Kingdom,2009-12-01 12:18:00,2011-12-06 12:06:00,127.0,126387.57,4.0,4.0,4.0,4.0,Champions
15062,United Kingdom,2010-04-08 15:41:00,2011-09-29 16:51:00,8.0,2585.62,71.0,3.0,4.0,4.0,Champions
15063,United Kingdom,2011-05-10 13:25:00,2011-05-10 13:25:00,1.0,370.8,213.0,2.0,1.0,2.0,Hibernating
15064,United Kingdom,2009-12-22 16:17:00,2010-10-25 14:32:00,4.0,1154.41,410.0,1.0,3.0,3.0,Loyal
15065,United Kingdom,2010-10-25 09:13:00,2011-11-02 09:45:00,5.0,3326.86,38.0,3.0,3.0,4.0,Champions
15066,United Kingdom,2011-10-17 13:25:00,2011-10-17 13:25:00,1.0,893.59,53.0,3.0,1.0,3.0,Recent / Promising
15067,United Kingdom,2010-04-11 15:54:00,2011-09-22 13:20:00,5.0,3862.88,78.0,3.0,3.0,4.0,Champions
15068,United Kingdom,2010-03-28 13:18:00,2011-10-24 14:47:00,4.0,1174.9,46.0,3.0,3.0,3.0,Champions
15069,United Kingdom,2011-06-13 14:16:00,2011-06-13 14:16:00,1.0,1109.53,179.0,2.0,1.0,3.0,Hibernating
15070,United Kingdom,2009-12-15 13:49:00,2010-12-02 11:23:00,3.0,737.05,373.0,2.0,2.0,2.0,Hibernating
15071,United Kingdom,2010-05-18 12:45:00,2011-09-07 11:43:00,4.0,1455.56,94.0,3.0,3.0,3.0,Champions
15072,United Kingdom,2010-08-17 15:46:00,2010-08-17 15:46:00,1.0,187.52,479.0,1.0,1.0,1.0,Hibernating
15073,United Kingdom,2010-01-27 08:48:00,2011-11-30 10:44:00,8.0,2788.02,10.0,4.0,4.0,4.0,Champions
15074,United Kingdom,2010-08-29 11:47:00,2011-08-26 14:45:00,3.0,1553.13,105.0,2.0,2.0,3.0,Hibernating
15075,United Kingdom,2011-09-23 12:27:00,2011-09-23 12:27:00,1.0,773.03,78.0,3.0,1.0,2.0,Recent / Promising
15076,United Kingdom,2010-07-05 14:11:00,2011-06-20 08:23:00,3.0,1447.74,173.0,2.0,2.0,3.0,Hibernating
15077,United Kingdom,2009-12-09 17:10:00,2010-08-02 11:13:00,2.0,2428.08,495.0,1.0,2.0,4.0,At Risk
15078,United Kingdom,2009-12-04 12:03:00,2011-12-02 15:41:00,52.0,17276.73,7.0,4.0,4.0,4.0,Champions
15079,United Kingdom,2009-12-08 11:22:00,2011-05-11 12:45:00,11.0,3625.4,213.0,2.0,4.0,4.0,Loyal
15080,United Kingdom,2010-07-26 10:03:00,2010-10-08 11:52:00,2.0,546.25,428.0,1.0,2.0,2.0,At Risk
15081,United Kingdom,2010-06-22 10:25:00,2011-11-17 17:08:00,12.0,1854.57,22.0,4.0,4.0,3.0,Champions
15082,United Kingdom,2010-02-09 10:23:00,2010-02-09 10:23:00,1.0,93.35,669.0,1.0,1.0,1.0,Hibernating
15083,United Kingdom,2011-03-28 12:18:00,2011-03-28 12:18:00,1.0,88.2,257.0,2.0,1.0,1.0,Hibernating
15084,United Kingdom,2010-03-04 10:45:00,2010-11-25 11:58:00,2.0,965.2,380.0,1.0,2.0,3.0,At Risk
15085,United Kingdom,2009-12-10 11:47:00,2009-12-10 11:47:00,1.0,347.54,730.0,1.0,1.0,2.0,Hibernating
15086,United Kingdom,2010-03-24 13:56:00,2010-05-24 12:27:00,2.0,218.53,565.0,1.0,2.0,1.0,At Risk
15087,United Kingdom,2011-03-03 10:34:00,2011-03-03 10:34:00,1.0,306.94,282.0,2.0,1.0,1.0,Hibernating
15088,United Kingdom,2011-10-03 14:05:00,2011-11-18 13:14:00,2.0,1160.07,21.0,4.0,2.0,3.0,Recent / Promising
15089,United Kingdom,2011-08-03 14:14:00,2011-11-29 16:31:00,6.0,2420.84,10.0,4.0,3.0,4.0,Champions
15090,United Kingdom,2011-02-04 14:03:00,2011-02-04 14:03:00,1.0,381.32,308.0,2.0,1.0,2.0,Hibernating
15091,United Kingdom,2010-02-03 11:46:00,2011-10-03 12:47:00,3.0,1046.61,68.0,3.0,2.0,3.0,Recent / Promising
15092,United Kingdom,2010-09-03 12:33:00,2011-05-08 14:10:00,3.0,776.46,215.0,2.0,2.0,2.0,Hibernating
15093,United Kingdom,2009-12-08 12:46:00,2011-11-21 13:09:00,23.0,13702.38,18.0,4.0,4.0,4.0,Champions
15094,United Kingdom,2010-03-05 12:56:00,2010-09-02 16:55:00,2.0,83.0,463.0,1.0,2.0,1.0,At Risk
15095,United Kingdom,2010-01-21 09:37:00,2011-08-28 12:01:00,10.0,3141.64,104.0,2.0,4.0,4.0,Loyal
15096,United Kingdom,2011-10-28 10:27:00,2011-10-28 10:27:00,1.0,219.39,43.0,3.0,1.0,1.0,Recent / Promising
15097,United Kingdom,2010-05-05 14:22:00,2011-12-05 14:03:00,3.0,908.35,4.0,4.0,2.0,3.0,Recent / Promising
15098,United Kingdom,2011-06-10 15:22:00,2011-06-10 15:33:00,3.0,39916.5,182.0,2.0,2.0,4.0,Hibernating
15099,United Kingdom,2011-09-16 13:13:00,2011-09-16 13:13:00,1.0,410.48,84.0,3.0,1.0,2.0,Recent / Promising
15100,United Kingdom,2010-01-07 14:33:00,2011-01-10 10:35:00,7.0,2193.9,334.0,2.0,4.0,3.0,Loyal
15101,United Kingdom,2010-04-28 15:00:00,2011-12-01 10:18:00,6.0,1477.94,9.0,4.0,3.0,3.0,Champions
15102,United Kingdom,2010-06-11 10:16:00,2010-06-27 12:16:00,2.0,554.67,531.0,1.0,2.0,2.0,At Risk
15103,United Kingdom,2011-09-14 13:54:00,2011-11-08 14:53:00,2.0,703.36,31.0,3.0,2.0,2.0,Recent / Promising
15104,United Kingdom,2011-03-02 14:16:00,2011-05-27 12:29:00,2.0,993.54,197.0,2.0,2.0,3.0,Hibernating
15105,United Kingdom,2010-03-23 12:18:00,2011-11-21 16:54:00,9.0,3094.91,18.0,4.0,4.0,4.0,Champions
15106,United Kingdom,2011-03-15 12:52:00,2011-11-22 09:16:00,5.0,1422.52,18.0,4.0,3.0,3.0,Champions
15107,United Kingdom,2010-09-14 10:47:00,2011-02-01 14:46:00,9.0,824.35,311.0,2.0,4.0,2.0,Loyal
15108,European Community,2011-04-26 10:54:00,2011-07-21 10:24:00,3.0,1159.25,142.0,2.0,2.0,3.0,Hibernating
15109,United Kingdom,2009-12-04 12:33:00,2011-04-08 09:58:00,3.0,983.1,246.0,2.0,2.0,3.0,Hibernating
15110,United Kingdom,2010-08-11 15:49:00,2011-11-16 11:16:00,6.0,1505.85,24.0,4.0,3.0,3.0,Champions
15111,United Kingdom,2010-04-26 13:12:00,2011-11-10 16:58:00,5.0,2442.37,29.0,3.0,3.0,4.0,Champions
15112,United Kingdom,2010-04-07 14:17:00,2010-04-07 14:17:00,1.0,209.4,611.0,1.0,1.0,1.0,Hibernating
15113,United Kingdom,2011-10-16 15:27:00,2011-11-30 08:23:00,3.0,3509.04,10.0,4.0,2.0,4.0,Recent / Promising
15114,United Kingdom,2010-10-14 16:44:00,2011-11-09 15:05:00,12.0,3400.12,30.0,3.0,4.0,4.0,Champions
15115,United Kingdom,2009-12-07 11:20:00,2011-11-21 14:59:00,2.0,531.85,18.0,4.0,2.0,2.0,Recent / Promising
15116,United Kingdom,2011-05-19 08:50:00,2011-11-22 12:25:00,4.0,1352.75,18.0,4.0,3.0,3.0,Champions
15117,United Kingdom,2010-03-15 13:39:00,2011-11-25 08:12:00,8.0,2485.97,15.0,4.0,4.0,4.0,Champions
15118,United Kingdom,2011-07-28 14:54:00,2011-07-28 14:54:00,1.0,244.8,134.0,2.0,1.0,1.0,Hibernating
15119,United Kingdom,2011-04-08 09:08:00,2011-04-08 09:08:00,1.0,266.4,246.0,2.0,1.0,1.0,Hibernating
15120,United Kingdom,2011-07-29 09:48:00,2011-07-29 09:48:00,1.0,358.82,134.0,2.0,1.0,2.0,Hibernating
15121,United Kingdom,2011-02-24 12:41:00,2011-10-20 14:51:00,2.0,457.72,50.0,3.0,2.0,2.0,Recent / Promising
15122,United Kingdom,2010-03-30 14:05:00,2011-08-17 16:48:00,11.0,4487.27,114.0,2.0,4.0,4.0,Loyal
15123,United Kingdom,2010-03-16 09:49:00,2011-12-02 13:12:00,5.0,4656.17,7.0,4.0,3.0,4.0,Champions
15124,United Kingdom,2010-02-26 10:49:00,2011-11-17 10:09:00,4.0,450.82,23.0,4.0,3.0,2.0,Loyal
15125,United Kingdom,2010-03-31 13:29:00,2011-11-14 13:57:00,24.0,17024.87,25.0,4.0,4.0,4.0,Champions
15126,United Kingdom,2010-01-21 17:09:00,2010-06-21 12:31:00,2.0,449.49,537.0,1.0,2.0,2.0,At Risk
15127,United Kingdom,2010-07-08 10:07:00,2011-10-05 10:30:00,2.0,711.5,66.0,3.0,2.0,2.0,Recent / Promising
15128,United Kingdom,2010-10-05 16:46:00,2011-10-10 13:54:00,5.0,1783.68,60.0,3.0,3.0,3.0,Champions
15129,United Kingdom,2010-04-08 17:15:00,2011-10-20 14:40:00,23.0,6860.18,50.0,3.0,4.0,4.0,Champions
15130,United Kingdom,2011-06-23 10:15:00,2011-06-23 10:15:00,1.0,330.11,170.0,2.0,1.0,1.0,Hibernating
15131,United Kingdom,2010-11-10 12:07:00,2010-11-10 12:07:00,1.0,80.28,395.0,1.0,1.0,1.0,Hibernating
15132,United Kingdom,2011-03-22 12:02:00,2011-11-21 17:10:00,5.0,977.93,18.0,4.0,3.0,3.0,Champions
15133,United Kingdom,2010-07-07 12:31:00,2011-08-04 10:44:00,5.0,1806.9,128.0,2.0,3.0,3.0,Loyal
15134,United Kingdom,2010-10-13 12:44:00,2011-11-25 08:55:00,10.0,1596.29,15.0,4.0,4.0,3.0,Champions
15135,United Kingdom,2010-06-01 13:33:00,2011-04-14 19:16:00,2.0,305.68,239.0,2.0,2.0,1.0,Hibernating
15136,United Kingdom,2011-09-04 16:05:00,2011-12-07 12:26:00,4.0,1286.7,3.0,4.0,3.0,3.0,Champions
15137,United Kingdom,2010-01-28 15:45:00,2010-07-07 09:41:00,2.0,823.4,521.0,1.0,2.0,2.0,At Risk
15138,United Kingdom,2010-11-11 09:16:00,2010-11-11 09:16:00,1.0,502.52,394.0,1.0,1.0,2.0,Hibernating
15139,United Kingdom,2011-01-07 12:44:00,2011-04-14 11:39:00,2.0,178.96,240.0,2.0,2.0,1.0,Hibernating
15140,United Kingdom,2010-09-23 13:07:00,2011-10-18 14:07:00,8.0,3243.69,52.0,3.0,4.0,4.0,Champions
15141,United Kingdom,2010-03-28 15:58:00,2010-09-08 11:33:00,7.0,1388.47,458.0,1.0,4.0,3.0,Loyal
15142,United Kingdom,2010-07-27 09:05:00,2011-10-24 12:51:00,6.0,2619.92,46.0,3.0,3.0,4.0,Champions
15143,United Kingdom,2010-10-03 13:58:00,2011-04-28 12:03:00,2.0,563.63,226.0,2.0,2.0,2.0,Hibernating
15144,United Kingdom,2009-12-13 11:35:00,2011-12-01 15:12:00,29.0,12160.31,8.0,4.0,4.0,4.0,Champions
15145,United Kingdom,2011-04-05 15:20:00,2011-12-05 17:21:00,4.0,1194.73,4.0,4.0,3.0,3.0,Champions
15146,United Kingdom,2011-02-21 13:07:00,2011-06-28 12:09:00,2.0,1327.16,165.0,2.0,2.0,3.0,Hibernating
15147,United Kingdom,2011-04-13 15:57:00,2011-04-13 15:57:00,1.0,623.5,240.0,2.0,1.0,2.0,Hibernating
15148,United Kingdom,2011-11-29 08:21:00,2011-11-29 08:21:00,1.0,301.29,11.0,4.0,1.0,1.0,Recent / Promising
15149,United Kingdom,2010-02-28 11:13:00,2011-07-29 10:58:00,4.0,1524.61,134.0,2.0,3.0,3.0,Loyal
15150,United Kingdom,2010-06-14 12:01:00,2011-11-22 12:52:00,13.0,8977.94,17.0,4.0,4.0,4.0,Champions
15151,United Kingdom,2010-07-18 12:19:00,2010-10-12 16:37:00,2.0,2085.61,423.0,1.0,2.0,3.0,At Risk
15152,United Kingdom,2010-01-07 15:15:00,2011-11-30 12:32:00,14.0,5263.83,10.0,4.0,4.0,4.0,Champions
15153,United Kingdom,2011-11-08 17:09:00,2011-11-08 17:09:00,1.0,329.25,31.0,3.0,1.0,1.0,Recent / Promising
15154,United Kingdom,2010-08-18 17:41:00,2011-09-25 16:05:00,3.0,1343.72,75.0,3.0,2.0,3.0,Recent / Promising
15155,United Kingdom,2010-11-21 12:59:00,2010-11-21 12:59:00,1.0,383.97,383.0,1.0,1.0,2.0,Hibernating
15156,United Kingdom,2011-11-06 12:41:00,2011-12-08 18:22:00,3.0,961.49,1.0,4.0,2.0,3.0,Recent / Promising
15157,United Kingdom,2009-12-10 14:44:00,2011-12-06 11:28:00,5.0,2654.11,4.0,4.0,3.0,4.0,Champions
15158,United Kingdom,2010-11-03 13:46:00,2011-10-25 13:53:00,2.0,606.02,45.0,3.0,2.0,2.0,Recent / Promising
15159,United Kingdom,2010-10-04 09:31:00,2011-12-08 12:05:00,34.0,22116.73,2.0,4.0,4.0,4.0,Champions
15160,United Kingdom,2010-10-14 15:26:00,2010-12-17 14:15:00,4.0,589.27,357.0,2.0,3.0,2.0,Loyal
15161,United Kingdom,2010-11-16 16:08:00,2010-11-16 16:08:00,1.0,119.92,388.0,1.0,1.0,1.0,Hibernating
15162,United Kingdom,2009-12-08 13:14:00,2009-12-08 13:14:00,1.0,312.9,731.0,1.0,1.0,1.0,Hibernating
15163,United Kingdom,2011-05-31 15:22:00,2011-11-21 13:10:00,2.0,304.47,18.0,4.0,2.0,1.0,Recent / Promising
15164,United Kingdom,2010-01-18 13:34:00,2011-10-02 12:05:00,9.0,2028.11,69.0,3.0,4.0,3.0,Champions
15165,United Kingdom,2010-12-01 14:03:00,2010-12-01 14:03:00,1.0,487.75,373.0,2.0,1.0,2.0,Hibernating
15166,United Kingdom,2010-08-29 12:31:00,2010-08-29 12:31:00,1.0,167.16,468.0,1.0,1.0,1.0,Hibernating
15167,United Kingdom,2010-02-04 14:13:00,2011-01-23 12:41:00,5.0,1627.62,321.0,2.0,3.0,3.0,Loyal
15168,United Kingdom,2011-11-14 11:26:00,2011-11-14 11:26:00,1.0,106.56,26.0,3.0,1.0,1.0,Recent / Promising
15169,United Kingdom,2009-12-13 11:16:00,2010-11-22 13:04:00,2.0,569.22,382.0,1.0,2.0,2.0,At Risk
15170,United Kingdom,2010-10-29 10:34:00,2010-10-29 10:34:00,1.0,81.15,407.0,1.0,1.0,1.0,Hibernating
15171,United Kingdom,2011-01-12 15:36:00,2011-01-12 15:36:00,1.0,1289.5,331.0,2.0,1.0,3.0,Hibernating
15172,United Kingdom,2011-04-17 11:56:00,2011-12-01 11:51:00,5.0,1624.05,9.0,4.0,3.0,3.0,Champions
15173,United Kingdom,2010-04-01 12:26:00,2010-11-24 10:21:00,7.0,1494.6,381.0,1.0,4.0,3.0,Loyal
15174,United Kingdom,2010-10-25 09:40:00,2011-01-21 09:06:00,2.0,481.46,323.0,2.0,2.0,2.0,Hibernating
15175,United Kingdom,2011-09-29 11:31:00,2011-09-29 11:31:00,1.0,224.14,72.0,3.0,1.0,1.0,Recent / Promising
15176,United Kingdom,2010-02-10 10:36:00,2010-02-10 10:36:00,1.0,988.04,668.0,1.0,1.0,3.0,Hibernating
15177,United Kingdom,2010-10-10 12:48:00,2010-10-10 12:48:00,1.0,948.93,426.0,1.0,1.0,3.0,Hibernating
15178,United Kingdom,2011-03-24 15:12:00,2011-03-24 15:12:00,1.0,40.5,260.0,2.0,1.0,1.0,Hibernating
15179,United Kingdom,2009-12-03 12:27:00,2011-11-21 12:53:00,13.0,7491.92,18.0,4.0,4.0,4.0,Champions
15180,United Kingdom,2010-04-29 15:27:00,2010-12-07 14:57:00,3.0,816.93,367.0,2.0,2.0,2.0,Hibernating
15181,United Kingdom,2009-12-08 19:02:00,2011-10-04 13:58:00,5.0,1200.2,66.0,3.0,3.0,3.0,Champions
15182,United Kingdom,2010-02-21 12:03:00,2011-07-08 13:37:00,11.0,2998.95,154.0,2.0,4.0,4.0,Loyal
15183,United Kingdom,2010-05-04 11:31:00,2010-06-10 10:43:00,3.0,639.93,548.0,1.0,2.0,2.0,At Risk
15184,United Kingdom,2009-12-16 12:06:00,2011-11-10 13:41:00,4.0,685.39,29.0,3.0,3.0,2.0,Loyal
15185,United Kingdom,2011-09-30 14:06:00,2011-09-30 14:06:00,1.0,310.62,70.0,3.0,1.0,1.0,Recent / Promising
15186,United Kingdom,2010-01-12 10:14:00,2011-11-25 14:58:00,5.0,1403.2,14.0,4.0,3.0,3.0,Champions
15187,United Kingdom,2011-05-11 13:49:00,2011-12-08 11:56:00,15.0,4762.18,2.0,4.0,4.0,4.0,Champions
15188,United Kingdom,2009-12-14 13:30:00,2009-12-14 13:30:00,1.0,310.43,725.0,1.0,1.0,1.0,Hibernating
15189,United Kingdom,2010-07-18 13:37:00,2011-12-08 13:22:00,46.0,17524.38,1.0,4.0,4.0,4.0,Champions
15190,United Kingdom,2010-10-01 13:09:00,2010-10-01 13:09:00,1.0,834.44,434.0,1.0,1.0,2.0,Hibernating
15191,United Kingdom,2010-01-20 12:35:00,2010-09-02 15:37:00,3.0,588.05,463.0,1.0,2.0,2.0,At Risk
15192,United Kingdom,2010-01-29 10:13:00,2011-08-12 11:41:00,5.0,1666.39,120.0,2.0,3.0,3.0,Loyal
15193,United Kingdom,2011-10-10 08:23:00,2011-10-10 08:23:00,1.0,499.32,61.0,3.0,1.0,2.0,Recent / Promising
15194,United Kingdom,2009-12-03 10:37:00,2011-12-06 15:10:00,28.0,12021.53,3.0,4.0,4.0,4.0,Champions
15195,United Kingdom,2011-12-07 12:20:00,2011-12-07 12:20:00,1.0,3861.0,3.0,4.0,1.0,4.0,Recent / Promising
15196,United Kingdom,2009-12-13 11:14:00,2010-10-03 10:50:00,2.0,313.7,433.0,1.0,2.0,1.0,At Risk
15197,United Kingdom,2009-12-11 12:56:00,2011-11-29 10:00:00,6.0,1877.51,11.0,4.0,3.0,3.0,Champions
15198,United Kingdom,2010-01-19 10:01:00,2011-09-08 14:42:00,5.0,571.35,92.0,3.0,3.0,2.0,Loyal
15199,United Kingdom,2010-05-13 10:14:00,2011-10-11 15:12:00,10.0,3122.4,59.0,3.0,4.0,4.0,Champions
15200,United Kingdom,2010-08-02 09:38:00,2010-08-02 09:38:00,1.0,549.05,495.0,1.0,1.0,2.0,Hibernating
15201,United Kingdom,2010-04-07 14:50:00,2011-09-13 14:53:00,7.0,1842.95,87.0,3.0,4.0,3.0,Champions
15203,United Kingdom,2009-12-08 18:06:00,2011-11-14 08:16:00,15.0,4400.18,26.0,3.0,4.0,4.0,Champions
15204,United Kingdom,2010-12-17 13:49:00,2010-12-17 13:49:00,1.0,316.58,357.0,2.0,1.0,1.0,Hibernating
15205,United Kingdom,2011-08-04 16:07:00,2011-09-15 19:36:00,2.0,653.24,85.0,3.0,2.0,2.0,Recent / Promising
15206,United Kingdom,2011-03-09 08:59:00,2011-11-29 13:41:00,4.0,420.3,10.0,4.0,3.0,2.0,Loyal
15207,United Kingdom,2010-06-10 17:29:00,2010-10-19 13:29:00,3.0,683.92,416.0,1.0,2.0,2.0,At Risk
15208,United Kingdom,2010-10-12 12:17:00,2011-12-08 17:24:00,6.0,970.52,1.0,4.0,3.0,3.0,Champions
15209,United Kingdom,2009-12-09 17:26:00,2009-12-09 17:26:00,1.0,178.98,730.0,1.0,1.0,1.0,Hibernating
15210,United Kingdom,2010-05-13 14:42:00,2011-04-28 16:11:00,3.0,1176.19,225.0,2.0,2.0,3.0,Hibernating
15211,United Kingdom,2010-12-09 16:08:00,2011-10-10 13:31:00,2.0,894.41,60.0,3.0,2.0,3.0,Recent / Promising
15212,United Kingdom,2010-11-28 10:45:00,2011-04-12 13:45:00,2.0,208.28,241.0,2.0,2.0,1.0,Hibernating
15213,United Kingdom,2011-01-14 11:05:00,2011-01-25 12:21:00,2.0,328.35,319.0,2.0,2.0,1.0,Hibernating
15214,United Kingdom,2011-04-11 09:46:00,2011-12-08 12:07:00,8.0,1661.44,2.0,4.0,4.0,3.0,Champions
15215,United Kingdom,2010-04-06 11:21:00,2011-10-24 11:41:00,7.0,2422.43,47.0,3.0,4.0,4.0,Champions
15216,United Kingdom,2010-03-31 09:52:00,2011-09-13 11:41:00,2.0,486.09,88.0,3.0,2.0,2.0,Recent / Promising
15217,United Kingdom,2010-05-25 13:51:00,2010-05-25 13:51:00,1.0,426.24,563.0,1.0,1.0,2.0,Hibernating
15218,United Kingdom,2010-01-26 11:33:00,2011-11-29 11:48:00,22.0,11453.83,11.0,4.0,4.0,4.0,Champions
15219,United Kingdom,2010-03-01 11:33:00,2011-06-16 16:57:00,2.0,685.45,176.0,2.0,2.0,2.0,Hibernating
15220,United Kingdom,2011-03-04 10:24:00,2011-10-19 12:39:00,6.0,1778.96,52.0,3.0,3.0,3.0,Champions
15221,United Kingdom,2010-03-12 10:40:00,2010-12-08 13:08:00,4.0,2062.2,366.0,2.0,3.0,3.0,Loyal
15222,United Kingdom,2009-12-16 13:49:00,2011-01-25 08:03:00,11.0,3550.91,319.0,2.0,4.0,4.0,Loyal
15223,United Kingdom,2009-12-05 11:19:00,2011-04-28 11:31:00,5.0,1417.95,226.0,2.0,3.0,3.0,Loyal
15224,United Kingdom,2010-01-15 16:14:00,2010-12-16 15:02:00,5.0,871.36,358.0,2.0,3.0,3.0,Loyal
15225,United Kingdom,2011-04-19 14:51:00,2011-04-19 14:51:00,1.0,409.4,234.0,2.0,1.0,2.0,Hibernating
15226,United Kingdom,2011-02-02 11:41:00,2011-02-02 11:41:00,1.0,154.41,311.0,2.0,1.0,1.0,Hibernating
15227,United Kingdom,2010-03-16 08:23:00,2011-11-03 11:59:00,9.0,2488.49,37.0,3.0,4.0,4.0,Champions
15228,United Kingdom,2010-07-28 10:21:00,2011-10-04 13:56:00,6.0,5580.27,66.0,3.0,3.0,4.0,Champions
15229,United Kingdom,2010-05-02 13:50:00,2010-05-02 13:50:00,1.0,160.5,586.0,1.0,1.0,1.0,Hibernating
15230,United Kingdom,2011-04-13 11:04:00,2011-04-14 14:39:00,2.0,429.6,239.0,2.0,2.0,2.0,Hibernating
15231,United Kingdom,2010-03-28 15:12:00,2010-03-28 15:12:00,1.0,250.26,621.0,1.0,1.0,1.0,Hibernating
15232,United Kingdom,2011-07-22 12:21:00,2011-08-18 16:27:00,2.0,612.06,113.0,2.0,2.0,2.0,Hibernating
15233,United Kingdom,2010-11-03 13:36:00,2010-11-03 13:36:00,1.0,59.4,401.0,1.0,1.0,1.0,Hibernating
15234,United Kingdom,2011-03-08 08:53:00,2011-03-08 08:53:00,1.0,197.0,277.0,2.0,1.0,1.0,Hibernating
15235,United Kingdom,2010-11-16 12:48:00,2011-05-06 09:44:00,16.0,2772.76,218.0,2.0,4.0,4.0,Loyal
15236,United Kingdom,2011-02-14 10:52:00,2011-02-14 10:52:00,1.0,321.05,299.0,2.0,1.0,1.0,Hibernating
15237,United Kingdom,2011-04-26 15:04:00,2011-12-08 09:46:00,4.0,1412.32,2.0,4.0,3.0,3.0,Champions
15238,United Kingdom,2011-06-08 16:00:00,2011-11-10 14:28:00,3.0,1071.99,29.0,3.0,2.0,3.0,Recent / Promising
15239,United Kingdom,2011-09-22 09:53:00,2011-11-29 14:14:00,2.0,780.59,10.0,4.0,2.0,2.0,Recent / Promising
15240,United Kingdom,2009-12-05 14:57:00,2011-10-26 09:50:00,12.0,4459.98,45.0,3.0,4.0,4.0,Champions
15241,United Kingdom,2010-02-23 13:59:00,2011-10-04 09:05:00,11.0,3050.16,67.0,3.0,4.0,4.0,Champions
15242,United Kingdom,2010-10-13 15:33:00,2010-10-13 15:33:00,1.0,302.04,422.0,1.0,1.0,1.0,Hibernating
15243,United Kingdom,2010-09-30 17:28:00,2011-09-26 14:12:00,2.0,927.28,74.0,3.0,2.0,3.0,Recent / Promising
15244,United Kingdom,2010-02-11 14:48:00,2011-10-05 13:19:00,3.0,912.08,65.0,3.0,2.0,3.0,Recent / Promising
15245,United Kingdom,2010-04-23 14:23:00,2011-07-28 18:56:00,8.0,4610.84,134.0,2.0,4.0,4.0,Loyal
15246,United Kingdom,2010-06-02 11:28:00,2011-04-15 14:45:00,3.0,780.4,238.0,2.0,2.0,2.0,Hibernating
15247,United Kingdom,2010-06-20 14:08:00,2011-08-09 12:52:00,3.0,976.06,122.0,2.0,2.0,3.0,Hibernating
15248,United Kingdom,2010-06-23 14:34:00,2010-10-24 13:09:00,3.0,1893.93,411.0,1.0,2.0,3.0,At Risk
15249,United Kingdom,2010-03-26 14:51:00,2011-11-08 11:45:00,18.0,9266.0,32.0,3.0,4.0,4.0,Champions
15250,United Kingdom,2010-03-09 07:35:00,2010-03-09 07:35:00,1.0,60.0,641.0,1.0,1.0,1.0,Hibernating
15251,United Kingdom,2010-01-29 12:42:00,2011-11-30 15:02:00,21.0,20324.54,9.0,4.0,4.0,4.0,Champions
15252,United Kingdom,2010-04-07 10:24:00,2011-11-03 13:30:00,5.0,2103.41,36.0,3.0,3.0,3.0,Champions
15253,United Kingdom,2010-05-02 11:17:00,2011-11-23 16:22:00,8.0,2055.09,16.0,4.0,4.0,3.0,Champions
15254,United Kingdom,2010-05-28 10:08:00,2011-08-04 15:04:00,3.0,1088.35,127.0,2.0,2.0,3.0,Hibernating
15255,United Kingdom,2009-12-03 09:10:00,2011-10-04 12:43:00,9.0,3706.02,67.0,3.0,4.0,4.0,Champions
15256,United Kingdom,2010-05-27 11:41:00,2011-07-14 11:47:00,2.0,170.4,149.0,2.0,2.0,1.0,Hibernating
15257,United Kingdom,2010-10-21 14:03:00,2011-03-01 12:58:00,2.0,685.9,283.0,2.0,2.0,2.0,Hibernating
15258,United Kingdom,2011-05-06 14:16:00,2011-06-24 12:30:00,2.0,623.16,169.0,2.0,2.0,2.0,Hibernating
15259,United Kingdom,2010-01-26 09:41:00,2010-07-15 08:47:00,4.0,1182.38,513.0,1.0,3.0,3.0,Loyal
15260,United Kingdom,2009-12-06 11:45:00,2011-08-31 13:55:00,25.0,8767.73,100.0,2.0,4.0,4.0,Loyal
15261,United Kingdom,2010-10-01 11:59:00,2011-07-27 15:20:00,4.0,1508.0,135.0,2.0,3.0,3.0,Loyal
15262,United Kingdom,2010-08-08 15:55:00,2011-01-20 12:16:00,3.0,418.82,324.0,2.0,2.0,2.0,Hibernating
15263,United Kingdom,2011-08-25 10:26:00,2011-08-25 10:26:00,1.0,156.51,107.0,2.0,1.0,1.0,Hibernating
15264,United Kingdom,2010-06-27 13:29:00,2011-10-06 13:49:00,2.0,848.4,64.0,3.0,2.0,2.0,Recent / Promising
15265,United Kingdom,2009-12-01 17:08:00,2011-07-11 14:46:00,4.0,3345.64,151.0,2.0,3.0,4.0,Loyal
15266,United Kingdom,2010-01-07 12:19:00,2011-01-05 13:40:00,5.0,852.21,338.0,2.0,3.0,2.0,Loyal
15267,United Kingdom,2011-06-10 10:24:00,2011-11-17 15:59:00,5.0,1717.36,22.0,4.0,3.0,3.0,Champions
15268,United Kingdom,2010-04-13 11:27:00,2010-08-18 10:33:00,3.0,961.9,479.0,1.0,2.0,3.0,At Risk
15269,United Kingdom,2010-11-14 12:58:00,2011-11-16 09:32:00,3.0,1225.36,24.0,4.0,2.0,3.0,Recent / Promising
15270,United Kingdom,2009-12-17 15:02:00,2011-11-24 09:24:00,21.0,8524.86,16.0,4.0,4.0,4.0,Champions
15271,United Kingdom,2010-08-05 14:57:00,2011-12-02 14:11:00,24.0,4528.54,7.0,4.0,4.0,4.0,Champions
15272,United Kingdom,2010-02-14 13:39:00,2011-10-13 12:59:00,6.0,2030.95,57.0,3.0,3.0,3.0,Champions
15273,United Kingdom,2010-04-19 11:31:00,2010-04-19 11:31:00,1.0,228.96,600.0,1.0,1.0,1.0,Hibernating
15274,United Kingdom,2011-11-21 14:17:00,2011-12-05 16:57:00,2.0,716.57,4.0,4.0,2.0,2.0,Recent / Promising
15275,United Kingdom,2011-11-02 11:20:00,2011-11-02 11:20:00,1.0,615.14,38.0,3.0,1.0,2.0,Recent / Promising
15276,United Kingdom,2010-10-01 12:24:00,2011-10-04 16:39:00,4.0,619.8,66.0,3.0,3.0,2.0,Loyal
15277,United Kingdom,2010-10-10 16:02:00,2011-10-24 10:08:00,2.0,476.34,47.0,3.0,2.0,2.0,Recent / Promising
15278,United Kingdom,2010-02-12 14:53:00,2010-05-27 10:03:00,4.0,496.16,562.0,1.0,3.0,2.0,Loyal
15279,United Kingdom,2010-02-02 10:15:00,2010-12-20 10:48:00,5.0,1580.54,355.0,2.0,3.0,3.0,Loyal
15280,United Kingdom,2010-05-17 14:17:00,2011-06-20 17:14:00,3.0,397.52,172.0,2.0,2.0,2.0,Hibernating
15281,United Kingdom,2010-10-08 12:14:00,2011-10-12 09:10:00,16.0,8543.57,59.0,3.0,4.0,4.0,Champions
15282,United Kingdom,2010-05-18 16:27:00,2010-05-18 16:27:00,1.0,348.59,570.0,1.0,1.0,2.0,Hibernating
15283,United Kingdom,2010-07-09 15:46:00,2010-11-14 14:54:00,3.0,148.33,390.0,1.0,2.0,1.0,At Risk
15284,United Kingdom,2010-07-27 13:25:00,2010-07-27 13:25:00,1.0,24.75,500.0,1.0,1.0,1.0,Hibernating
15285,United Kingdom,2010-10-28 09:46:00,2010-10-28 09:46:00,1.0,94.92,408.0,1.0,1.0,1.0,Hibernating
15286,United Kingdom,2011-10-21 11:08:00,2011-10-21 11:08:00,1.0,240.55,50.0,3.0,1.0,1.0,Recent / Promising
15287,United Kingdom,2009-12-02 12:13:00,2011-11-17 15:34:00,5.0,856.03,22.0,4.0,3.0,3.0,Champions
15288,United Kingdom,2010-02-12 15:27:00,2011-10-27 16:58:00,10.0,3706.53,43.0,3.0,4.0,4.0,Champions
15289,United Kingdom,2010-03-28 11:45:00,2011-11-10 13:49:00,5.0,1593.09,29.0,3.0,3.0,3.0,Champions
15290,United Kingdom,2010-02-24 10:15:00,2011-12-05 11:39:00,26.0,10496.28,5.0,4.0,4.0,4.0,Champions
15291,United Kingdom,2009-12-03 11:09:00,2011-11-14 11:02:00,39.0,13472.76,26.0,3.0,4.0,4.0,Champions
15292,United Kingdom,2011-05-22 15:00:00,2011-05-22 15:00:00,1.0,178.39,201.0,2.0,1.0,1.0,Hibernating
15293,United Kingdom,2010-02-12 11:54:00,2010-02-12 11:54:00,1.0,247.5,666.0,1.0,1.0,1.0,Hibernating
15294,United Kingdom,2010-10-25 11:45:00,2010-10-25 11:45:00,1.0,233.35,411.0,1.0,1.0,1.0,Hibernating
15295,United Kingdom,2010-02-23 13:03:00,2010-02-23 13:03:00,1.0,207.04,654.0,1.0,1.0,1.0,Hibernating
15296,United Kingdom,2010-01-21 13:48:00,2011-10-20 11:47:00,12.0,10323.03,51.0,3.0,4.0,4.0,Champions
15297,United Kingdom,2011-10-07 09:42:00,2011-11-29 16:32:00,3.0,641.94,10.0,4.0,2.0,2.0,Recent / Promising
15298,United Kingdom,2009-12-08 17:04:00,2011-12-07 17:17:00,23.0,9061.77,2.0,4.0,4.0,4.0,Champions
15299,United Kingdom,2010-01-12 11:34:00,2011-10-03 14:19:00,9.0,5556.53,67.0,3.0,4.0,4.0,Champions
15300,United Kingdom,2011-10-06 17:08:00,2011-10-06 17:08:00,1.0,496.44,64.0,3.0,1.0,2.0,Recent / Promising
15301,United Kingdom,2010-09-15 15:41:00,2011-10-20 09:57:00,17.0,6909.67,51.0,3.0,4.0,4.0,Champions
15302,United Kingdom,2009-12-09 13:11:00,2009-12-09 13:11:00,1.0,308.0,730.0,1.0,1.0,1.0,Hibernating
15303,United Kingdom,2010-01-25 09:42:00,2011-02-22 13:59:00,3.0,1224.18,290.0,2.0,2.0,3.0,Hibernating
15304,United Kingdom,2010-10-14 10:24:00,2011-10-10 10:23:00,9.0,796.4,61.0,3.0,4.0,2.0,Loyal
15305,United Kingdom,2010-06-02 13:50:00,2010-06-02 13:50:00,1.0,93.6,555.0,1.0,1.0,1.0,Hibernating
15306,United Kingdom,2010-02-18 17:12:00,2011-10-06 12:56:00,9.0,3484.73,64.0,3.0,4.0,4.0,Champions
15307,United Kingdom,2011-09-05 11:38:00,2011-09-05 11:38:00,1.0,205.3,96.0,2.0,1.0,1.0,Hibernating
15308,United Kingdom,2011-03-10 13:08:00,2011-03-10 13:08:00,1.0,310.47,274.0,2.0,1.0,1.0,Hibernating
15309,United Kingdom,2009-12-04 13:01:00,2010-04-08 11:11:00,4.0,797.96,611.0,1.0,3.0,2.0,Loyal
15310,United Kingdom,2010-08-18 11:38:00,2010-08-18 11:38:00,1.0,1634.64,479.0,1.0,1.0,3.0,Hibernating
15311,United Kingdom,2009-12-01 11:21:00,2011-12-09 12:00:00,207.0,114671.42,1.0,4.0,4.0,4.0,Champions
15312,United Kingdom,2009-12-16 09:23:00,2011-09-25 13:10:00,12.0,2930.19,75.0,3.0,4.0,4.0,Champions
15313,United Kingdom,2011-08-21 16:02:00,2011-08-21 16:02:00,1.0,52.0,110.0,2.0,1.0,1.0,Hibernating
15314,United Kingdom,2010-10-07 15:41:00,2011-05-24 14:39:00,3.0,820.45,199.0,2.0,2.0,2.0,Hibernating
15315,United Kingdom,2011-08-15 15:17:00,2011-10-06 12:51:00,2.0,570.5,64.0,3.0,2.0,2.0,Recent / Promising
15316,United Kingdom,2011-01-17 11:34:00,2011-01-17 11:34:00,1.0,165.0,327.0,2.0,1.0,1.0,Hibernating
15317,United Kingdom,2010-01-31 15:55:00,2010-01-31 15:55:00,1.0,129.75,677.0,1.0,1.0,1.0,Hibernating
15318,United Kingdom,2011-12-06 11:30:00,2011-12-06 11:30:00,1.0,312.62,4.0,4.0,1.0,1.0,Recent / Promising
15319,United Kingdom,2011-03-01 12:48:00,2011-03-01 12:48:00,1.0,204.5,284.0,2.0,1.0,1.0,Hibernating
15320,United Kingdom,2011-10-26 13:27:00,2011-10-26 13:27:00,1.0,267.13,44.0,3.0,1.0,1.0,Recent / Promising
15321,United Kingdom,2010-02-03 09:47:00,2011-09-30 09:40:00,12.0,6709.73,71.0,3.0,4.0,4.0,Champions
15322,United Kingdom,2010-08-20 13:10:00,2011-09-15 09:34:00,2.0,1390.86,86.0,3.0,2.0,3.0,Recent / Promising
15323,United Kingdom,2010-02-16 09:21:00,2010-05-26 10:01:00,3.0,434.6,563.0,1.0,2.0,2.0,At Risk
15324,United Kingdom,2010-01-07 14:37:00,2010-01-07 14:37:00,1.0,140.22,701.0,1.0,1.0,1.0,Hibernating
15325,United Kingdom,2010-02-16 13:30:00,2011-08-28 11:55:00,8.0,1601.46,104.0,2.0,4.0,3.0,Loyal
15326,United Kingdom,2009-12-01 13:19:00,2011-01-10 11:38:00,5.0,1700.52,334.0,2.0,3.0,3.0,Loyal
15327,United Kingdom,2011-10-18 11:55:00,2011-10-18 11:55:00,1.0,208.75,53.0,3.0,1.0,1.0,Recent / Promising
15328,United Kingdom,2010-10-28 09:05:00,2010-10-28 09:05:00,1.0,107.24,408.0,1.0,1.0,1.0,Hibernating
15329,United Kingdom,2009-12-14 12:18:00,2011-10-31 15:36:00,11.0,2958.83,39.0,3.0,4.0,4.0,Champions
15330,United Kingdom,2011-10-10 12:30:00,2011-11-07 17:50:00,2.0,714.96,32.0,3.0,2.0,2.0,Recent / Promising
15331,United Kingdom,2010-04-09 14:26:00,2010-07-28 09:42:00,3.0,767.91,500.0,1.0,2.0,2.0,At Risk
15332,Lithuania,2010-07-14 13:01:00,2010-12-08 14:43:00,6.0,4892.68,366.0,2.0,3.0,4.0,Loyal
15333,United Kingdom,2011-05-15 13:27:00,2011-05-15 13:27:00,1.0,1028.56,208.0,2.0,1.0,3.0,Hibernating
15334,United Kingdom,2011-06-19 13:51:00,2011-07-06 11:22:00,3.0,347.87,157.0,2.0,2.0,2.0,Hibernating
15335,United Kingdom,2011-10-17 12:50:00,2011-10-17 12:50:00,1.0,170.22,54.0,3.0,1.0,1.0,Recent / Promising
15336,United Kingdom,2010-11-03 12:39:00,2010-11-03 12:39:00,1.0,240.5,402.0,1.0,1.0,1.0,Hibernating
15337,United Kingdom,2010-10-24 15:29:00,2010-10-24 15:29:00,1.0,373.02,411.0,1.0,1.0,2.0,Hibernating
15338,United Kingdom,2010-01-31 14:25:00,2010-01-31 14:25:00,1.0,277.93,677.0,1.0,1.0,1.0,Hibernating
15339,United Kingdom,2010-02-08 13:38:00,2011-10-04 12:51:00,7.0,1821.02,66.0,3.0,4.0,3.0,Champions
15340,United Kingdom,2010-05-27 10:27:00,2010-05-27 10:27:00,1.0,105.5,562.0,1.0,1.0,1.0,Hibernating
15341,United Kingdom,2010-09-16 16:41:00,2011-09-20 09:40:00,2.0,2402.72,81.0,3.0,2.0,4.0,Recent / Promising
15342,United Kingdom,2011-08-02 10:19:00,2011-08-02 10:19:00,1.0,406.09,130.0,2.0,1.0,2.0,Hibernating
15343,United Kingdom,2011-09-13 13:55:00,2011-09-13 13:55:00,1.0,364.5,87.0,3.0,1.0,2.0,Recent / Promising
15344,United Kingdom,2011-09-26 14:48:00,2011-12-09 10:45:00,3.0,563.94,1.0,4.0,2.0,2.0,Recent / Promising
15345,United Kingdom,2011-10-25 11:28:00,2011-10-25 11:28:00,1.0,393.54,46.0,3.0,1.0,2.0,Recent / Promising
15346,United Kingdom,2010-10-04 15:11:00,2011-01-11 11:18:00,3.0,596.12,333.0,2.0,2.0,2.0,Hibernating
15347,United Kingdom,2010-09-28 12:50:00,2010-12-08 15:25:00,4.0,1162.0,366.0,2.0,3.0,3.0,Loyal
15348,United Kingdom,2011-09-28 13:17:00,2011-09-28 13:17:00,1.0,158.04,72.0,3.0,1.0,1.0,Recent / Promising
15349,United Kingdom,2011-06-05 15:46:00,2011-07-04 16:06:00,2.0,463.91,158.0,2.0,2.0,2.0,Hibernating
15350,United Kingdom,2010-11-21 15:14:00,2010-12-01 13:33:00,2.0,547.6,373.0,2.0,2.0,2.0,Hibernating
15351,United Kingdom,2010-10-03 12:18:00,2011-11-27 12:52:00,10.0,3430.22,12.0,4.0,4.0,4.0,Champions
15352,United Kingdom,2010-06-09 11:28:00,2010-06-09 11:28:00,1.0,111.15,549.0,1.0,1.0,1.0,Hibernating
15353,United Kingdom,2009-12-02 11:33:00,2011-03-30 12:15:00,7.0,2794.47,255.0,2.0,4.0,4.0,Loyal
15355,United Kingdom,2011-10-17 15:22:00,2011-11-10 13:44:00,2.0,277.05,29.0,3.0,2.0,1.0,Recent / Promising
15356,United Kingdom,2010-10-13 13:12:00,2011-11-08 13:11:00,13.0,3239.57,31.0,3.0,4.0,4.0,Champions
15358,United Kingdom,2009-12-07 12:19:00,2011-12-05 09:04:00,42.0,16425.86,5.0,4.0,4.0,4.0,Champions
15359,United Kingdom,2010-01-15 11:30:00,2010-02-15 10:47:00,8.0,181.35,663.0,1.0,4.0,1.0,Loyal
15360,United Kingdom,2011-10-31 09:35:00,2011-10-31 09:35:00,1.0,427.93,40.0,3.0,1.0,2.0,Recent / Promising
15361,United Kingdom,2010-06-14 13:27:00,2010-12-13 09:52:00,4.0,689.07,362.0,2.0,3.0,2.0,Loyal
15362,United Kingdom,2009-12-01 09:08:00,2010-09-17 10:37:00,2.0,613.08,449.0,1.0,2.0,2.0,At Risk
15363,United Kingdom,2010-08-04 08:41:00,2010-12-02 12:28:00,2.0,678.11,373.0,2.0,2.0,2.0,Hibernating
15364,United Kingdom,2011-03-30 13:39:00,2011-09-05 09:46:00,2.0,913.19,96.0,2.0,2.0,3.0,Hibernating
15365,United Kingdom,2010-02-04 16:43:00,2011-11-14 08:29:00,13.0,4557.13,26.0,3.0,4.0,4.0,Champions
15366,United Kingdom,2010-02-26 10:10:00,2011-09-25 15:01:00,7.0,2389.08,75.0,3.0,4.0,4.0,Champions
15367,United Kingdom,2009-12-10 14:20:00,2011-10-13 14:13:00,11.0,5081.33,57.0,3.0,4.0,4.0,Champions
15368,United Kingdom,2010-11-10 15:52:00,2011-11-18 14:42:00,2.0,722.74,21.0,4.0,2.0,2.0,Recent / Promising
15369,United Kingdom,2009-12-08 07:43:00,2010-08-04 13:54:00,11.0,6251.26,492.0,1.0,4.0,4.0,Loyal
15370,United Kingdom,2010-10-25 12:08:00,2011-10-30 10:58:00,8.0,3739.01,41.0,3.0,4.0,4.0,Champions
15371,United Kingdom,2010-02-15 13:14:00,2010-02-15 13:14:00,1.0,59.4,662.0,1.0,1.0,1.0,Hibernating
15372,United Kingdom,2010-02-14 11:24:00,2011-07-25 16:39:00,8.0,6017.06,137.0,2.0,4.0,4.0,Loyal
15373,United Kingdom,2010-05-02 11:57:00,2011-12-01 15:05:00,17.0,3084.54,8.0,4.0,4.0,4.0,Champions
15374,United Kingdom,2010-03-25 12:03:00,2011-08-03 09:59:00,2.0,307.32,129.0,2.0,2.0,1.0,Hibernating
15375,United Kingdom,2010-01-18 15:38:00,2010-01-18 15:38:00,1.0,60.96,690.0,1.0,1.0,1.0,Hibernating
15376,United Kingdom,2011-05-01 13:45:00,2011-10-30 15:04:00,3.0,1221.56,40.0,3.0,2.0,3.0,Recent / Promising
15377,United Kingdom,2010-10-20 11:42:00,2010-11-22 08:55:00,4.0,1211.75,383.0,1.0,3.0,3.0,Loyal
15378,United Kingdom,2010-07-26 08:47:00,2010-09-03 11:30:00,2.0,246.5,463.0,1.0,2.0,1.0,At Risk
15379,United Kingdom,2010-11-04 11:59:00,2011-06-23 13:13:00,8.0,4877.84,169.0,2.0,4.0,4.0,Loyal
15380,United Kingdom,2009-12-01 13:50:00,2011-12-01 12:13:00,11.0,3248.96,9.0,4.0,4.0,4.0,Champions
15381,United Kingdom,2010-05-05 14:35:00,2011-05-10 11:55:00,5.0,1890.57,214.0,2.0,3.0,3.0,Loyal
15382,United Kingdom,2009-12-04 14:13:00,2011-11-25 10:58:00,12.0,13733.55,15.0,4.0,4.0,4.0,Champions
15384,United Kingdom,2010-04-26 12:38:00,2011-06-23 10:57:00,4.0,2027.79,170.0,2.0,3.0,3.0,Loyal
15385,United Kingdom,2010-01-31 13:02:00,2011-10-30 15:11:00,3.0,942.08,40.0,3.0,2.0,3.0,Recent / Promising
15386,United Kingdom,2011-06-06 13:47:00,2011-06-06 13:47:00,1.0,394.14,186.0,2.0,1.0,2.0,Hibernating
15387,United Kingdom,2010-08-04 16:05:00,2010-08-04 16:05:00,1.0,468.65,492.0,1.0,1.0,2.0,Hibernating
15388,Canada,2011-03-14 13:53:00,2011-03-14 13:53:00,1.0,140.54,270.0,2.0,1.0,1.0,Hibernating
15389,United Kingdom,2010-01-27 12:44:00,2011-06-20 16:18:00,5.0,2733.8,172.0,2.0,3.0,4.0,Loyal
15390,Canada,2010-10-26 17:23:00,2010-11-08 15:19:00,2.0,1216.66,396.0,1.0,2.0,3.0,At Risk
15391,United Kingdom,2010-05-04 15:04:00,2010-05-04 15:04:00,1.0,289.87,584.0,1.0,1.0,1.0,Hibernating
15392,United Kingdom,2010-10-04 12:50:00,2011-12-05 11:01:00,7.0,2911.62,5.0,4.0,4.0,4.0,Champions
15393,United Kingdom,2009-12-15 17:56:00,2011-11-23 16:48:00,5.0,891.34,16.0,4.0,3.0,3.0,Champions
15394,United Kingdom,2009-12-15 19:05:00,2011-11-30 11:49:00,11.0,5286.8,10.0,4.0,4.0,4.0,Champions
15395,United Kingdom,2011-01-18 12:40:00,2011-01-18 12:40:00,1.0,107.45,326.0,2.0,1.0,1.0,Hibernating
15396,United Kingdom,2010-05-05 09:04:00,2011-08-19 10:56:00,2.0,796.38,113.0,2.0,2.0,2.0,Hibernating
15397,United Kingdom,2011-02-23 09:25:00,2011-02-23 09:25:00,1.0,94.0,290.0,2.0,1.0,1.0,Hibernating
15398,United Kingdom,2011-09-22 14:56:00,2011-11-23 16:47:00,2.0,1345.53,16.0,4.0,2.0,3.0,Recent / Promising
15399,United Kingdom,2011-09-21 15:57:00,2011-12-08 13:04:00,3.0,815.77,1.0,4.0,2.0,2.0,Recent / Promising
15400,United Kingdom,2010-05-28 08:33:00,2011-09-08 13:57:00,8.0,1302.3,92.0,3.0,4.0,3.0,Champions
15401,United Kingdom,2010-05-20 10:56:00,2010-09-13 13:42:00,2.0,216.95,452.0,1.0,2.0,1.0,At Risk
15402,United Kingdom,2010-04-27 12:12:00,2011-07-14 12:17:00,6.0,1830.12,149.0,2.0,3.0,3.0,Loyal
15403,United Kingdom,2009-12-09 12:45:00,2010-08-05 12:21:00,2.0,170.88,492.0,1.0,2.0,1.0,At Risk
15404,United Kingdom,2010-11-29 11:03:00,2010-11-29 11:03:00,1.0,257.06,376.0,2.0,1.0,1.0,Hibernating
15405,United Kingdom,2010-05-12 15:56:00,2011-06-03 14:44:00,2.0,659.84,189.0,2.0,2.0,2.0,Hibernating
15406,United Kingdom,2010-09-12 13:06:00,2011-11-08 13:22:00,4.0,975.87,31.0,3.0,3.0,3.0,Champions
15407,United Kingdom,2011-02-07 13:18:00,2011-11-06 11:55:00,4.0,1046.74,34.0,3.0,3.0,3.0,Champions
15408,United Kingdom,2011-03-20 15:02:00,2011-03-20 15:02:00,1.0,267.18,264.0,2.0,1.0,1.0,Hibernating
15409,United Kingdom,2009-12-18 15:35:00,2009-12-18 15:35:00,1.0,131.25,721.0,1.0,1.0,1.0,Hibernating
15410,United Kingdom,2010-04-19 08:57:00,2011-09-16 14:47:00,10.0,4685.72,84.0,3.0,4.0,4.0,Champions
15411,United Kingdom,2011-06-10 12:30:00,2011-11-13 15:19:00,4.0,1348.93,26.0,3.0,3.0,3.0,Champions
15412,United Kingdom,2011-06-21 15:24:00,2011-06-21 15:24:00,1.0,190.53,171.0,2.0,1.0,1.0,Hibernating
15413,United Kingdom,2009-12-01 10:18:00,2010-01-17 11:33:00,5.0,6798.72,692.0,1.0,3.0,4.0,Loyal
15414,United Kingdom,2011-04-11 13:45:00,2011-11-30 09:50:00,3.0,774.9,10.0,4.0,2.0,2.0,Recent / Promising
15415,United Kingdom,2011-01-30 14:13:00,2011-01-30 14:13:00,1.0,559.61,313.0,2.0,1.0,2.0,Hibernating
15416,United Kingdom,2010-02-01 11:55:00,2011-10-06 09:38:00,7.0,4572.82,65.0,3.0,4.0,4.0,Champions
15417,United Kingdom,2011-09-15 15:26:00,2011-09-15 15:26:00,1.0,508.8,85.0,3.0,1.0,2.0,Recent / Promising
15418,United Kingdom,2010-05-02 11:31:00,2010-10-10 13:38:00,2.0,449.42,425.0,1.0,2.0,2.0,At Risk
15419,United Kingdom,2011-11-15 09:23:00,2011-11-15 09:23:00,1.0,135.86,25.0,4.0,1.0,1.0,Recent / Promising
15420,United Kingdom,2009-12-05 13:29:00,2010-10-01 15:46:00,6.0,743.0,434.0,1.0,3.0,2.0,Loyal
15421,United Kingdom,2009-12-07 15:10:00,2011-10-12 09:20:00,10.0,3805.34,59.0,3.0,4.0,4.0,Champions
15422,United Kingdom,2010-02-07 11:52:00,2011-01-20 16:17:00,7.0,1619.97,323.0,2.0,4.0,3.0,Loyal
15423,United Kingdom,2010-03-28 13:42:00,2011-11-01 14:01:00,3.0,266.89,38.0,3.0,2.0,1.0,Recent / Promising
15424,United Kingdom,2010-09-02 17:17:00,2011-03-30 13:02:00,3.0,597.78,254.0,2.0,2.0,2.0,Hibernating
15425,United Kingdom,2010-02-14 12:36:00,2010-11-04 18:13:00,4.0,1941.12,400.0,1.0,3.0,3.0,Loyal
15426,United Kingdom,2010-05-02 15:10:00,2011-11-20 15:36:00,9.0,2156.35,19.0,4.0,4.0,3.0,Champions
15427,United Kingdom,2011-10-23 14:47:00,2011-11-06 14:29:00,3.0,1430.54,33.0,3.0,2.0,3.0,Recent / Promising
15428,United Kingdom,2009-12-17 17:46:00,2011-11-24 16:54:00,4.0,762.75,15.0,4.0,3.0,2.0,Loyal
15429,United Kingdom,2011-09-25 13:42:00,2011-11-13 12:28:00,2.0,397.35,27.0,3.0,2.0,2.0,Recent / Promising
15430,United Kingdom,2010-06-29 15:04:00,2010-08-29 10:42:00,2.0,954.75,468.0,1.0,2.0,3.0,At Risk
15431,United Kingdom,2010-07-25 12:44:00,2010-07-25 12:44:00,1.0,153.24,503.0,1.0,1.0,1.0,Hibernating
15432,United Kingdom,2010-06-16 14:34:00,2011-11-16 16:30:00,2.0,320.76,23.0,4.0,2.0,1.0,Recent / Promising
15433,United Kingdom,2011-03-17 14:12:00,2011-05-10 10:45:00,2.0,533.3,214.0,2.0,2.0,2.0,Hibernating
15434,United Kingdom,2010-01-24 15:35:00,2011-12-01 13:33:00,11.0,2567.06,8.0,4.0,4.0,4.0,Champions
15435,United Kingdom,2011-11-17 16:39:00,2011-11-17 16:39:00,1.0,149.29,22.0,4.0,1.0,1.0,Recent / Promising
15436,United Kingdom,2011-04-19 16:52:00,2011-11-27 16:05:00,3.0,1067.75,12.0,4.0,2.0,3.0,Recent / Promising
15437,United Kingdom,2010-03-09 10:45:00,2011-03-22 13:11:00,2.0,393.45,262.0,2.0,2.0,2.0,Hibernating
15438,United Kingdom,2011-07-31 14:19:00,2011-07-31 14:19:00,1.0,156.58,131.0,2.0,1.0,1.0,Hibernating
15439,United Kingdom,2010-02-24 12:05:00,2010-10-31 10:38:00,4.0,1269.05,405.0,1.0,3.0,3.0,Loyal
15440,United Kingdom,2011-05-15 11:30:00,2011-10-16 12:16:00,3.0,383.68,55.0,3.0,2.0,2.0,Recent / Promising
15441,United Kingdom,2009-12-09 14:55:00,2010-11-08 15:50:00,3.0,1254.21,396.0,1.0,2.0,3.0,At Risk
15442,United Kingdom,2011-04-05 12:24:00,2011-04-05 12:24:00,1.0,594.0,249.0,2.0,1.0,2.0,Hibernating
15443,United Kingdom,2010-03-07 12:10:00,2011-12-08 10:40:00,14.0,5114.23,2.0,4.0,4.0,4.0,Champions
15444,United Kingdom,2011-10-30 16:12:00,2011-11-30 17:37:00,2.0,1411.21,9.0,4.0,2.0,3.0,Recent / Promising
15445,United Kingdom,2010-04-28 15:00:00,2011-03-20 15:06:00,2.0,284.5,264.0,2.0,2.0,1.0,Hibernating
15446,United Kingdom,2009-12-13 13:53:00,2010-11-28 11:59:00,3.0,396.75,377.0,2.0,2.0,2.0,Hibernating
15447,United Kingdom,2010-03-24 14:40:00,2011-01-13 11:26:00,5.0,492.88,331.0,2.0,3.0,2.0,Loyal
15448,United Kingdom,2010-02-03 13:29:00,2011-01-31 10:42:00,2.0,788.81,313.0,2.0,2.0,2.0,Hibernating
15449,United Kingdom,2011-03-23 10:43:00,2011-11-13 15:02:00,3.0,974.52,26.0,3.0,2.0,3.0,Recent / Promising
15450,United Kingdom,2011-11-09 17:11:00,2011-11-09 17:11:00,1.0,429.84,30.0,3.0,1.0,2.0,Recent / Promising
15451,United Kingdom,2010-04-19 14:08:00,2010-10-01 13:40:00,2.0,226.86,434.0,1.0,2.0,1.0,At Risk
15452,United Kingdom,2010-07-16 14:23:00,2011-11-10 12:13:00,6.0,1785.11,30.0,3.0,3.0,3.0,Champions
15453,United Kingdom,2011-06-05 12:37:00,2011-12-08 10:59:00,7.0,1371.77,2.0,4.0,4.0,3.0,Champions
15454,United Kingdom,2010-03-31 13:15:00,2010-12-12 14:21:00,2.0,303.89,362.0,2.0,2.0,1.0,Hibernating
15455,United Kingdom,2010-04-21 12:43:00,2010-04-21 12:43:00,1.0,38.25,598.0,1.0,1.0,1.0,Hibernating
15456,United Kingdom,2009-12-08 12:54:00,2011-03-01 13:51:00,10.0,2091.52,283.0,2.0,4.0,3.0,Loyal
15457,United Kingdom,2011-03-22 15:31:00,2011-03-22 15:31:00,1.0,237.07,262.0,2.0,1.0,1.0,Hibernating
15458,United Kingdom,2010-11-02 19:50:00,2011-11-14 13:08:00,2.0,370.44,25.0,4.0,2.0,2.0,Recent / Promising
15459,United Kingdom,2010-07-30 14:31:00,2010-10-18 15:25:00,2.0,202.83,417.0,1.0,2.0,1.0,At Risk
15460,United Kingdom,2010-12-20 16:08:00,2010-12-20 16:08:00,1.0,214.26,354.0,2.0,1.0,1.0,Hibernating
15461,United Kingdom,2010-03-18 12:40:00,2010-09-05 12:31:00,2.0,429.7,461.0,1.0,2.0,2.0,At Risk
15462,United Kingdom,2010-09-20 10:23:00,2011-09-06 13:11:00,4.0,737.05,94.0,3.0,3.0,2.0,Loyal
15463,United Kingdom,2011-11-10 12:57:00,2011-11-10 12:57:00,1.0,126.14,29.0,3.0,1.0,1.0,Recent / Promising
15464,United Kingdom,2011-01-05 15:56:00,2011-01-05 15:56:00,1.0,1044.65,338.0,2.0,1.0,3.0,Hibernating
15465,United Kingdom,2009-12-10 09:42:00,2011-11-20 10:11:00,32.0,12100.4,20.0,4.0,4.0,4.0,Champions
15466,United Kingdom,2009-12-03 12:28:00,2011-09-15 14:08:00,4.0,1560.46,85.0,3.0,3.0,3.0,Champions
15467,United Kingdom,2011-07-10 14:42:00,2011-11-30 14:17:00,3.0,524.88,9.0,4.0,2.0,2.0,Recent / Promising
15468,United Kingdom,2010-11-12 09:39:00,2011-10-19 13:49:00,3.0,1430.48,51.0,3.0,2.0,3.0,Recent / Promising
15469,United Kingdom,2010-09-27 10:09:00,2011-10-20 16:21:00,3.0,874.25,50.0,3.0,2.0,3.0,Recent / Promising
15470,United Kingdom,2010-05-13 09:35:00,2010-05-13 09:35:00,1.0,63.42,576.0,1.0,1.0,1.0,Hibernating
15471,United Kingdom,2010-06-07 12:17:00,2011-12-07 14:12:00,3.0,1292.01,2.0,4.0,2.0,3.0,Recent / Promising
15472,United Kingdom,2011-08-18 15:17:00,2011-08-18 15:17:00,1.0,371.56,113.0,2.0,1.0,2.0,Hibernating
15473,United Kingdom,2010-09-21 09:14:00,2011-11-25 15:15:00,8.0,2046.0,14.0,4.0,4.0,3.0,Champions
15474,United Kingdom,2010-04-23 11:14:00,2010-04-23 11:14:00,1.0,150.35,596.0,1.0,1.0,1.0,Hibernating
15475,United Kingdom,2011-09-23 15:20:00,2011-09-23 15:20:00,1.0,454.11,77.0,3.0,1.0,2.0,Recent / Promising
15476,United Kingdom,2010-09-23 14:00:00,2010-11-24 15:17:00,4.0,2209.98,380.0,1.0,3.0,3.0,Loyal
15477,United Kingdom,2010-02-28 10:37:00,2010-02-28 10:37:00,1.0,368.4,650.0,1.0,1.0,2.0,Hibernating
15478,United Kingdom,2010-05-13 18:49:00,2011-10-30 14:19:00,3.0,1940.98,40.0,3.0,2.0,3.0,Recent / Promising
15479,United Kingdom,2009-12-06 15:08:00,2009-12-06 15:08:00,1.0,147.4,733.0,1.0,1.0,1.0,Hibernating
15480,Malta,2010-02-01 14:52:00,2011-08-15 14:32:00,3.0,3592.25,116.0,2.0,2.0,4.0,Hibernating
15481,Norway,2010-11-03 14:52:00,2010-11-03 14:52:00,1.0,1993.34,401.0,1.0,1.0,3.0,Hibernating
15482,United Kingdom,2009-12-02 16:59:00,2011-11-24 10:46:00,18.0,14377.36,16.0,4.0,4.0,4.0,Champions
15483,United Kingdom,2010-01-24 15:42:00,2011-07-01 13:07:00,10.0,810.68,161.0,2.0,4.0,2.0,Loyal
15484,United Kingdom,2009-12-05 15:18:00,2011-12-08 15:03:00,6.0,4652.1,1.0,4.0,3.0,4.0,Champions
15485,United Kingdom,2009-12-01 17:31:00,2011-11-09 14:31:00,7.0,4810.92,30.0,3.0,4.0,4.0,Champions
15486,United Kingdom,2010-06-30 13:15:00,2010-06-30 13:15:00,1.0,102.0,527.0,1.0,1.0,1.0,Hibernating
15487,United Kingdom,2010-01-29 12:07:00,2010-01-29 12:07:00,1.0,231.32,680.0,1.0,1.0,1.0,Hibernating
15488,United Kingdom,2010-05-05 13:03:00,2011-09-08 10:11:00,5.0,431.92,93.0,3.0,3.0,2.0,Loyal
15489,United Kingdom,2010-01-15 16:58:00,2011-11-17 08:53:00,8.0,2419.61,23.0,4.0,4.0,4.0,Champions
15490,United Kingdom,2010-10-05 13:11:00,2010-10-05 13:11:00,1.0,210.85,430.0,1.0,1.0,1.0,Hibernating
15491,United Kingdom,2011-04-18 10:04:00,2011-09-05 15:56:00,6.0,3100.09,95.0,3.0,3.0,4.0,Champions
15492,United Kingdom,2011-09-26 14:02:00,2011-11-11 14:53:00,2.0,659.46,28.0,3.0,2.0,2.0,Recent / Promising
15493,United Kingdom,2010-02-23 11:14:00,2011-11-07 12:04:00,9.0,4113.19,33.0,3.0,4.0,4.0,Champions
15494,United Kingdom,2009-12-10 20:16:00,2011-11-18 14:51:00,5.0,3702.6,21.0,4.0,3.0,4.0,Champions
15495,United Kingdom,2010-11-25 13:46:00,2010-11-25 13:46:00,1.0,246.5,379.0,2.0,1.0,1.0,Hibernating
15496,United Kingdom,2010-03-18 13:16:00,2010-03-18 13:16:00,1.0,146.14,631.0,1.0,1.0,1.0,Hibernating
15497,United Kingdom,2009-12-18 15:08:00,2011-11-22 11:51:00,9.0,8657.39,18.0,4.0,4.0,4.0,Champions
15498,United Kingdom,2009-12-16 17:27:00,2011-12-07 12:48:00,44.0,24972.86,3.0,4.0,4.0,4.0,Champions
15499,United Kingdom,2009-12-16 12:17:00,2009-12-16 12:17:00,1.0,158.65,724.0,1.0,1.0,1.0,Hibernating
15500,United Kingdom,2011-09-19 13:47:00,2011-12-01 13:47:00,4.0,1131.56,8.0,4.0,3.0,3.0,Champions
15501,United Kingdom,2010-10-20 12:47:00,2010-10-31 11:15:00,2.0,399.95,405.0,1.0,2.0,2.0,At Risk
15502,United Kingdom,2010-06-03 11:12:00,2011-11-24 12:48:00,12.0,9542.92,16.0,4.0,4.0,4.0,Champions
15503,United Kingdom,2009-12-13 11:34:00,2010-12-12 10:57:00,2.0,257.3,363.0,2.0,2.0,1.0,Hibernating
15504,United Kingdom,2010-02-12 12:34:00,2011-09-19 13:45:00,4.0,391.45,81.0,3.0,3.0,2.0,Loyal
15505,United Kingdom,2011-07-07 13:33:00,2011-10-18 07:56:00,5.0,3610.96,53.0,3.0,3.0,4.0,Champions
15506,United Kingdom,2010-08-19 12:38:00,2011-11-17 12:11:00,6.0,2030.33,23.0,4.0,3.0,3.0,Champions
15507,United Kingdom,2011-06-21 11:19:00,2011-06-21 11:19:00,1.0,475.86,172.0,2.0,1.0,2.0,Hibernating
15508,United Kingdom,2011-04-18 15:31:00,2011-06-03 15:43:00,6.0,1000.27,189.0,2.0,3.0,3.0,Loyal
15509,United Kingdom,2010-11-24 14:48:00,2010-11-24 14:48:00,1.0,152.41,380.0,1.0,1.0,1.0,Hibernating
15510,United Kingdom,2011-01-13 12:10:00,2011-01-13 12:10:00,1.0,250.0,331.0,2.0,1.0,1.0,Hibernating
15511,United Kingdom,2011-09-15 15:05:00,2011-11-28 09:43:00,5.0,900.53,12.0,4.0,3.0,3.0,Champions
15512,United Kingdom,2010-02-01 13:23:00,2011-07-07 10:20:00,4.0,331.58,156.0,2.0,3.0,1.0,Loyal
15513,United Kingdom,2010-01-13 14:59:00,2011-11-06 14:36:00,35.0,26437.05,33.0,3.0,4.0,4.0,Champions
15514,United Kingdom,2009-12-04 16:37:00,2011-11-27 14:40:00,18.0,6388.28,12.0,4.0,4.0,4.0,Champions
15515,United Kingdom,2010-11-17 13:39:00,2010-11-17 13:39:00,1.0,171.81,387.0,1.0,1.0,1.0,Hibernating
15516,United Kingdom,2011-10-24 11:33:00,2011-10-26 10:51:00,3.0,62.43,45.0,3.0,2.0,1.0,Recent / Promising
15517,United Kingdom,2011-04-20 14:02:00,2011-04-20 14:02:00,1.0,267.03,233.0,2.0,1.0,1.0,Hibernating
15518,United Kingdom,2009-12-20 12:21:00,2011-10-06 13:05:00,15.0,4189.99,64.0,3.0,4.0,4.0,Champions
15519,United Kingdom,2010-09-19 13:57:00,2010-11-21 14:35:00,2.0,344.61,383.0,1.0,2.0,2.0,At Risk
15520,United Kingdom,2011-12-08 10:58:00,2011-12-08 10:58:00,1.0,343.5,2.0,4.0,1.0,2.0,Recent / Promising
15521,United Kingdom,2010-01-05 10:19:00,2011-10-30 13:42:00,16.0,7087.64,40.0,3.0,4.0,4.0,Champions
15522,United Kingdom,2011-09-13 12:26:00,2011-11-07 11:26:00,2.0,397.99,33.0,3.0,2.0,2.0,Recent / Promising
15523,United Kingdom,2009-12-02 15:16:00,2011-09-16 16:29:00,16.0,17259.19,84.0,3.0,4.0,4.0,Champions
15524,United Kingdom,2010-04-12 09:19:00,2011-11-15 12:09:00,2.0,591.4,25.0,4.0,2.0,2.0,Recent / Promising
15525,United Kingdom,2010-11-22 12:10:00,2011-12-07 14:43:00,4.0,887.72,2.0,4.0,3.0,3.0,Champions
15526,United Kingdom,2011-11-06 15:01:00,2011-11-06 15:04:00,2.0,148.44,33.0,3.0,2.0,1.0,Recent / Promising
15527,United Kingdom,2009-12-15 17:31:00,2011-11-21 12:17:00,23.0,5554.04,19.0,4.0,4.0,4.0,Champions
15528,United Kingdom,2011-03-30 16:14:00,2011-03-30 16:14:00,1.0,229.33,254.0,2.0,1.0,1.0,Hibernating
15529,United Kingdom,2010-11-10 14:26:00,2011-11-17 11:29:00,12.0,4781.11,23.0,4.0,4.0,4.0,Champions
15530,United Kingdom,2010-07-15 11:10:00,2011-11-18 12:25:00,5.0,1808.68,22.0,4.0,3.0,3.0,Champions
15531,United Kingdom,2011-11-09 17:47:00,2011-12-01 18:43:00,2.0,1972.39,8.0,4.0,2.0,3.0,Recent / Promising
15532,United Kingdom,2010-06-08 14:52:00,2011-11-14 14:51:00,10.0,3717.2,25.0,4.0,4.0,4.0,Champions
15533,United Kingdom,2011-09-11 15:41:00,2011-11-20 15:35:00,3.0,807.57,19.0,4.0,2.0,2.0,Recent / Promising
15534,United Kingdom,2009-12-14 12:48:00,2009-12-14 12:48:00,1.0,162.25,726.0,1.0,1.0,1.0,Hibernating
15535,United Kingdom,2010-09-16 20:04:00,2011-06-19 16:02:00,6.0,1044.37,173.0,2.0,3.0,3.0,Loyal
15536,United Kingdom,2010-10-26 16:31:00,2010-10-26 16:31:00,1.0,259.09,409.0,1.0,1.0,1.0,Hibernating
15537,United Kingdom,2011-06-29 13:10:00,2011-06-29 13:10:00,1.0,110.92,163.0,2.0,1.0,1.0,Hibernating
15538,United Kingdom,2010-02-14 12:38:00,2010-06-20 10:49:00,6.0,3358.4,538.0,1.0,3.0,4.0,Loyal
15539,United Kingdom,2011-12-02 13:36:00,2011-12-02 13:36:00,1.0,538.46,7.0,4.0,1.0,2.0,Recent / Promising
15540,United Kingdom,2010-11-29 11:10:00,2011-11-28 13:51:00,2.0,460.68,11.0,4.0,2.0,2.0,Recent / Promising
15541,United Kingdom,2011-08-17 14:58:00,2011-08-17 14:58:00,1.0,85.13,114.0,2.0,1.0,1.0,Hibernating
15542,United Kingdom,2009-12-02 11:53:00,2010-07-15 13:32:00,3.0,855.71,512.0,1.0,2.0,3.0,At Risk
15543,United Kingdom,2010-09-06 11:28:00,2011-02-24 15:26:00,2.0,242.26,288.0,2.0,2.0,1.0,Hibernating
15544,United Kingdom,2010-01-28 14:39:00,2011-11-30 16:43:00,20.0,7807.89,9.0,4.0,4.0,4.0,Champions
15545,United Kingdom,2010-12-03 17:28:00,2011-10-16 13:24:00,2.0,288.97,54.0,3.0,2.0,1.0,Recent / Promising
15546,United Kingdom,2010-04-12 11:45:00,2010-04-12 11:51:00,2.0,1079.1,607.0,1.0,2.0,3.0,At Risk
15547,United Kingdom,2009-12-06 13:40:00,2011-12-02 12:52:00,26.0,10002.65,7.0,4.0,4.0,4.0,Champions
15548,United Kingdom,2010-04-23 12:20:00,2010-04-23 12:20:00,1.0,158.09,596.0,1.0,1.0,1.0,Hibernating
15549,United Kingdom,2010-01-11 13:16:00,2011-09-23 16:22:00,8.0,2330.41,77.0,3.0,4.0,4.0,Champions
15550,United Kingdom,2009-12-03 15:15:00,2011-12-05 15:38:00,12.0,2211.05,4.0,4.0,4.0,3.0,Champions
15551,United Kingdom,2010-06-07 15:05:00,2011-11-03 12:37:00,7.0,1679.81,37.0,3.0,4.0,3.0,Champions
15552,United Kingdom,2010-03-26 16:17:00,2011-05-06 14:47:00,2.0,252.52,217.0,2.0,2.0,1.0,Hibernating
15553,United Kingdom,2011-10-10 14:02:00,2011-10-10 14:02:00,1.0,428.93,60.0,3.0,1.0,2.0,Recent / Promising
15554,United Kingdom,2011-03-07 09:00:00,2011-03-07 09:00:00,1.0,217.2,278.0,2.0,1.0,1.0,Hibernating
15555,United Kingdom,2009-12-06 11:58:00,2011-11-27 16:19:00,36.0,11233.78,12.0,4.0,4.0,4.0,Champions
15556,United Kingdom,2011-11-15 16:08:00,2011-11-15 16:08:00,1.0,279.77,24.0,4.0,1.0,1.0,Recent / Promising
15557,United Kingdom,2011-11-11 12:46:00,2011-11-11 12:46:00,1.0,468.91,29.0,3.0,1.0,2.0,Recent / Promising
15558,United Kingdom,2010-03-10 15:25:00,2010-03-10 15:25:00,1.0,202.68,639.0,1.0,1.0,1.0,Hibernating
15559,United Kingdom,2010-05-20 14:06:00,2010-05-20 14:06:00,1.0,1109.4,568.0,1.0,1.0,3.0,Hibernating
15560,United Kingdom,2010-11-07 10:14:00,2010-11-07 10:15:00,2.0,153.52,398.0,1.0,2.0,1.0,At Risk
15561,United Kingdom,2010-02-14 12:22:00,2011-11-28 11:07:00,8.0,1934.39,12.0,4.0,4.0,3.0,Champions
15562,United Kingdom,2009-12-13 15:17:00,2010-12-23 09:55:00,3.0,671.43,352.0,2.0,2.0,2.0,Hibernating
15563,United Kingdom,2010-01-28 11:36:00,2011-11-17 12:59:00,6.0,2820.46,22.0,4.0,3.0,4.0,Champions
15564,United Kingdom,2010-02-01 15:58:00,2010-09-02 15:52:00,2.0,70.74,463.0,1.0,2.0,1.0,At Risk
15565,United Kingdom,2011-09-30 10:44:00,2011-10-20 14:33:00,2.0,173.16,50.0,3.0,2.0,1.0,Recent / Promising
15566,United Kingdom,2009-12-15 14:53:00,2010-11-12 12:11:00,2.0,227.87,393.0,1.0,2.0,1.0,At Risk
15567,United Kingdom,2011-11-21 10:48:00,2011-11-21 10:48:00,1.0,186.01,19.0,4.0,1.0,1.0,Recent / Promising
15568,United Kingdom,2011-09-27 14:37:00,2011-12-07 11:27:00,3.0,758.29,3.0,4.0,2.0,2.0,Recent / Promising
15569,United Kingdom,2010-02-28 10:55:00,2011-08-28 10:15:00,10.0,3583.45,104.0,2.0,4.0,4.0,Loyal
15570,United Kingdom,2010-03-28 14:04:00,2011-12-02 14:47:00,25.0,8736.49,7.0,4.0,4.0,4.0,Champions
15571,United Kingdom,2009-12-06 12:10:00,2011-11-28 10:02:00,14.0,3892.35,12.0,4.0,4.0,4.0,Champions
15572,United Kingdom,2010-04-14 14:38:00,2011-12-05 10:09:00,10.0,3965.2,5.0,4.0,4.0,4.0,Champions
15573,United Kingdom,2009-12-10 14:19:00,2011-11-08 11:38:00,5.0,1180.47,32.0,3.0,3.0,3.0,Champions
15574,United Kingdom,2010-09-01 14:37:00,2011-06-15 12:01:00,6.0,1101.44,178.0,2.0,3.0,3.0,Loyal
15575,United Kingdom,2010-03-30 12:50:00,2010-03-30 12:50:00,1.0,30.1,620.0,1.0,1.0,1.0,Hibernating
15576,United Kingdom,2011-11-02 12:03:00,2011-11-02 12:03:00,1.0,921.37,38.0,3.0,1.0,3.0,Recent / Promising
15577,United Kingdom,2009-12-13 16:17:00,2011-07-11 17:03:00,5.0,396.03,151.0,2.0,3.0,2.0,Loyal
15578,United Kingdom,2011-06-30 13:03:00,2011-06-30 13:03:00,1.0,127.1,162.0,2.0,1.0,1.0,Hibernating
15579,United Kingdom,2010-10-03 14:37:00,2011-10-02 12:45:00,5.0,1250.63,69.0,3.0,3.0,3.0,Champions
15580,United Kingdom,2010-02-07 11:21:00,2010-11-28 11:00:00,8.0,1375.39,377.0,2.0,4.0,3.0,Loyal
15581,United Kingdom,2009-12-02 12:19:00,2011-07-06 14:04:00,34.0,4505.16,156.0,2.0,4.0,4.0,Loyal
15582,United Kingdom,2011-05-03 13:36:00,2011-11-15 09:55:00,3.0,682.91,25.0,4.0,2.0,2.0,Recent / Promising
15583,United Kingdom,2010-11-28 15:04:00,2010-11-28 15:04:00,1.0,95.96,376.0,2.0,1.0,1.0,Hibernating
15584,United Kingdom,2010-02-07 12:16:00,2011-11-16 10:55:00,6.0,1268.2,24.0,4.0,3.0,3.0,Champions
15585,United Kingdom,2011-06-16 08:38:00,2011-06-16 08:38:00,1.0,455.3,177.0,2.0,1.0,2.0,Hibernating
15586,United Kingdom,2010-01-08 10:02:00,2010-04-26 11:00:00,3.0,1139.1,593.0,1.0,2.0,3.0,At Risk
15587,United Kingdom,2010-08-05 08:44:00,2011-10-20 13:37:00,7.0,1522.08,50.0,3.0,4.0,3.0,Champions
15588,United Kingdom,2010-01-31 12:19:00,2010-01-31 12:19:00,1.0,579.6,678.0,1.0,1.0,2.0,Hibernating
15589,United Kingdom,2011-02-02 10:46:00,2011-03-29 09:54:00,3.0,478.53,256.0,2.0,2.0,2.0,Hibernating
15590,United Kingdom,2010-04-12 10:09:00,2010-11-22 14:49:00,5.0,1496.6,382.0,1.0,3.0,3.0,Loyal
15591,United Kingdom,2010-02-04 09:20:00,2010-05-06 09:23:00,3.0,217.9,583.0,1.0,2.0,1.0,At Risk
15592,United Kingdom,2011-10-24 08:59:00,2011-10-24 08:59:00,1.0,388.58,47.0,3.0,1.0,2.0,Recent / Promising
15593,United Kingdom,2011-09-30 11:46:00,2011-09-30 11:46:00,1.0,199.8,71.0,3.0,1.0,1.0,Recent / Promising
15594,United Kingdom,2011-04-19 10:08:00,2011-11-24 08:53:00,5.0,1771.78,16.0,4.0,3.0,3.0,Champions
15595,United Kingdom,2010-08-09 12:27:00,2010-08-09 12:27:00,1.0,357.6,488.0,1.0,1.0,2.0,Hibernating
15596,United Kingdom,2010-07-28 11:46:00,2011-08-31 10:55:00,9.0,2727.72,101.0,2.0,4.0,4.0,Loyal
15597,United Kingdom,2010-05-13 13:10:00,2011-11-04 13:26:00,2.0,563.37,35.0,3.0,2.0,2.0,Recent / Promising
15598,United Kingdom,2010-10-08 09:20:00,2011-10-17 16:04:00,2.0,548.02,53.0,3.0,2.0,2.0,Recent / Promising
15599,United Kingdom,2010-09-20 10:15:00,2011-11-13 11:44:00,3.0,1250.06,27.0,3.0,2.0,3.0,Recent / Promising
15600,United Kingdom,2010-04-25 11:50:00,2010-10-07 14:30:00,4.0,1199.31,428.0,1.0,3.0,3.0,Loyal
15601,United Kingdom,2009-12-01 14:53:00,2011-11-28 15:15:00,30.0,14191.74,11.0,4.0,4.0,4.0,Champions
15602,United Kingdom,2009-12-02 09:35:00,2011-12-01 14:14:00,16.0,3137.96,8.0,4.0,4.0,4.0,Champions
15603,United Kingdom,2010-03-01 16:02:00,2011-09-22 10:04:00,2.0,88.48,79.0,3.0,2.0,1.0,Recent / Promising
15604,United Kingdom,2011-10-18 14:47:00,2011-10-18 14:47:00,1.0,216.39,52.0,3.0,1.0,1.0,Recent / Promising
15605,United Kingdom,2010-01-14 14:03:00,2011-11-03 14:17:00,9.0,1741.95,36.0,3.0,4.0,3.0,Champions
15606,United Kingdom,2010-03-02 14:48:00,2011-10-09 15:47:00,17.0,5230.99,61.0,3.0,4.0,4.0,Champions
15607,United Kingdom,2010-01-08 12:16:00,2011-01-07 12:44:00,9.0,1708.97,337.0,2.0,4.0,3.0,Loyal
15608,United Kingdom,2010-10-20 10:10:00,2011-11-11 13:20:00,5.0,1785.98,28.0,3.0,3.0,3.0,Champions
15609,United Kingdom,2011-06-08 13:00:00,2011-06-08 13:00:00,1.0,298.48,184.0,2.0,1.0,1.0,Hibernating
15610,United Kingdom,2011-10-19 10:36:00,2011-10-19 10:36:00,1.0,112.46,52.0,3.0,1.0,1.0,Recent / Promising
15611,United Kingdom,2010-01-25 14:50:00,2011-11-30 12:36:00,24.0,2976.28,10.0,4.0,4.0,4.0,Champions
15612,United Kingdom,2011-10-09 12:49:00,2011-11-03 14:52:00,2.0,195.15,36.0,3.0,2.0,1.0,Recent / Promising
15613,United Kingdom,2010-04-08 12:51:00,2010-04-08 12:51:00,1.0,433.72,610.0,1.0,1.0,2.0,Hibernating
15614,United Kingdom,2010-03-23 11:13:00,2010-09-28 10:46:00,4.0,3147.36,438.0,1.0,3.0,4.0,Loyal
15615,United Kingdom,2009-12-02 15:28:00,2011-11-29 14:42:00,47.0,21373.97,10.0,4.0,4.0,4.0,Champions
15616,United Kingdom,2010-09-27 13:10:00,2010-09-27 13:10:00,1.0,317.11,438.0,1.0,1.0,1.0,Hibernating
15617,United Kingdom,2010-07-20 13:16:00,2010-11-08 16:07:00,3.0,828.55,396.0,1.0,2.0,2.0,At Risk
15618,United Kingdom,2011-07-26 10:13:00,2011-11-07 08:34:00,4.0,776.85,33.0,3.0,3.0,2.0,Loyal
15619,United Kingdom,2011-11-29 08:14:00,2011-11-29 08:14:00,1.0,336.4,11.0,4.0,1.0,1.0,Recent / Promising
15620,United Kingdom,2010-10-26 11:32:00,2011-10-14 12:41:00,4.0,1942.36,57.0,3.0,3.0,3.0,Champions
15621,United Kingdom,2011-11-18 11:49:00,2011-12-05 14:01:00,4.0,1293.03,4.0,4.0,3.0,3.0,Champions
15622,United Kingdom,2010-03-04 10:29:00,2011-10-27 16:44:00,17.0,7852.61,43.0,3.0,4.0,4.0,Champions
15623,United Kingdom,2009-12-10 14:46:00,2011-07-21 17:26:00,8.0,2437.05,141.0,2.0,4.0,4.0,Loyal
15624,United Kingdom,2011-03-28 13:32:00,2011-08-15 11:38:00,4.0,588.13,117.0,2.0,3.0,2.0,Loyal
15625,United Kingdom,2010-06-15 15:23:00,2011-08-28 10:21:00,9.0,3236.4,104.0,2.0,4.0,4.0,Loyal
15626,United Kingdom,2010-10-14 17:16:00,2011-09-26 10:03:00,3.0,1067.52,75.0,3.0,2.0,3.0,Recent / Promising
15627,United Kingdom,2010-07-05 11:56:00,2010-09-08 14:14:00,2.0,566.9,457.0,1.0,2.0,2.0,At Risk
15628,United Kingdom,2009-12-13 13:39:00,2011-12-05 10:24:00,17.0,5333.08,5.0,4.0,4.0,4.0,Champions
15629,United Kingdom,2010-06-25 11:39:00,2010-09-15 13:46:00,4.0,2240.9,450.0,1.0,3.0,4.0,Loyal
15630,United Kingdom,2010-03-05 14:30:00,2011-10-25 15:36:00,3.0,1481.4,45.0,3.0,2.0,3.0,Recent / Promising
15631,United Kingdom,2010-03-07 14:52:00,2010-03-07 14:52:00,1.0,596.67,642.0,1.0,1.0,2.0,Hibernating
15632,United Kingdom,2011-03-10 08:29:00,2011-11-24 09:51:00,8.0,3285.31,16.0,4.0,4.0,4.0,Champions
15633,United Kingdom,2009-12-08 17:51:00,2010-07-18 13:54:00,13.0,4335.96,509.0,1.0,4.0,4.0,Loyal
15634,United Kingdom,2010-11-21 15:30:00,2011-11-22 16:28:00,2.0,554.65,17.0,4.0,2.0,2.0,Recent / Promising
15635,United Kingdom,2010-11-09 08:58:00,2010-11-09 08:58:00,1.0,100.35,396.0,1.0,1.0,1.0,Hibernating
15636,United Kingdom,2010-05-19 11:37:00,2011-09-11 11:17:00,4.0,1444.58,90.0,3.0,3.0,3.0,Champions
15637,United Kingdom,2009-12-15 17:54:00,2011-10-18 08:28:00,5.0,797.59,53.0,3.0,3.0,2.0,Loyal
15638,United Kingdom,2010-04-08 14:37:00,2010-11-26 11:52:00,6.0,2265.2,379.0,2.0,3.0,4.0,Loyal
15639,United Kingdom,2010-04-13 13:11:00,2011-07-28 14:30:00,3.0,1065.08,134.0,2.0,2.0,3.0,Hibernating
15640,United Kingdom,2009-12-14 16:36:00,2011-12-05 14:35:00,29.0,23459.51,4.0,4.0,4.0,4.0,Champions
15641,United Kingdom,2009-12-06 15:31:00,2011-08-26 14:04:00,12.0,5345.55,105.0,2.0,4.0,4.0,Loyal
15642,United Kingdom,2009-12-10 11:51:00,2009-12-10 11:51:00,1.0,105.78,730.0,1.0,1.0,1.0,Hibernating
15643,United Kingdom,2011-03-02 14:34:00,2011-06-01 07:38:00,3.0,664.0,192.0,2.0,2.0,2.0,Hibernating
15644,United Kingdom,2011-03-23 15:37:00,2011-06-26 14:54:00,4.0,803.54,166.0,2.0,3.0,2.0,Loyal
15645,United Kingdom,2010-10-10 12:51:00,2011-11-21 11:55:00,3.0,1054.75,19.0,4.0,2.0,3.0,Recent / Promising
15646,United Kingdom,2010-10-25 13:06:00,2011-07-05 09:53:00,5.0,784.81,158.0,2.0,3.0,2.0,Loyal
15647,United Kingdom,2010-10-20 15:09:00,2010-10-20 15:09:00,1.0,169.0,415.0,1.0,1.0,1.0,Hibernating
15648,United Kingdom,2011-03-17 18:59:00,2011-05-19 15:53:00,2.0,639.5,204.0,2.0,2.0,2.0,Hibernating
15649,United Kingdom,2010-11-17 16:22:00,2011-01-07 13:34:00,4.0,1660.35,336.0,2.0,3.0,3.0,Loyal
15650,United Kingdom,2010-03-21 11:46:00,2010-07-06 10:41:00,2.0,553.88,522.0,1.0,2.0,2.0,At Risk
15651,United Kingdom,2010-04-22 13:26:00,2011-11-03 08:41:00,5.0,1259.06,37.0,3.0,3.0,3.0,Champions
15652,United Kingdom,2010-08-11 16:58:00,2011-09-09 14:22:00,5.0,1405.94,91.0,3.0,3.0,3.0,Champions
15653,United Kingdom,2011-08-16 09:50:00,2011-09-08 10:49:00,2.0,877.44,93.0,3.0,2.0,3.0,Recent / Promising
15654,United Kingdom,2011-11-13 15:15:00,2011-11-30 13:08:00,2.0,922.53,9.0,4.0,2.0,3.0,Recent / Promising
15655,United Kingdom,2011-04-10 15:25:00,2011-04-10 15:25:00,1.0,560.67,243.0,2.0,1.0,2.0,Hibernating
15656,United Kingdom,2011-02-28 15:32:00,2011-10-25 14:56:00,4.0,748.5,45.0,3.0,3.0,2.0,Loyal
15657,United Kingdom,2011-11-17 12:19:00,2011-11-17 12:19:00,1.0,30.0,23.0,4.0,1.0,1.0,Recent / Promising
15658,United Kingdom,2009-12-03 11:19:00,2011-06-02 15:22:00,8.0,2117.27,190.0,2.0,4.0,3.0,Loyal
15659,United Kingdom,2010-02-24 13:32:00,2011-10-27 09:23:00,3.0,532.49,44.0,3.0,2.0,2.0,Recent / Promising
15660,United Kingdom,2010-02-05 16:01:00,2011-11-14 16:58:00,15.0,2603.69,25.0,4.0,4.0,4.0,Champions
15661,United Kingdom,2010-05-10 07:59:00,2011-01-26 13:56:00,8.0,1215.95,317.0,2.0,4.0,3.0,Loyal
15662,United Kingdom,2009-12-01 13:49:00,2010-02-16 16:47:00,2.0,283.73,661.0,1.0,2.0,1.0,At Risk
15663,United Kingdom,2011-08-25 15:50:00,2011-08-25 15:50:00,1.0,138.14,106.0,2.0,1.0,1.0,Hibernating
15664,United Kingdom,2010-02-28 12:50:00,2011-10-20 10:57:00,4.0,1231.53,51.0,3.0,3.0,3.0,Champions
15665,United Kingdom,2010-03-14 15:07:00,2011-06-24 14:57:00,5.0,3987.07,168.0,2.0,3.0,4.0,Loyal
15666,United Kingdom,2010-08-01 15:41:00,2010-08-24 16:14:00,2.0,632.94,472.0,1.0,2.0,2.0,At Risk
15667,United Kingdom,2011-10-31 10:56:00,2011-10-31 10:56:00,1.0,301.32,40.0,3.0,1.0,1.0,Recent / Promising
15668,United Kingdom,2011-05-06 10:39:00,2011-05-06 10:39:00,1.0,76.32,218.0,2.0,1.0,1.0,Hibernating
15669,United Kingdom,2011-03-21 09:13:00,2011-10-30 16:03:00,4.0,684.34,40.0,3.0,3.0,2.0,Loyal
15670,United Kingdom,2010-06-01 15:34:00,2011-02-16 10:50:00,2.0,325.2,297.0,2.0,2.0,1.0,Hibernating
15671,United Kingdom,2011-03-14 09:37:00,2011-11-21 12:43:00,7.0,2657.13,19.0,4.0,4.0,4.0,Champions
15672,United Kingdom,2009-12-14 16:52:00,2009-12-14 16:52:00,1.0,45.3,725.0,1.0,1.0,1.0,Hibernating
15673,United Kingdom,2010-02-22 14:28:00,2011-09-12 16:12:00,9.0,6204.32,88.0,3.0,4.0,4.0,Champions
15674,United Kingdom,2009-12-08 17:08:00,2011-09-27 15:17:00,12.0,6613.52,73.0,3.0,4.0,4.0,Champions
15675,United Kingdom,2010-10-31 14:14:00,2011-09-19 13:48:00,4.0,542.04,81.0,3.0,3.0,2.0,Loyal
15676,United Kingdom,2011-03-01 10:19:00,2011-11-21 12:40:00,3.0,3435.76,19.0,4.0,2.0,4.0,Recent / Promising
15677,United Kingdom,2010-09-02 12:08:00,2011-10-21 15:36:00,3.0,1305.63,49.0,3.0,3.0,3.0,Champions
15678,United Kingdom,2010-07-05 12:49:00,2011-10-18 09:25:00,3.0,1825.94,53.0,3.0,3.0,3.0,Champions
15679,United Kingdom,2011-06-10 08:24:00,2011-11-15 16:19:00,4.0,781.28,24.0,4.0,3.0,2.0,Loyal
15680,United Kingdom,2009-12-02 12:15:00,2011-11-30 13:46:00,10.0,4028.69,9.0,4.0,4.0,4.0,Champions
15681,United Kingdom,2010-05-24 14:18:00,2011-11-14 16:30:00,14.0,2989.7,25.0,4.0,4.0,4.0,Champions
15682,United Kingdom,2010-01-21 14:37:00,2010-04-19 15:30:00,2.0,318.24,599.0,1.0,2.0,1.0,At Risk
15683,United Kingdom,2010-08-23 12:01:00,2011-08-14 12:56:00,2.0,524.54,117.0,2.0,2.0,2.0,Hibernating
15684,United Kingdom,2009-12-04 16:13:00,2010-06-10 18:51:00,3.0,173.95,547.0,1.0,3.0,1.0,Loyal
15685,United Kingdom,2010-09-15 13:43:00,2010-09-15 13:43:00,1.0,55.98,450.0,1.0,1.0,1.0,Hibernating
15686,United Kingdom,2010-10-15 13:50:00,2010-10-15 13:50:00,1.0,90.0,420.0,1.0,1.0,1.0,Hibernating
15687,United Kingdom,2011-01-13 15:13:00,2011-12-01 08:33:00,9.0,2993.1,9.0,4.0,4.0,4.0,Champions
15688,United Kingdom,2010-10-17 12:06:00,2010-10-17 12:06:00,1.0,190.57,419.0,1.0,1.0,1.0,Hibernating
15689,United Kingdom,2010-04-01 09:53:00,2011-08-12 09:37:00,3.0,521.03,120.0,2.0,3.0,2.0,Loyal
15690,United Kingdom,2011-08-31 11:40:00,2011-12-05 15:59:00,2.0,239.76,4.0,4.0,2.0,1.0,Recent / Promising
15691,United Kingdom,2009-12-06 16:01:00,2011-04-01 15:13:00,4.0,571.3,252.0,2.0,3.0,2.0,Loyal
15692,United Kingdom,2011-11-11 14:12:00,2011-11-11 14:12:00,1.0,191.04,28.0,3.0,1.0,1.0,Recent / Promising
15693,United Kingdom,2010-02-18 14:37:00,2010-02-18 14:37:00,1.0,37.5,659.0,1.0,1.0,1.0,Hibernating
15694,United Kingdom,2009-12-07 15:43:00,2011-12-09 09:44:00,23.0,9963.48,1.0,4.0,4.0,4.0,Champions
15695,United Kingdom,2010-01-27 10:56:00,2011-03-18 08:32:00,4.0,1131.04,267.0,2.0,3.0,3.0,Loyal
15696,United Kingdom,2010-01-24 14:36:00,2011-11-06 14:02:00,13.0,3881.22,33.0,3.0,4.0,4.0,Champions
15697,United Kingdom,2010-01-19 09:10:00,2010-01-19 09:10:00,1.0,246.75,690.0,1.0,1.0,1.0,Hibernating
15698,United Kingdom,2010-03-25 17:38:00,2010-03-25 17:38:00,1.0,46.2,624.0,1.0,1.0,1.0,Hibernating
15699,United Kingdom,2011-11-22 08:26:00,2011-11-22 08:26:00,1.0,309.65,18.0,4.0,1.0,1.0,Recent / Promising
15700,United Kingdom,2011-06-19 15:36:00,2011-06-20 16:53:00,2.0,696.68,172.0,2.0,2.0,2.0,Hibernating
15701,United Kingdom,2011-08-21 12:36:00,2011-12-07 14:39:00,4.0,1529.0,2.0,4.0,3.0,3.0,Champions
15702,Nigeria,2010-08-20 14:50:00,2010-08-20 14:50:00,1.0,112.57,476.0,1.0,1.0,1.0,Hibernating
15703,United Kingdom,2011-03-20 10:51:00,2011-03-20 10:51:00,1.0,211.5,265.0,2.0,1.0,1.0,Hibernating
15704,United Kingdom,2010-05-05 14:51:00,2011-07-22 13:35:00,6.0,3734.66,140.0,2.0,3.0,4.0,Loyal
15705,United Kingdom,2011-05-22 15:37:00,2011-05-22 15:37:00,1.0,143.1,201.0,2.0,1.0,1.0,Hibernating
15706,United Kingdom,2011-08-15 14:32:00,2011-10-07 10:09:00,4.0,1060.56,64.0,3.0,3.0,3.0,Champions
15707,United Kingdom,2011-09-14 14:19:00,2011-11-04 14:35:00,4.0,916.98,35.0,3.0,3.0,3.0,Champions
15708,United Kingdom,2010-10-10 11:33:00,2011-10-30 10:54:00,9.0,3887.15,41.0,3.0,4.0,4.0,Champions
15709,United Kingdom,2010-04-29 18:31:00,2011-03-01 10:38:00,2.0,327.85,284.0,2.0,2.0,1.0,Hibernating
15710,United Kingdom,2010-10-18 17:05:00,2010-10-18 17:05:00,1.0,898.87,417.0,1.0,1.0,3.0,Hibernating
15711,United Kingdom,2010-01-24 12:13:00,2010-06-01 12:14:00,2.0,420.25,557.0,1.0,2.0,2.0,At Risk
15712,United Kingdom,2009-12-01 11:17:00,2011-11-30 14:09:00,12.0,3472.41,9.0,4.0,4.0,4.0,Champions
15713,United Kingdom,2009-12-16 09:41:00,2011-07-19 13:34:00,4.0,839.64,143.0,2.0,3.0,2.0,Loyal
15714,United Kingdom,2010-06-02 12:08:00,2011-11-28 11:26:00,5.0,783.96,12.0,4.0,3.0,2.0,Loyal
15715,United Kingdom,2010-03-30 12:17:00,2010-06-02 09:56:00,5.0,658.02,556.0,1.0,3.0,2.0,Loyal
15716,United Kingdom,2009-12-07 12:42:00,2011-07-17 11:59:00,11.0,2482.74,146.0,2.0,4.0,4.0,Loyal
15717,United Kingdom,2010-04-26 10:41:00,2011-04-19 13:21:00,5.0,607.0,234.0,2.0,3.0,2.0,Loyal
15718,United Kingdom,2010-06-17 16:20:00,2010-06-17 16:20:00,1.0,293.79,540.0,1.0,1.0,1.0,Hibernating
15719,United Kingdom,2009-12-01 12:47:00,2011-11-07 12:29:00,31.0,10194.32,33.0,3.0,4.0,4.0,Champions
15720,United Kingdom,2010-06-07 15:40:00,2011-11-15 14:48:00,2.0,739.22,24.0,4.0,2.0,2.0,Recent / Promising
15721,United Kingdom,2011-11-28 12:14:00,2011-11-28 12:14:00,1.0,471.4,12.0,4.0,1.0,2.0,Recent / Promising
15722,United Kingdom,2010-03-09 15:05:00,2011-11-04 11:43:00,11.0,5234.0,36.0,3.0,4.0,4.0,Champions
15723,United Kingdom,2010-05-14 12:55:00,2010-12-10 11:12:00,4.0,930.7,365.0,2.0,3.0,3.0,Loyal
15724,United Kingdom,2010-11-04 10:22:00,2011-05-22 14:40:00,3.0,310.85,201.0,2.0,3.0,1.0,Loyal
15725,United Kingdom,2011-11-24 14:51:00,2011-11-24 14:51:00,1.0,415.25,15.0,4.0,1.0,2.0,Recent / Promising
15726,United Kingdom,2010-11-14 16:12:00,2010-11-14 16:12:00,1.0,321.91,390.0,1.0,1.0,1.0,Hibernating
15727,United Kingdom,2010-01-24 12:12:00,2011-11-23 12:36:00,15.0,9371.71,17.0,4.0,4.0,4.0,Champions
15728,United Kingdom,2010-09-21 14:46:00,2010-11-25 10:39:00,2.0,544.6,380.0,1.0,2.0,2.0,At Risk
15729,United Kingdom,2010-11-01 13:44:00,2011-05-11 12:36:00,3.0,192.55,213.0,2.0,3.0,1.0,Loyal
15730,United Kingdom,2010-10-04 14:15:00,2011-10-05 12:31:00,5.0,1726.58,66.0,3.0,3.0,3.0,Champions
15731,United Kingdom,2010-06-04 10:10:00,2010-06-04 10:10:00,1.0,125.3,554.0,1.0,1.0,1.0,Hibernating
15732,United Kingdom,2010-02-04 10:10:00,2011-05-11 14:24:00,10.0,1543.97,212.0,2.0,4.0,3.0,Loyal
15733,United Kingdom,2011-03-02 09:05:00,2011-03-02 09:05:00,1.0,162.3,283.0,2.0,1.0,1.0,Hibernating
15734,United Kingdom,2010-06-10 14:25:00,2011-08-17 10:50:00,4.0,2263.3,115.0,2.0,3.0,4.0,Loyal
15735,United Kingdom,2010-10-14 13:38:00,2010-10-14 13:38:00,1.0,327.68,421.0,1.0,1.0,1.0,Hibernating
15736,United Kingdom,2010-09-30 14:19:00,2010-09-30 14:20:00,2.0,1767.12,435.0,1.0,2.0,3.0,At Risk
15737,United Kingdom,2011-04-11 10:01:00,2011-11-25 11:21:00,8.0,1188.12,15.0,4.0,4.0,3.0,Champions
15738,United Kingdom,2009-12-10 15:52:00,2011-11-21 08:26:00,41.0,13043.32,19.0,4.0,4.0,4.0,Champions
15739,United Kingdom,2011-10-04 13:42:00,2011-10-04 13:42:00,1.0,449.12,66.0,3.0,1.0,2.0,Recent / Promising
15740,United Kingdom,2011-10-21 14:29:00,2011-10-21 14:29:00,1.0,154.88,49.0,3.0,1.0,1.0,Recent / Promising
15741,United Kingdom,2010-03-31 11:55:00,2010-09-07 16:21:00,2.0,208.62,458.0,1.0,2.0,1.0,At Risk
15742,United Kingdom,2010-03-30 15:25:00,2010-03-30 15:25:00,1.0,156.87,619.0,1.0,1.0,1.0,Hibernating
15743,United Kingdom,2011-06-08 10:14:00,2011-11-23 17:19:00,4.0,775.96,16.0,4.0,3.0,2.0,Loyal
15744,United Kingdom,2011-09-23 09:52:00,2011-09-23 09:52:00,1.0,34.8,78.0,3.0,1.0,1.0,Recent / Promising
15745,United Kingdom,2011-04-17 13:04:00,2011-11-20 13:45:00,4.0,1094.59,19.0,4.0,3.0,3.0,Champions
15746,United Kingdom,2011-07-28 15:21:00,2011-07-28 15:21:00,1.0,196.88,134.0,2.0,1.0,1.0,Hibernating
15747,United Kingdom,2010-01-18 11:21:00,2011-11-27 12:26:00,9.0,2499.81,13.0,4.0,4.0,4.0,Champions
15748,United Kingdom,2010-09-16 16:52:00,2011-10-30 12:51:00,3.0,609.81,40.0,3.0,3.0,2.0,Loyal
15749,United Kingdom,2011-01-11 12:57:00,2011-04-18 13:20:00,2.0,14822.0,235.0,2.0,2.0,4.0,Hibernating
15750,United Kingdom,2009-12-01 17:19:00,2011-12-07 12:34:00,18.0,6452.99,3.0,4.0,4.0,4.0,Champions
15751,United Kingdom,2009-12-06 13:08:00,2010-09-05 12:44:00,11.0,1380.44,461.0,1.0,4.0,3.0,Loyal
15752,United Kingdom,2010-09-08 11:56:00,2011-10-31 11:37:00,9.0,3924.91,40.0,3.0,4.0,4.0,Champions
15753,United Kingdom,2011-02-08 12:41:00,2011-02-08 12:41:00,1.0,79.2,305.0,2.0,1.0,1.0,Hibernating
15754,United Kingdom,2010-02-22 13:31:00,2011-10-19 14:40:00,9.0,3037.61,51.0,3.0,4.0,4.0,Champions
15755,United Kingdom,2009-12-04 08:24:00,2011-11-29 14:57:00,17.0,5993.12,10.0,4.0,4.0,4.0,Champions
15756,United Kingdom,2011-04-04 14:00:00,2011-10-09 13:30:00,4.0,528.01,61.0,3.0,3.0,2.0,Loyal
15757,United Kingdom,2010-06-10 13:47:00,2011-10-05 12:14:00,6.0,2940.36,66.0,3.0,3.0,4.0,Champions
15758,United Kingdom,2011-11-15 10:48:00,2011-11-15 10:48:00,1.0,205.25,25.0,4.0,1.0,1.0,Recent / Promising
15759,United Kingdom,2009-12-02 10:08:00,2011-05-05 15:13:00,7.0,830.93,218.0,2.0,4.0,2.0,Loyal
15761,United Kingdom,2010-09-23 09:33:00,2010-09-23 09:33:00,1.0,143.05,443.0,1.0,1.0,1.0,Hibernating
15762,United Kingdom,2011-09-23 15:17:00,2011-10-05 16:15:00,2.0,583.75,65.0,3.0,2.0,2.0,Recent / Promising
15763,United Kingdom,2011-09-23 12:10:00,2011-11-08 09:44:00,2.0,1086.92,32.0,3.0,2.0,3.0,Recent / Promising
15764,United Kingdom,2010-08-18 13:58:00,2011-09-12 17:58:00,8.0,4503.08,88.0,3.0,4.0,4.0,Champions
15765,United Kingdom,2010-02-11 10:25:00,2010-02-11 10:25:00,1.0,370.63,667.0,1.0,1.0,2.0,Hibernating
15766,United Kingdom,2010-01-26 15:55:00,2011-10-06 17:03:00,3.0,831.06,64.0,3.0,3.0,2.0,Loyal
15768,United Kingdom,2009-12-03 12:10:00,2011-08-16 10:48:00,34.0,15308.89,116.0,2.0,4.0,4.0,Loyal
15769,United Kingdom,2009-12-11 09:58:00,2011-12-02 13:52:00,46.0,88612.52,7.0,4.0,4.0,4.0,Champions
15770,United Kingdom,2010-04-06 11:47:00,2010-04-06 11:47:00,1.0,321.45,613.0,1.0,1.0,1.0,Hibernating
15771,United Kingdom,2010-01-15 12:14:00,2010-04-14 13:56:00,3.0,1006.54,604.0,1.0,3.0,3.0,Loyal
15772,United Kingdom,2010-10-17 13:33:00,2010-10-17 13:33:00,1.0,280.88,418.0,1.0,1.0,1.0,Hibernating
15773,United Kingdom,2010-10-26 15:27:00,2011-12-04 12:48:00,2.0,774.52,6.0,4.0,2.0,2.0,Recent / Promising
15774,United Kingdom,2010-02-21 12:57:00,2011-10-02 12:04:00,6.0,1287.09,69.0,3.0,3.0,3.0,Champions
15775,United Kingdom,2010-03-18 07:32:00,2011-04-08 12:56:00,2.0,150.5,245.0,2.0,2.0,1.0,Hibernating
15776,United Kingdom,2011-07-29 13:46:00,2011-07-29 13:46:00,1.0,241.62,133.0,2.0,1.0,1.0,Hibernating
15777,United Kingdom,2010-05-20 10:37:00,2011-04-12 16:43:00,7.0,1762.61,241.0,2.0,4.0,3.0,Loyal
15778,United Kingdom,2010-10-04 15:10:00,2010-10-04 15:10:00,1.0,307.95,431.0,1.0,1.0,1.0,Hibernating
15779,United Kingdom,2010-06-25 15:55:00,2010-09-02 16:40:00,2.0,124.08,463.0,1.0,2.0,1.0,At Risk
15780,United Kingdom,2010-12-17 11:43:00,2011-06-09 12:01:00,3.0,475.28,184.0,2.0,3.0,2.0,Loyal
15781,United Kingdom,2011-02-07 09:15:00,2011-11-14 14:57:00,3.0,345.46,25.0,4.0,3.0,2.0,Loyal
15782,United Kingdom,2010-10-05 15:43:00,2011-11-30 10:49:00,4.0,4014.1,10.0,4.0,3.0,4.0,Champions
15783,United Kingdom,2011-11-29 09:50:00,2011-11-29 09:50:00,1.0,246.3,11.0,4.0,1.0,1.0,Recent / Promising
15784,United Kingdom,2010-02-05 14:42:00,2010-08-29 10:38:00,2.0,848.33,468.0,1.0,2.0,2.0,At Risk
15785,United Kingdom,2009-12-15 16:28:00,2011-11-07 11:33:00,16.0,5969.93,33.0,3.0,4.0,4.0,Champions
15786,United Kingdom,2010-06-21 10:13:00,2011-10-24 14:13:00,5.0,8501.62,46.0,3.0,3.0,4.0,Champions
15787,United Kingdom,2011-10-09 13:11:00,2011-11-13 14:55:00,3.0,933.26,26.0,3.0,3.0,3.0,Champions
15788,United Kingdom,2010-07-19 12:48:00,2010-07-19 12:48:00,1.0,221.83,509.0,1.0,1.0,1.0,Hibernating
15789,United Kingdom,2010-03-26 11:21:00,2010-12-16 14:35:00,6.0,1962.01,358.0,2.0,3.0,3.0,Loyal
15790,United Kingdom,2011-11-29 14:53:00,2011-11-29 14:53:00,1.0,218.75,10.0,4.0,1.0,1.0,Recent / Promising
15791,United Kingdom,2010-03-08 09:41:00,2011-10-27 10:14:00,5.0,3608.34,44.0,3.0,3.0,4.0,Champions
15792,United Kingdom,2010-03-31 09:42:00,2010-11-05 08:21:00,2.0,933.84,400.0,1.0,2.0,3.0,At Risk
15793,United Kingdom,2009-12-01 12:54:00,2011-11-25 09:31:00,8.0,2399.57,15.0,4.0,4.0,4.0,Champions
15794,United Kingdom,2009-12-02 15:10:00,2009-12-03 13:04:00,2.0,777.0,736.0,1.0,2.0,2.0,At Risk
15795,United Kingdom,2010-01-18 11:31:00,2011-07-13 10:43:00,8.0,1979.87,150.0,2.0,4.0,3.0,Loyal
15796,United Kingdom,2010-03-31 13:10:00,2011-12-08 19:55:00,17.0,5170.63,1.0,4.0,4.0,4.0,Champions
15797,United Kingdom,2010-01-27 13:12:00,2011-08-18 17:04:00,5.0,2806.08,113.0,2.0,3.0,4.0,Loyal
15798,United Kingdom,2010-01-27 11:55:00,2010-08-04 09:13:00,3.0,1535.37,493.0,1.0,3.0,3.0,Loyal
15799,United Kingdom,2010-10-17 14:26:00,2011-09-25 12:46:00,4.0,1421.34,76.0,3.0,3.0,3.0,Champions
15800,United Kingdom,2010-03-31 13:17:00,2011-08-24 14:23:00,7.0,1227.07,107.0,2.0,4.0,3.0,Loyal
15801,United Kingdom,2011-08-22 09:53:00,2011-10-24 13:52:00,3.0,1063.95,46.0,3.0,3.0,3.0,Champions
15803,United Kingdom,2010-02-01 16:29:00,2011-10-19 14:56:00,4.0,1929.66,51.0,3.0,3.0,3.0,Champions
15804,United Kingdom,2011-05-25 10:12:00,2011-12-09 12:31:00,13.0,4206.39,1.0,4.0,4.0,4.0,Champions
15805,United Kingdom,2009-12-10 12:57:00,2011-11-16 16:32:00,30.0,10148.93,23.0,4.0,4.0,4.0,Champions
15806,United Kingdom,2011-03-08 09:24:00,2011-10-24 14:35:00,3.0,784.58,46.0,3.0,3.0,2.0,Loyal
15807,United Kingdom,2010-02-11 15:32:00,2011-10-20 14:10:00,5.0,1817.52,50.0,3.0,3.0,3.0,Champions
15808,United Kingdom,2009-12-01 16:30:00,2011-02-06 14:33:00,21.0,17180.25,306.0,2.0,4.0,4.0,Loyal
15809,United Kingdom,2010-06-22 14:23:00,2011-11-03 16:40:00,7.0,1274.44,36.0,3.0,4.0,3.0,Champions
15810,United Kingdom,2010-02-04 18:18:00,2011-09-22 09:38:00,8.0,2999.04,79.0,3.0,4.0,4.0,Champions
15811,United Kingdom,2010-11-16 16:46:00,2011-11-17 15:31:00,7.0,3392.55,22.0,4.0,4.0,4.0,Champions
15812,United Kingdom,2009-12-15 13:40:00,2011-08-24 14:19:00,12.0,5201.47,107.0,2.0,4.0,4.0,Loyal
15813,United Kingdom,2011-04-14 09:09:00,2011-05-16 08:13:00,2.0,1303.91,208.0,2.0,2.0,3.0,Hibernating
15814,United Kingdom,2010-04-15 14:31:00,2011-11-23 08:17:00,6.0,2634.44,17.0,4.0,3.0,4.0,Champions
15815,United Kingdom,2011-03-25 08:43:00,2011-10-07 12:42:00,5.0,2100.6,64.0,3.0,3.0,3.0,Champions
15816,United Kingdom,2010-06-15 12:54:00,2010-06-15 13:36:00,2.0,144.15,542.0,1.0,2.0,1.0,At Risk
15817,United Kingdom,2010-06-14 13:31:00,2010-10-15 11:07:00,3.0,2766.4,421.0,1.0,3.0,4.0,Loyal
15818,United Kingdom,2010-04-30 12:58:00,2010-04-30 12:58:00,1.0,340.5,588.0,1.0,1.0,2.0,Hibernating
15819,United Kingdom,2010-03-18 11:08:00,2011-10-21 14:50:00,10.0,3934.79,49.0,3.0,4.0,4.0,Champions
15820,United Kingdom,2011-01-24 12:00:00,2011-01-24 12:00:00,1.0,206.98,320.0,2.0,1.0,1.0,Hibernating
15821,United Kingdom,2011-10-09 13:28:00,2011-10-26 15:48:00,2.0,570.96,44.0,3.0,2.0,2.0,Recent / Promising
15822,United Kingdom,2009-12-06 15:12:00,2011-12-06 14:50:00,6.0,1840.06,3.0,4.0,3.0,3.0,Champions
15823,United Kingdom,2009-12-08 15:12:00,2009-12-10 18:03:00,2.0,3867.17,729.0,1.0,2.0,4.0,At Risk
15824,United Kingdom,2010-06-25 15:10:00,2010-09-12 13:20:00,2.0,890.94,453.0,1.0,2.0,3.0,At Risk
15825,United Kingdom,2011-06-20 13:27:00,2011-06-20 13:27:00,1.0,532.94,172.0,2.0,1.0,2.0,Hibernating
15826,United Kingdom,2010-05-20 17:00:00,2011-10-14 16:05:00,4.0,2598.28,56.0,3.0,3.0,4.0,Champions
15827,United Kingdom,2010-01-08 11:25:00,2011-09-27 15:35:00,28.0,3603.14,73.0,3.0,4.0,4.0,Champions
15828,United Kingdom,2010-11-29 16:41:00,2010-11-29 16:41:00,1.0,1108.82,375.0,2.0,1.0,3.0,Hibernating
15829,United Kingdom,2011-07-22 10:23:00,2011-09-01 16:45:00,2.0,636.14,99.0,2.0,2.0,2.0,Hibernating
15830,United Kingdom,2011-11-02 10:40:00,2011-11-02 10:40:00,1.0,576.0,38.0,3.0,1.0,2.0,Recent / Promising
15831,United Kingdom,2011-01-19 14:52:00,2011-10-12 13:14:00,3.0,794.64,58.0,3.0,3.0,2.0,Loyal
15832,United Kingdom,2011-03-30 15:29:00,2011-03-30 15:29:00,1.0,836.79,254.0,2.0,1.0,2.0,Hibernating
15833,United Kingdom,2009-12-02 11:59:00,2009-12-02 11:59:00,1.0,80.4,738.0,1.0,1.0,1.0,Hibernating
15834,United Kingdom,2010-10-11 14:05:00,2011-09-30 14:41:00,7.0,3761.89,70.0,3.0,4.0,4.0,Champions
15835,United Kingdom,2011-01-13 10:35:00,2011-10-26 15:47:00,4.0,954.09,44.0,3.0,3.0,3.0,Champions
15836,United Kingdom,2011-10-20 17:13:00,2011-10-20 17:13:00,1.0,137.37,50.0,3.0,1.0,1.0,Recent / Promising
15837,United Kingdom,2010-08-11 10:16:00,2011-10-06 09:01:00,2.0,777.01,65.0,3.0,2.0,2.0,Recent / Promising
15838,United Kingdom,2009-12-15 09:51:00,2011-11-28 14:00:00,34.0,57387.1,11.0,4.0,4.0,4.0,Champions
15839,United Kingdom,2011-07-14 16:35:00,2011-11-06 13:54:00,3.0,1048.49,33.0,3.0,3.0,3.0,Champions
15840,United Kingdom,2011-06-20 11:42:00,2011-10-12 09:08:00,2.0,355.56,59.0,3.0,2.0,2.0,Recent / Promising
15841,United Kingdom,2009-12-10 08:29:00,2011-09-28 12:15:00,9.0,2742.41,73.0,3.0,4.0,4.0,Champions
15842,United Kingdom,2010-06-30 09:06:00,2010-11-11 14:08:00,2.0,548.8,393.0,1.0,2.0,2.0,At Risk
15843,United Kingdom,2011-02-09 10:19:00,2011-02-09 10:19:00,1.0,118.95,304.0,2.0,1.0,1.0,Hibernating
15844,United Kingdom,2011-10-24 15:19:00,2011-10-24 15:19:00,1.0,130.74,46.0,3.0,1.0,1.0,Recent / Promising
15845,United Kingdom,2010-01-26 14:44:00,2011-11-22 09:42:00,11.0,4426.28,18.0,4.0,4.0,4.0,Champions
15846,United Kingdom,2010-11-19 14:40:00,2010-11-19 14:40:00,1.0,107.01,385.0,1.0,1.0,1.0,Hibernating
15847,United Kingdom,2010-03-08 08:47:00,2011-11-01 14:41:00,5.0,822.57,38.0,3.0,3.0,2.0,Loyal
15848,United Kingdom,2010-03-28 10:54:00,2010-03-28 10:54:00,1.0,137.99,622.0,1.0,1.0,1.0,Hibernating
15850,United Kingdom,2009-12-13 13:27:00,2011-11-20 14:14:00,6.0,1006.75,19.0,4.0,3.0,3.0,Champions
15851,United Kingdom,2010-07-01 12:34:00,2010-07-01 12:34:00,1.0,109.73,527.0,1.0,1.0,1.0,Hibernating
15852,United Kingdom,2010-07-01 10:16:00,2011-06-06 11:22:00,3.0,257.26,187.0,2.0,3.0,1.0,Loyal
15853,United Kingdom,2011-10-19 10:38:00,2011-10-19 10:38:00,1.0,110.8,52.0,3.0,1.0,1.0,Recent / Promising
15854,United Kingdom,2009-12-10 12:08:00,2011-12-05 13:39:00,21.0,5578.28,4.0,4.0,4.0,4.0,Champions
15855,United Kingdom,2010-08-20 17:15:00,2011-07-26 10:20:00,6.0,1052.72,137.0,2.0,3.0,3.0,Loyal
15856,United Kingdom,2009-12-03 14:02:00,2011-12-05 17:09:00,52.0,32274.69,4.0,4.0,4.0,4.0,Champions
15857,United Kingdom,2010-10-05 16:43:00,2011-11-21 12:18:00,2.0,570.48,19.0,4.0,2.0,2.0,Recent / Promising
15858,United Kingdom,2009-12-10 11:42:00,2011-11-24 12:48:00,13.0,3552.41,16.0,4.0,4.0,4.0,Champions
15859,United Kingdom,2010-10-03 12:52:00,2010-10-03 12:52:00,1.0,438.46,432.0,1.0,1.0,2.0,Hibernating
15860,United Kingdom,2009-12-06 12:31:00,2011-10-30 11:25:00,17.0,2358.8,41.0,3.0,4.0,4.0,Champions
15861,United Kingdom,2010-01-28 19:41:00,2011-11-27 15:59:00,12.0,4360.9,12.0,4.0,4.0,4.0,Champions
15862,United Kingdom,2009-12-17 11:33:00,2011-12-01 13:28:00,13.0,2507.14,8.0,4.0,4.0,4.0,Champions
15863,United Kingdom,2009-12-17 10:20:00,2011-11-14 12:49:00,5.0,355.1,26.0,3.0,3.0,2.0,Loyal
15864,United Kingdom,2010-11-23 15:02:00,2011-11-17 13:32:00,7.0,2180.76,22.0,4.0,4.0,3.0,Champions
15865,United Kingdom,2010-01-05 13:58:00,2011-10-30 12:43:00,5.0,2241.42,41.0,3.0,3.0,4.0,Champions
15866,United Kingdom,2011-08-30 14:09:00,2011-08-30 14:09:00,1.0,211.89,101.0,2.0,1.0,1.0,Hibernating
15867,United Kingdom,2009-12-14 15:16:00,2011-12-04 13:32:00,31.0,8869.87,5.0,4.0,4.0,4.0,Champions
15868,United Kingdom,2010-05-05 14:11:00,2010-05-05 14:11:00,1.0,94.53,583.0,1.0,1.0,1.0,Hibernating
15869,United Kingdom,2010-03-23 16:50:00,2011-03-07 17:23:00,3.0,321.11,277.0,2.0,3.0,1.0,Loyal
15870,United Kingdom,2010-09-19 16:22:00,2011-11-07 10:58:00,4.0,857.46,33.0,3.0,3.0,3.0,Champions
15871,United Kingdom,2010-09-28 14:16:00,2010-09-28 14:16:00,1.0,33.1,437.0,1.0,1.0,1.0,Hibernating
15872,United Kingdom,2010-06-07 14:53:00,2011-11-25 11:55:00,4.0,729.25,15.0,4.0,3.0,2.0,Loyal
15873,United Kingdom,2010-07-27 11:58:00,2010-07-28 12:41:00,4.0,313.92,500.0,1.0,3.0,1.0,Loyal
15874,United Kingdom,2010-01-07 13:56:00,2011-10-07 12:31:00,21.0,11284.76,64.0,3.0,4.0,4.0,Champions
15875,United Kingdom,2010-03-03 16:51:00,2010-03-03 16:51:00,1.0,108.52,646.0,1.0,1.0,1.0,Hibernating
15876,United Kingdom,2010-09-17 15:26:00,2010-10-26 18:58:00,2.0,1449.14,409.0,1.0,2.0,3.0,At Risk
15877,United Kingdom,2011-11-22 11:18:00,2011-12-08 11:53:00,2.0,490.33,2.0,4.0,2.0,2.0,Recent / Promising
15878,United Kingdom,2009-12-06 12:28:00,2010-05-27 12:17:00,2.0,330.77,562.0,1.0,2.0,1.0,At Risk
15879,United Kingdom,2009-12-17 19:54:00,2010-10-31 16:21:00,4.0,1137.8,404.0,1.0,3.0,3.0,Loyal
15880,United Kingdom,2010-12-05 13:00:00,2010-12-05 13:00:00,1.0,329.03,369.0,2.0,1.0,1.0,Hibernating
15881,United Kingdom,2010-12-10 13:32:00,2011-01-31 16:59:00,5.0,501.39,312.0,2.0,3.0,2.0,Loyal
15882,United Kingdom,2009-12-10 15:33:00,2011-05-25 11:35:00,8.0,1122.38,199.0,2.0,4.0,3.0,Loyal
15883,United Kingdom,2011-11-06 14:50:00,2011-12-07 17:05:00,2.0,396.48,2.0,4.0,2.0,2.0,Recent / Promising
15884,United Kingdom,2009-12-03 18:23:00,2010-10-03 15:55:00,2.0,244.6,432.0,1.0,2.0,1.0,At Risk
15885,United Kingdom,2010-01-21 12:47:00,2011-09-07 14:56:00,13.0,1921.82,93.0,3.0,4.0,3.0,Champions
15886,United Kingdom,2010-04-20 15:03:00,2011-10-10 14:25:00,4.0,1052.87,60.0,3.0,3.0,3.0,Champions
15887,United Kingdom,2010-06-02 11:53:00,2010-10-29 08:36:00,3.0,1027.15,407.0,1.0,3.0,3.0,Loyal
15888,United Kingdom,2010-07-01 11:51:00,2011-09-20 12:30:00,3.0,423.49,81.0,3.0,3.0,2.0,Loyal
15889,United Kingdom,2009-12-10 12:21:00,2011-07-06 11:10:00,8.0,1407.05,157.0,2.0,4.0,3.0,Loyal
15890,United Kingdom,2010-04-14 08:43:00,2010-11-10 12:46:00,5.0,535.65,395.0,1.0,3.0,2.0,Loyal
15891,United Kingdom,2011-04-27 12:35:00,2011-04-27 12:35:00,1.0,509.13,227.0,2.0,1.0,2.0,Hibernating
15892,United Kingdom,2010-02-08 16:23:00,2010-02-08 16:23:00,1.0,128.2,669.0,1.0,1.0,1.0,Hibernating
15893,United Kingdom,2010-08-15 11:12:00,2010-08-15 11:12:00,1.0,305.28,482.0,1.0,1.0,1.0,Hibernating
15894,United Kingdom,2010-12-05 14:06:00,2011-03-31 13:50:00,2.0,257.6,253.0,2.0,2.0,1.0,Hibernating
15895,United Kingdom,2011-07-13 10:27:00,2011-07-13 10:27:00,1.0,179.17,150.0,2.0,1.0,1.0,Hibernating
15897,United Kingdom,2011-05-29 13:32:00,2011-05-29 13:50:00,2.0,208.59,194.0,2.0,2.0,1.0,Hibernating
15898,United Kingdom,2009-12-11 16:11:00,2011-12-08 15:23:00,25.0,4992.7,1.0,4.0,4.0,4.0,Champions
15899,United Kingdom,2010-12-06 10:36:00,2010-12-06 10:36:00,1.0,56.25,369.0,2.0,1.0,1.0,Hibernating
15900,United Kingdom,2010-05-26 11:27:00,2011-11-16 12:19:00,4.0,886.57,24.0,4.0,3.0,3.0,Champions
15901,United Kingdom,2010-06-14 12:39:00,2011-11-23 12:43:00,6.0,667.89,17.0,4.0,3.0,2.0,Loyal
15902,United Kingdom,2010-11-24 16:57:00,2010-11-24 16:57:00,1.0,145.01,380.0,1.0,1.0,1.0,Hibernating
15903,United Kingdom,2010-01-14 10:57:00,2011-11-30 08:08:00,12.0,8939.84,10.0,4.0,4.0,4.0,Champions
15904,United Kingdom,2011-12-01 14:50:00,2011-12-01 14:50:00,1.0,164.68,8.0,4.0,1.0,1.0,Recent / Promising
15905,United Kingdom,2010-06-14 16:00:00,2010-06-14 16:00:00,1.0,114.69,543.0,1.0,1.0,1.0,Hibernating
15906,United Kingdom,2010-09-15 12:17:00,2011-11-20 12:24:00,10.0,2530.19,20.0,4.0,4.0,4.0,Champions
15907,United Kingdom,2011-05-13 13:01:00,2011-12-06 12:21:00,3.0,881.87,4.0,4.0,3.0,3.0,Champions
15908,United Kingdom,2010-07-15 19:21:00,2010-08-06 11:56:00,2.0,758.62,491.0,1.0,2.0,2.0,At Risk
15909,United Kingdom,2011-06-19 10:38:00,2011-06-19 10:38:00,1.0,191.94,174.0,2.0,1.0,1.0,Hibernating
15910,United Kingdom,2010-01-21 11:51:00,2011-12-09 10:51:00,15.0,2661.17,1.0,4.0,4.0,4.0,Champions
15911,United Kingdom,2009-12-09 13:26:00,2010-03-26 12:06:00,8.0,1683.79,624.0,1.0,4.0,3.0,Loyal
15912,United Kingdom,2009-12-10 12:58:00,2011-06-14 14:29:00,9.0,1074.7,178.0,2.0,4.0,3.0,Loyal
15913,United Kingdom,2010-06-23 16:31:00,2010-06-23 16:31:00,1.0,6.3,534.0,1.0,1.0,1.0,Hibernating
15914,United Kingdom,2010-11-26 16:09:00,2010-11-26 16:10:00,2.0,205.99,378.0,2.0,2.0,1.0,Hibernating
15915,United Kingdom,2010-11-03 11:13:00,2010-11-03 11:13:00,1.0,364.24,402.0,1.0,1.0,2.0,Hibernating
15916,United Kingdom,2009-12-10 16:21:00,2011-11-23 13:46:00,13.0,3145.24,16.0,4.0,4.0,4.0,Champions
15917,United Kingdom,2009-12-02 14:55:00,2011-04-06 10:40:00,5.0,530.17,248.0,2.0,3.0,2.0,Loyal
15918,United Kingdom,2010-03-18 11:40:00,2011-06-02 11:42:00,3.0,582.88,191.0,2.0,3.0,2.0,Loyal
15919,United Kingdom,2010-12-06 11:26:00,2011-11-20 11:28:00,2.0,525.69,20.0,4.0,2.0,2.0,Recent / Promising
15920,United Kingdom,2009-12-14 13:09:00,2011-07-08 15:25:00,8.0,565.19,154.0,2.0,4.0,2.0,Loyal
15921,United Kingdom,2010-03-09 11:03:00,2011-06-20 11:03:00,4.0,765.61,173.0,2.0,3.0,2.0,Loyal
15922,United Kingdom,2010-12-01 13:51:00,2010-12-01 13:51:00,1.0,369.5,373.0,2.0,1.0,2.0,Hibernating
15923,United Kingdom,2010-12-02 12:16:00,2010-12-02 12:16:00,1.0,127.08,373.0,2.0,1.0,1.0,Hibernating
15924,United Kingdom,2009-12-08 15:00:00,2009-12-08 15:00:00,1.0,102.82,731.0,1.0,1.0,1.0,Hibernating
15925,United Kingdom,2011-05-29 15:35:00,2011-05-29 15:35:00,1.0,207.15,194.0,2.0,1.0,1.0,Hibernating
15926,United Kingdom,2010-06-15 15:23:00,2010-06-15 15:23:00,1.0,134.44,542.0,1.0,1.0,1.0,Hibernating
15927,United Kingdom,2010-03-02 13:25:00,2010-03-02 13:25:00,1.0,106.54,647.0,1.0,1.0,1.0,Hibernating
15928,United Kingdom,2010-02-21 15:16:00,2010-02-21 15:16:00,1.0,293.53,656.0,1.0,1.0,1.0,Hibernating
15929,United Kingdom,2010-03-05 14:56:00,2010-03-05 14:56:00,1.0,594.0,644.0,1.0,1.0,2.0,Hibernating
15930,United Kingdom,2011-10-03 14:52:00,2011-10-03 14:52:00,1.0,426.63,67.0,3.0,1.0,2.0,Recent / Promising
15931,United Kingdom,2010-10-07 16:46:00,2010-10-07 16:46:00,1.0,239.9,428.0,1.0,1.0,1.0,Hibernating
15932,United Kingdom,2011-02-23 14:50:00,2011-12-05 17:13:00,8.0,2495.87,4.0,4.0,4.0,4.0,Champions
15933,United Kingdom,2011-09-14 12:05:00,2011-11-18 13:14:00,3.0,1107.46,21.0,4.0,3.0,3.0,Champions
15934,United Kingdom,2010-10-06 12:08:00,2010-10-18 10:13:00,2.0,2190.66,418.0,1.0,2.0,3.0,At Risk
15935,United Kingdom,2011-04-14 13:27:00,2011-04-14 13:27:00,1.0,108.04,239.0,2.0,1.0,1.0,Hibernating
15936,United Kingdom,2010-08-29 11:42:00,2010-11-25 16:39:00,2.0,282.79,379.0,2.0,2.0,1.0,Hibernating
15937,United Kingdom,2011-10-06 15:48:00,2011-10-06 15:48:00,1.0,145.35,64.0,3.0,1.0,1.0,Recent / Promising
15938,United Kingdom,2010-06-01 09:42:00,2011-08-19 12:56:00,9.0,734.81,112.0,2.0,4.0,2.0,Loyal
15939,United Kingdom,2010-11-30 12:07:00,2011-09-11 11:30:00,15.0,9004.84,90.0,3.0,4.0,4.0,Champions
15940,United Kingdom,2011-02-01 16:18:00,2011-02-01 16:18:00,1.0,35.8,311.0,2.0,1.0,1.0,Hibernating
15941,United Kingdom,2010-03-12 14:45:00,2010-03-12 14:45:00,1.0,405.0,637.0,1.0,1.0,2.0,Hibernating
15942,United Kingdom,2011-07-29 09:01:00,2011-07-29 09:01:00,1.0,337.44,134.0,2.0,1.0,1.0,Hibernating
15943,United Kingdom,2010-01-31 11:04:00,2010-02-28 12:49:00,2.0,271.29,650.0,1.0,2.0,1.0,At Risk
15944,United Kingdom,2009-12-13 12:57:00,2011-03-08 10:33:00,4.0,2164.24,277.0,2.0,3.0,3.0,Loyal
15945,United Kingdom,2009-12-01 13:47:00,2010-12-09 13:14:00,4.0,646.27,365.0,2.0,3.0,2.0,Loyal
15946,United Kingdom,2010-03-16 10:49:00,2010-07-25 12:18:00,3.0,2304.18,503.0,1.0,3.0,4.0,Loyal
15947,United Kingdom,2011-09-18 10:46:00,2011-09-18 10:46:00,1.0,1708.24,83.0,3.0,1.0,3.0,Recent / Promising
15948,United Kingdom,2010-10-11 12:16:00,2011-12-01 15:32:00,3.0,1509.09,8.0,4.0,3.0,3.0,Champions
15949,United Kingdom,2011-09-29 17:34:00,2011-11-23 09:09:00,2.0,364.72,17.0,4.0,2.0,2.0,Recent / Promising
15950,United Kingdom,2010-01-26 11:39:00,2011-11-08 11:09:00,10.0,7120.91,32.0,3.0,4.0,4.0,Champions
15951,United Kingdom,2010-11-23 18:20:00,2011-12-01 08:34:00,3.0,1013.17,9.0,4.0,3.0,3.0,Champions
15952,United Kingdom,2011-04-28 12:55:00,2011-11-06 11:18:00,4.0,781.91,34.0,3.0,3.0,2.0,Loyal
15953,United Kingdom,2009-12-03 14:00:00,2011-11-24 15:32:00,18.0,3440.34,15.0,4.0,4.0,4.0,Champions
15954,United Kingdom,2010-04-29 13:35:00,2010-04-29 13:35:00,1.0,187.8,589.0,1.0,1.0,1.0,Hibernating
15955,United Kingdom,2010-02-23 16:36:00,2011-11-15 14:15:00,22.0,8085.98,24.0,4.0,4.0,4.0,Champions
15956,United Kingdom,2009-12-13 11:16:00,2010-06-06 13:06:00,2.0,617.6,551.0,1.0,2.0,2.0,At Risk
15957,United Kingdom,2010-10-15 12:11:00,2011-11-08 12:14:00,3.0,921.25,32.0,3.0,3.0,3.0,Champions
15958,United Kingdom,2010-06-07 10:59:00,2011-09-26 13:41:00,4.0,462.12,74.0,3.0,3.0,2.0,Loyal
15959,United Kingdom,2010-01-26 16:19:00,2010-01-26 16:38:00,3.0,542.89,682.0,1.0,3.0,2.0,Loyal
15960,United Kingdom,2010-09-30 15:50:00,2010-11-30 15:57:00,4.0,410.95,374.0,2.0,3.0,2.0,Loyal
15961,United Kingdom,2010-11-25 15:59:00,2010-11-25 15:59:00,1.0,451.29,379.0,2.0,1.0,2.0,Hibernating
15962,United Kingdom,2010-09-16 13:48:00,2010-09-16 13:48:00,1.0,289.48,449.0,1.0,1.0,1.0,Hibernating
15963,United Kingdom,2011-10-25 13:05:00,2011-11-20 11:33:00,2.0,470.76,20.0,4.0,2.0,2.0,Recent / Promising
15964,United Kingdom,2010-02-14 15:30:00,2010-02-14 15:30:00,1.0,269.21,663.0,1.0,1.0,1.0,Hibernating
15965,United Kingdom,2009-12-03 11:45:00,2011-11-22 16:44:00,13.0,2771.94,17.0,4.0,4.0,4.0,Champions
15966,United Kingdom,2010-09-15 10:44:00,2010-09-15 10:44:00,1.0,426.53,451.0,1.0,1.0,2.0,Hibernating
15967,United Kingdom,2009-12-01 13:29:00,2011-11-16 15:41:00,12.0,2966.0,23.0,4.0,4.0,4.0,Champions
15968,United Kingdom,2010-11-16 13:04:00,2010-11-16 13:04:00,1.0,401.8,388.0,1.0,1.0,2.0,Hibernating
15969,United Kingdom,2010-07-05 13:10:00,2011-12-07 11:06:00,5.0,1127.05,3.0,4.0,3.0,3.0,Champions
15970,United Kingdom,2010-04-20 11:30:00,2011-02-09 12:08:00,2.0,1017.32,304.0,2.0,2.0,3.0,Hibernating
15971,United Kingdom,2009-12-08 09:46:00,2011-11-22 12:50:00,18.0,5897.88,18.0,4.0,4.0,4.0,Champions
15972,United Kingdom,2010-04-18 14:06:00,2010-09-09 13:20:00,5.0,1769.33,456.0,1.0,3.0,3.0,Loyal
15973,United Kingdom,2010-10-07 08:33:00,2010-12-08 11:42:00,2.0,665.62,367.0,2.0,2.0,2.0,Hibernating
15974,United Kingdom,2011-02-24 10:10:00,2011-10-31 13:13:00,7.0,3442.15,39.0,3.0,4.0,4.0,Champions
15975,United Kingdom,2011-09-16 13:33:00,2011-09-16 13:33:00,1.0,371.01,84.0,3.0,1.0,2.0,Recent / Promising
15976,United Kingdom,2010-06-06 14:01:00,2011-06-27 13:00:00,6.0,1680.31,165.0,2.0,3.0,3.0,Loyal
15977,United Kingdom,2011-10-31 16:24:00,2011-11-22 13:29:00,2.0,1054.73,17.0,4.0,2.0,3.0,Recent / Promising
15978,United Kingdom,2010-03-05 14:39:00,2011-09-23 15:21:00,3.0,3279.42,77.0,3.0,3.0,4.0,Champions
15979,United Kingdom,2010-04-16 11:35:00,2010-04-16 11:35:00,1.0,329.22,603.0,1.0,1.0,1.0,Hibernating
15980,United Kingdom,2010-06-01 14:40:00,2011-09-12 09:41:00,7.0,6543.68,89.0,3.0,4.0,4.0,Champions
15981,United Kingdom,2010-03-29 10:07:00,2011-11-15 08:00:00,21.0,9362.77,25.0,4.0,4.0,4.0,Champions
15982,United Kingdom,2010-04-13 15:47:00,2010-04-13 15:47:00,1.0,324.51,605.0,1.0,1.0,1.0,Hibernating
15983,United Kingdom,2009-12-06 12:52:00,2011-11-17 17:34:00,8.0,3110.37,22.0,4.0,4.0,4.0,Champions
15984,United Kingdom,2009-12-01 13:38:00,2011-12-07 12:16:00,30.0,8393.02,3.0,4.0,4.0,4.0,Champions
15985,United Kingdom,2010-05-27 15:51:00,2011-08-08 16:31:00,7.0,2715.28,123.0,2.0,4.0,4.0,Loyal
15986,United Kingdom,2010-11-23 10:02:00,2011-11-09 15:17:00,2.0,354.42,30.0,3.0,2.0,2.0,Recent / Promising
15987,United Kingdom,2010-11-25 12:56:00,2011-11-27 15:38:00,8.0,1535.99,12.0,4.0,4.0,3.0,Champions
15988,United Kingdom,2010-02-21 11:36:00,2011-11-20 13:23:00,3.0,736.39,19.0,4.0,3.0,2.0,Loyal
15989,United Kingdom,2009-12-02 15:51:00,2010-11-29 12:03:00,2.0,368.31,376.0,2.0,2.0,2.0,Hibernating
15990,United Kingdom,2010-02-28 12:30:00,2011-10-26 15:58:00,7.0,1997.75,44.0,3.0,4.0,3.0,Champions
15991,United Kingdom,2010-06-23 15:50:00,2010-06-23 15:50:00,1.0,150.55,534.0,1.0,1.0,1.0,Hibernating
15992,United Kingdom,2010-09-12 11:52:00,2011-12-06 11:00:00,3.0,896.6,4.0,4.0,3.0,3.0,Champions
15993,United Kingdom,2011-10-26 16:21:00,2011-12-01 10:45:00,7.0,2768.97,9.0,4.0,4.0,4.0,Champions
15994,United Kingdom,2010-03-14 11:55:00,2011-10-16 12:28:00,3.0,1175.68,55.0,3.0,3.0,3.0,Champions
15995,United Kingdom,2010-10-21 13:57:00,2010-10-21 13:57:00,1.0,694.54,414.0,1.0,1.0,2.0,Hibernating
15996,United Kingdom,2010-11-07 15:49:00,2011-09-12 15:14:00,7.0,1386.4,88.0,3.0,4.0,3.0,Champions
15998,United Kingdom,2009-12-01 11:45:00,2011-11-03 12:45:00,16.0,8274.14,37.0,3.0,4.0,4.0,Champions
15999,United Kingdom,2009-12-04 12:31:00,2009-12-04 12:31:00,1.0,20.4,736.0,1.0,1.0,1.0,Hibernating
16000,United Kingdom,2011-12-07 12:14:00,2011-12-07 12:17:00,3.0,12393.7,3.0,4.0,3.0,4.0,Champions
16001,United Kingdom,2010-11-23 17:10:00,2010-11-23 17:10:00,1.0,583.39,381.0,1.0,1.0,2.0,Hibernating
16002,United Kingdom,2010-03-24 13:08:00,2010-03-24 13:08:00,1.0,169.21,625.0,1.0,1.0,1.0,Hibernating
16003,United Kingdom,2009-12-03 18:51:00,2011-11-10 09:57:00,10.0,5613.83,30.0,3.0,4.0,4.0,Champions
16004,United Kingdom,2010-01-25 13:56:00,2010-08-22 11:48:00,5.0,2146.39,475.0,1.0,3.0,3.0,Loyal
16005,United Kingdom,2010-09-15 13:21:00,2011-11-27 13:47:00,10.0,2365.07,12.0,4.0,4.0,4.0,Champions
16006,United Kingdom,2010-11-17 12:03:00,2011-05-12 13:12:00,2.0,332.82,211.0,2.0,2.0,1.0,Hibernating
16007,United Kingdom,2010-06-14 13:18:00,2011-10-23 11:05:00,7.0,3053.06,48.0,3.0,4.0,4.0,Champions
16008,United Kingdom,2010-03-19 11:07:00,2011-11-16 10:32:00,15.0,5339.13,24.0,4.0,4.0,4.0,Champions
16009,United Kingdom,2011-07-03 11:26:00,2011-11-17 16:51:00,4.0,972.11,22.0,4.0,3.0,3.0,Champions
16010,United Kingdom,2010-10-24 10:54:00,2011-04-08 10:14:00,11.0,1694.86,246.0,2.0,4.0,3.0,Loyal
16011,United Kingdom,2009-12-01 12:02:00,2011-12-01 16:31:00,29.0,5599.31,8.0,4.0,4.0,4.0,Champions
16012,United Kingdom,2010-06-28 11:39:00,2011-11-04 13:25:00,5.0,2978.59,35.0,3.0,3.0,4.0,Champions
16013,United Kingdom,2009-12-08 10:24:00,2011-12-06 10:36:00,84.0,56078.44,4.0,4.0,4.0,4.0,Champions
16014,United Kingdom,2010-01-31 12:43:00,2011-11-02 12:04:00,5.0,1100.28,38.0,3.0,3.0,3.0,Champions
16015,United Kingdom,2011-10-21 12:56:00,2011-12-06 10:58:00,3.0,704.26,4.0,4.0,3.0,2.0,Loyal
16016,United Kingdom,2010-11-02 13:27:00,2011-12-06 14:35:00,11.0,2083.4,3.0,4.0,4.0,3.0,Champions
16017,United Kingdom,2010-01-05 12:06:00,2011-10-23 12:56:00,5.0,1545.58,47.0,3.0,3.0,3.0,Champions
16018,United Kingdom,2009-12-07 13:57:00,2011-10-31 14:13:00,4.0,698.13,39.0,3.0,3.0,2.0,Loyal
16019,United Kingdom,2009-12-14 14:12:00,2011-10-24 11:51:00,27.0,17329.16,47.0,3.0,4.0,4.0,Champions
16020,United Kingdom,2011-10-05 13:54:00,2011-11-23 11:18:00,3.0,851.01,17.0,4.0,3.0,2.0,Loyal
16021,United Kingdom,2010-06-13 11:05:00,2010-11-09 14:48:00,2.0,487.03,395.0,1.0,2.0,2.0,At Risk
16022,United Kingdom,2011-03-24 13:16:00,2011-03-24 13:16:00,1.0,602.63,260.0,2.0,1.0,2.0,Hibernating
16023,United Kingdom,2011-03-18 13:32:00,2011-10-24 16:34:00,3.0,719.81,46.0,3.0,3.0,2.0,Loyal
16024,United Kingdom,2010-10-24 11:40:00,2011-11-27 13:26:00,3.0,478.71,12.0,4.0,3.0,2.0,Loyal
16025,United Kingdom,2011-11-10 11:45:00,2011-11-10 11:45:00,1.0,439.66,30.0,3.0,1.0,2.0,Recent / Promising
16026,United Kingdom,2011-10-27 13:53:00,2011-10-27 13:53:00,1.0,236.09,43.0,3.0,1.0,1.0,Recent / Promising
16027,United Kingdom,2010-01-08 13:21:00,2011-09-09 10:47:00,15.0,2048.36,92.0,3.0,4.0,3.0,Champions
16028,United Kingdom,2010-04-23 11:45:00,2010-04-23 11:45:00,1.0,82.2,596.0,1.0,1.0,1.0,Hibernating
16029,United Kingdom,2009-12-08 11:23:00,2011-11-01 10:27:00,106.0,105499.59,39.0,3.0,4.0,4.0,Champions
16030,United Kingdom,2011-02-03 11:28:00,2011-02-03 11:28:00,1.0,331.24,310.0,2.0,1.0,1.0,Hibernating
16031,United Kingdom,2011-04-06 14:23:00,2011-09-08 13:07:00,2.0,547.9,92.0,3.0,2.0,2.0,Recent / Promising
16032,United Kingdom,2010-07-04 13:31:00,2010-09-09 18:00:00,6.0,1965.72,456.0,1.0,3.0,3.0,Loyal
16033,United Kingdom,2010-08-11 16:44:00,2011-12-04 12:44:00,27.0,10608.81,6.0,4.0,4.0,4.0,Champions
16034,United Kingdom,2010-10-26 13:00:00,2011-05-27 16:17:00,6.0,911.32,196.0,2.0,3.0,3.0,Loyal
16035,United Kingdom,2010-05-28 15:09:00,2010-05-28 15:09:00,1.0,217.73,560.0,1.0,1.0,1.0,Hibernating
16036,United Kingdom,2010-03-29 14:47:00,2011-09-13 14:53:00,4.0,2556.84,87.0,3.0,3.0,4.0,Champions
16037,United Kingdom,2010-03-01 12:31:00,2011-03-15 09:13:00,5.0,1509.34,270.0,2.0,3.0,3.0,Loyal
16038,United Kingdom,2011-05-22 11:29:00,2011-12-02 12:40:00,3.0,471.78,8.0,4.0,3.0,2.0,Loyal
16039,United Kingdom,2010-03-21 15:17:00,2010-10-12 10:44:00,2.0,456.4,424.0,1.0,2.0,2.0,At Risk
16040,United Kingdom,2010-04-09 10:12:00,2011-10-05 13:47:00,7.0,2416.9,65.0,3.0,4.0,4.0,Champions
16041,United Kingdom,2011-07-21 16:27:00,2011-11-09 12:25:00,3.0,3166.4,31.0,3.0,3.0,4.0,Champions
16042,United Kingdom,2010-09-12 12:00:00,2011-11-17 17:50:00,8.0,2245.32,22.0,4.0,4.0,4.0,Champions
16043,United Kingdom,2010-08-15 11:26:00,2011-11-02 12:50:00,8.0,1856.59,38.0,3.0,4.0,3.0,Champions
16044,United Kingdom,2010-09-30 18:12:00,2010-09-30 18:12:00,1.0,340.84,435.0,1.0,1.0,2.0,Hibernating
16045,United Kingdom,2010-07-29 12:50:00,2011-08-12 12:41:00,8.0,3434.93,120.0,2.0,4.0,4.0,Loyal
16046,United Kingdom,2010-05-26 13:18:00,2010-05-26 13:18:00,1.0,235.78,562.0,1.0,1.0,1.0,Hibernating
16048,United Kingdom,2010-06-08 12:36:00,2010-12-01 15:28:00,4.0,818.79,373.0,2.0,3.0,2.0,Loyal
16049,United Kingdom,2010-07-11 13:53:00,2011-10-30 13:19:00,6.0,1852.15,40.0,3.0,3.0,3.0,Champions
16050,United Kingdom,2010-11-03 15:55:00,2011-06-19 11:44:00,3.0,300.7,174.0,2.0,3.0,1.0,Loyal
16051,United Kingdom,2010-01-27 09:38:00,2010-01-27 09:38:00,1.0,188.44,682.0,1.0,1.0,1.0,Hibernating
16052,United Kingdom,2011-10-16 15:13:00,2011-10-16 15:13:00,1.0,362.06,54.0,3.0,1.0,2.0,Recent / Promising
16053,United Kingdom,2010-04-08 11:11:00,2011-11-07 11:21:00,6.0,3634.84,33.0,3.0,3.0,4.0,Champions
16054,United Kingdom,2010-04-01 18:37:00,2011-07-17 13:08:00,4.0,2111.88,145.0,2.0,3.0,3.0,Loyal
16055,United Kingdom,2011-05-03 09:26:00,2011-05-03 09:26:00,1.0,134.8,221.0,2.0,1.0,1.0,Hibernating
16056,United Kingdom,2011-10-25 15:19:00,2011-10-25 15:19:00,1.0,650.75,45.0,3.0,1.0,2.0,Recent / Promising
16057,United Kingdom,2010-01-07 17:11:00,2011-11-23 15:23:00,10.0,3854.85,16.0,4.0,4.0,4.0,Champions
16058,United Kingdom,2010-10-29 16:48:00,2010-10-29 16:48:00,1.0,62.7,406.0,1.0,1.0,1.0,Hibernating
16059,United Kingdom,2010-05-19 13:04:00,2011-10-05 09:56:00,12.0,3053.57,66.0,3.0,4.0,4.0,Champions
16060,United Kingdom,2010-08-02 15:26:00,2010-11-04 12:10:00,3.0,541.95,401.0,1.0,3.0,2.0,Loyal
16061,United Kingdom,2010-10-04 15:29:00,2010-10-04 15:29:00,1.0,89.65,431.0,1.0,1.0,1.0,Hibernating
16062,United Kingdom,2010-06-21 13:32:00,2011-11-30 12:15:00,8.0,2863.45,10.0,4.0,4.0,4.0,Champions
16063,United Kingdom,2011-03-24 14:55:00,2011-03-24 14:56:00,1.0,335.32,260.0,2.0,1.0,1.0,Hibernating
16064,United Kingdom,2009-12-14 16:11:00,2009-12-14 16:11:00,1.0,109.31,725.0,1.0,1.0,1.0,Hibernating
16065,United Kingdom,2010-09-02 13:27:00,2010-12-09 13:03:00,8.0,1992.13,365.0,2.0,4.0,3.0,Loyal
16066,United Kingdom,2011-08-07 14:33:00,2011-11-23 11:54:00,5.0,1521.04,17.0,4.0,3.0,3.0,Champions
16067,United Kingdom,2010-02-02 18:01:00,2010-05-26 12:33:00,3.0,3269.11,563.0,1.0,3.0,4.0,Loyal
16068,United Kingdom,2010-04-25 11:52:00,2010-04-25 11:52:00,1.0,115.73,594.0,1.0,1.0,1.0,Hibernating
16069,United Kingdom,2010-10-18 10:32:00,2010-10-18 10:32:00,1.0,457.7,418.0,1.0,1.0,2.0,Hibernating
16070,United Kingdom,2011-11-07 16:36:00,2011-11-17 15:50:00,2.0,852.15,22.0,4.0,2.0,2.0,Recent / Promising
16071,United Kingdom,2010-02-22 14:48:00,2011-10-26 11:14:00,4.0,1076.8,45.0,3.0,3.0,3.0,Champions
16072,United Kingdom,2010-06-08 16:47:00,2011-02-24 14:32:00,4.0,4180.09,288.0,2.0,3.0,4.0,Loyal
16073,United Kingdom,2011-02-15 15:41:00,2011-02-15 15:41:00,1.0,122.4,297.0,2.0,1.0,1.0,Hibernating
16074,United Kingdom,2010-11-14 13:19:00,2010-11-14 13:19:00,1.0,252.5,390.0,1.0,1.0,1.0,Hibernating
16075,United Kingdom,2010-05-24 15:57:00,2010-07-25 11:31:00,2.0,736.93,503.0,1.0,2.0,2.0,At Risk
16076,United Kingdom,2011-05-15 12:31:00,2011-12-06 14:59:00,10.0,2234.73,3.0,4.0,4.0,3.0,Champions
16077,United Kingdom,2010-03-24 10:42:00,2010-03-24 10:42:00,1.0,2300.4,626.0,1.0,1.0,4.0,Hibernating
16078,United Kingdom,2010-02-08 13:29:00,2011-03-01 09:47:00,2.0,362.99,284.0,2.0,2.0,2.0,Hibernating
16079,United Kingdom,2011-10-30 13:06:00,2011-11-23 12:48:00,3.0,1352.0,17.0,4.0,3.0,3.0,Champions
16080,United Kingdom,2010-09-15 14:19:00,2011-09-19 10:42:00,4.0,602.56,82.0,3.0,3.0,2.0,Loyal
16081,United Kingdom,2010-02-03 12:46:00,2011-10-14 13:06:00,8.0,4278.96,56.0,3.0,4.0,4.0,Champions
16082,United Kingdom,2010-02-07 15:16:00,2010-02-07 15:16:00,1.0,106.75,670.0,1.0,1.0,1.0,Hibernating
16083,United Kingdom,2010-11-16 11:53:00,2011-08-31 10:47:00,4.0,2351.42,101.0,2.0,3.0,4.0,Loyal
16084,United Kingdom,2011-02-13 16:05:00,2011-02-13 16:05:00,1.0,436.18,299.0,2.0,1.0,2.0,Hibernating
16085,United Kingdom,2010-01-20 14:03:00,2011-11-16 13:24:00,12.0,2324.71,23.0,4.0,4.0,4.0,Champions
16086,United Kingdom,2009-12-02 13:20:00,2011-10-11 13:09:00,10.0,2687.73,59.0,3.0,4.0,4.0,Champions
16087,United Kingdom,2010-01-19 12:30:00,2010-11-15 16:44:00,5.0,1739.92,389.0,1.0,3.0,3.0,Loyal
16088,United Kingdom,2010-04-27 10:56:00,2010-05-13 10:16:00,2.0,1437.43,576.0,1.0,2.0,3.0,At Risk
16089,United Kingdom,2010-07-18 15:51:00,2010-11-18 13:51:00,2.0,263.49,386.0,1.0,2.0,1.0,At Risk
16090,United Kingdom,2010-03-25 13:05:00,2010-03-25 13:05:00,1.0,180.56,624.0,1.0,1.0,1.0,Hibernating
16091,United Kingdom,2011-05-25 09:18:00,2011-07-08 08:45:00,2.0,315.06,155.0,2.0,2.0,1.0,Hibernating
16092,United Kingdom,2010-05-09 16:10:00,2011-08-17 10:46:00,6.0,1587.94,115.0,2.0,3.0,3.0,Loyal
16093,United Kingdom,2011-08-25 11:09:00,2011-08-25 11:09:00,1.0,17.0,107.0,2.0,1.0,1.0,Hibernating
16094,United Kingdom,2010-04-16 14:00:00,2011-11-28 12:45:00,11.0,3695.56,12.0,4.0,4.0,4.0,Champions
16095,United Kingdom,2010-09-09 16:54:00,2010-09-09 16:54:00,1.0,447.05,456.0,1.0,1.0,2.0,Hibernating
16096,United Kingdom,2010-03-04 15:44:00,2011-03-20 13:38:00,4.0,1584.97,264.0,2.0,3.0,3.0,Loyal
16097,United Kingdom,2011-04-13 13:47:00,2011-04-13 13:47:00,1.0,185.05,240.0,2.0,1.0,1.0,Hibernating
16098,United Kingdom,2009-12-15 09:40:00,2011-09-13 09:59:00,14.0,4010.7,88.0,3.0,4.0,4.0,Champions
16099,United Kingdom,2010-03-03 11:13:00,2011-10-20 13:13:00,7.0,1573.2,50.0,3.0,4.0,3.0,Champions
16100,United Kingdom,2010-09-03 11:39:00,2010-09-03 11:39:00,1.0,582.64,463.0,1.0,1.0,2.0,Hibernating
16101,United Kingdom,2010-05-27 12:50:00,2011-09-30 10:18:00,4.0,3229.16,71.0,3.0,3.0,4.0,Champions
16102,United Kingdom,2011-08-03 12:50:00,2011-10-28 13:19:00,3.0,1842.14,42.0,3.0,3.0,3.0,Champions
16103,United Kingdom,2010-01-08 12:08:00,2011-12-02 14:16:00,22.0,6191.71,7.0,4.0,4.0,4.0,Champions
16104,United Kingdom,2009-12-06 10:41:00,2011-10-09 10:23:00,9.0,2774.46,62.0,3.0,4.0,4.0,Champions
16105,United Kingdom,2010-04-14 13:27:00,2011-04-05 10:13:00,5.0,2386.19,249.0,2.0,3.0,4.0,Loyal
16106,United Kingdom,2011-10-05 10:37:00,2011-10-05 10:37:00,1.0,108.38,66.0,3.0,1.0,1.0,Recent / Promising
16107,United Kingdom,2011-06-09 18:42:00,2011-11-22 09:40:00,7.0,3204.16,18.0,4.0,4.0,4.0,Champions
16108,United Kingdom,2010-03-18 14:14:00,2011-09-16 11:48:00,4.0,2235.92,85.0,3.0,3.0,3.0,Champions
16109,United Kingdom,2010-01-10 10:37:00,2011-05-05 09:17:00,3.0,939.48,219.0,2.0,3.0,3.0,Loyal
16110,United Kingdom,2010-07-05 13:04:00,2011-10-25 14:35:00,4.0,1781.59,45.0,3.0,3.0,3.0,Champions
16111,United Kingdom,2010-10-07 19:51:00,2010-10-07 19:51:00,1.0,549.33,428.0,1.0,1.0,2.0,Hibernating
16112,United Kingdom,2011-01-05 11:47:00,2011-07-19 14:28:00,4.0,195.74,143.0,2.0,3.0,1.0,Loyal
16113,United Kingdom,2011-06-09 16:16:00,2011-06-09 16:16:00,1.0,161.38,183.0,2.0,1.0,1.0,Hibernating
16114,United Kingdom,2011-06-22 10:13:00,2011-06-22 10:13:00,1.0,135.75,171.0,2.0,1.0,1.0,Hibernating
16115,United Kingdom,2010-05-14 11:59:00,2011-11-30 11:32:00,12.0,2553.8,10.0,4.0,4.0,4.0,Champions
16116,United Kingdom,2011-05-12 12:01:00,2011-05-12 12:01:00,1.0,612.78,212.0,2.0,1.0,2.0,Hibernating
16117,United Kingdom,2010-04-27 11:50:00,2011-06-03 11:42:00,3.0,654.4,190.0,2.0,3.0,2.0,Loyal
16118,United Kingdom,2010-02-25 09:40:00,2010-02-25 09:40:00,1.0,4376.25,653.0,1.0,1.0,4.0,Hibernating
16119,United Kingdom,2009-12-16 11:56:00,2011-12-01 15:11:00,8.0,1720.81,8.0,4.0,4.0,3.0,Champions
16120,United Kingdom,2010-10-13 15:07:00,2011-10-11 14:22:00,6.0,2967.51,59.0,3.0,3.0,4.0,Champions
16121,United Kingdom,2010-05-23 10:52:00,2011-10-13 12:59:00,5.0,1450.04,57.0,3.0,3.0,3.0,Champions
16122,United Kingdom,2010-10-10 15:26:00,2011-09-27 15:34:00,6.0,895.62,73.0,3.0,3.0,3.0,Champions
16123,United Kingdom,2011-10-19 09:18:00,2011-10-19 09:18:00,1.0,307.78,52.0,3.0,1.0,1.0,Recent / Promising
16124,United Kingdom,2009-12-07 10:33:00,2011-01-26 14:45:00,4.0,1772.49,317.0,2.0,3.0,3.0,Loyal
16125,United Kingdom,2009-12-14 15:38:00,2010-12-07 15:48:00,14.0,4292.35,367.0,2.0,4.0,4.0,Loyal
16126,United Kingdom,2009-12-02 13:34:00,2011-11-10 16:03:00,15.0,14644.6,29.0,3.0,4.0,4.0,Champions
16127,United Kingdom,2009-12-13 12:19:00,2011-10-31 13:58:00,2.0,801.31,39.0,3.0,2.0,2.0,Recent / Promising
16128,United Kingdom,2010-07-16 16:30:00,2011-11-22 11:14:00,11.0,3801.05,18.0,4.0,4.0,4.0,Champions
16129,United Kingdom,2010-07-20 12:32:00,2010-10-28 14:29:00,3.0,1396.05,407.0,1.0,3.0,3.0,Loyal
16130,United Kingdom,2010-04-01 13:58:00,2010-10-13 15:14:00,4.0,987.48,422.0,1.0,3.0,3.0,Loyal
16131,United Kingdom,2009-12-02 10:09:00,2011-10-19 11:53:00,12.0,9957.42,52.0,3.0,4.0,4.0,Champions
16132,United Kingdom,2010-03-22 10:25:00,2010-06-13 13:49:00,2.0,664.2,544.0,1.0,2.0,2.0,At Risk
16133,United Kingdom,2010-03-31 12:21:00,2011-12-06 11:24:00,56.0,22992.26,4.0,4.0,4.0,4.0,Champions
16134,United Kingdom,2010-06-17 09:48:00,2011-11-18 10:05:00,5.0,2145.34,22.0,4.0,3.0,3.0,Champions
16135,United Kingdom,2010-05-05 09:35:00,2011-03-22 12:30:00,2.0,819.45,263.0,2.0,2.0,2.0,Hibernating
16136,United Kingdom,2010-02-14 12:49:00,2011-10-11 09:10:00,4.0,946.8,60.0,3.0,3.0,3.0,Champions
16137,United Kingdom,2010-01-28 15:04:00,2010-01-28 15:04:00,1.0,422.7,680.0,1.0,1.0,2.0,Hibernating
16138,United Kingdom,2010-04-28 09:51:00,2010-11-26 12:13:00,3.0,910.35,379.0,2.0,3.0,3.0,Loyal
16139,United Kingdom,2009-12-03 13:51:00,2011-11-21 08:37:00,5.0,1111.15,19.0,4.0,3.0,3.0,Champions
16140,United Kingdom,2010-09-24 12:03:00,2011-10-05 12:15:00,3.0,1433.46,66.0,3.0,3.0,3.0,Champions
16141,United Kingdom,2010-10-18 14:12:00,2011-09-12 13:11:00,2.0,955.94,88.0,3.0,2.0,3.0,Recent / Promising
16142,United Kingdom,2011-04-04 10:16:00,2011-04-04 10:16:00,1.0,535.34,250.0,2.0,1.0,2.0,Hibernating
16143,United Kingdom,2009-12-10 09:44:00,2011-12-06 14:13:00,12.0,4555.08,3.0,4.0,4.0,4.0,Champions
16144,United Kingdom,2011-04-07 10:09:00,2011-04-07 10:09:00,1.0,175.2,247.0,2.0,1.0,1.0,Hibernating
16145,United Kingdom,2010-05-04 13:31:00,2011-12-01 10:33:00,19.0,6805.44,9.0,4.0,4.0,4.0,Champions
16146,United Kingdom,2010-09-17 10:46:00,2011-07-05 14:20:00,4.0,946.38,157.0,2.0,3.0,3.0,Loyal
16147,United Kingdom,2010-02-05 12:26:00,2011-07-29 09:57:00,5.0,2398.91,134.0,2.0,3.0,4.0,Loyal
16148,United Kingdom,2010-09-29 10:12:00,2011-02-16 14:01:00,2.0,386.62,296.0,2.0,2.0,2.0,Hibernating
16149,United Kingdom,2010-10-06 15:54:00,2011-12-05 11:29:00,3.0,422.22,5.0,4.0,3.0,2.0,Loyal
16150,United Kingdom,2009-12-17 15:33:00,2011-10-28 12:39:00,10.0,4002.17,43.0,3.0,4.0,4.0,Champions
16152,United Kingdom,2011-03-16 09:47:00,2011-03-16 09:47:00,1.0,1829.04,269.0,2.0,1.0,3.0,Hibernating
16153,United Kingdom,2010-05-26 12:41:00,2011-10-21 10:50:00,11.0,5133.49,50.0,3.0,4.0,4.0,Champions
16155,United Kingdom,2010-06-18 11:23:00,2010-11-23 12:03:00,5.0,796.9,382.0,1.0,3.0,2.0,Loyal
16156,United Kingdom,2009-12-02 17:06:00,2011-12-01 12:42:00,20.0,6188.18,9.0,4.0,4.0,4.0,Champions
16157,United Kingdom,2011-09-28 11:48:00,2011-11-24 11:41:00,3.0,656.69,16.0,4.0,3.0,2.0,Loyal
16158,United Kingdom,2009-12-05 15:00:00,2010-07-05 13:55:00,9.0,628.32,522.0,1.0,4.0,2.0,Loyal
16159,United Kingdom,2009-12-03 11:51:00,2011-03-03 12:27:00,4.0,1232.79,282.0,2.0,3.0,3.0,Loyal
16160,United Kingdom,2011-09-15 10:53:00,2011-10-05 14:19:00,2.0,1025.44,65.0,3.0,2.0,3.0,Recent / Promising
16161,United Kingdom,2010-02-08 11:06:00,2011-12-08 12:10:00,43.0,12580.06,2.0,4.0,4.0,4.0,Champions
16162,United Kingdom,2011-04-01 15:03:00,2011-04-01 15:03:00,1.0,37.4,252.0,2.0,1.0,1.0,Hibernating
16163,United Kingdom,2009-12-02 10:00:00,2011-04-21 15:15:00,6.0,2407.98,232.0,2.0,3.0,4.0,Loyal
16164,United Kingdom,2011-10-28 09:12:00,2011-11-22 15:04:00,3.0,822.48,17.0,4.0,3.0,2.0,Loyal
16165,United Kingdom,2010-07-22 14:17:00,2010-07-22 14:17:00,1.0,79.9,505.0,1.0,1.0,1.0,Hibernating
16166,United Kingdom,2010-01-17 14:16:00,2010-10-07 15:44:00,2.0,435.83,428.0,1.0,2.0,2.0,At Risk
16167,United Kingdom,2009-12-01 10:46:00,2010-10-21 15:33:00,5.0,1386.12,414.0,1.0,3.0,3.0,Loyal
16168,United Kingdom,2009-12-03 12:38:00,2011-11-29 12:45:00,66.0,10360.67,11.0,4.0,4.0,4.0,Champions
16169,United Kingdom,2011-09-25 11:33:00,2011-12-01 15:28:00,4.0,1822.97,8.0,4.0,3.0,3.0,Champions
16170,United Kingdom,2010-02-18 13:50:00,2011-10-20 08:21:00,20.0,6869.0,51.0,3.0,4.0,4.0,Champions
16171,United Kingdom,2011-10-11 14:51:00,2011-10-11 14:51:00,1.0,73.2,59.0,3.0,1.0,1.0,Recent / Promising
16172,United Kingdom,2010-07-14 15:34:00,2011-09-05 13:22:00,8.0,1884.55,95.0,3.0,4.0,3.0,Champions
16173,United Kingdom,2011-09-02 15:23:00,2011-11-24 10:53:00,6.0,1418.32,16.0,4.0,3.0,3.0,Champions
16174,United Kingdom,2010-04-15 15:12:00,2011-08-05 13:26:00,7.0,2246.75,126.0,2.0,4.0,4.0,Loyal
16175,United Kingdom,2010-05-25 12:01:00,2011-09-06 14:32:00,7.0,1836.44,94.0,3.0,4.0,3.0,Champions
16176,United Kingdom,2010-03-29 14:52:00,2010-10-14 13:54:00,4.0,2052.69,421.0,1.0,3.0,3.0,Loyal
16177,United Kingdom,2010-03-02 14:03:00,2011-10-20 12:57:00,8.0,2247.31,50.0,3.0,4.0,4.0,Champions
16178,United Kingdom,2010-11-03 14:46:00,2011-07-24 16:05:00,2.0,612.6,138.0,2.0,2.0,2.0,Hibernating
16179,United Kingdom,2011-10-10 09:41:00,2011-10-10 09:41:00,1.0,215.83,61.0,3.0,1.0,1.0,Recent / Promising
16180,United Kingdom,2010-06-23 13:19:00,2011-08-31 16:28:00,13.0,16249.87,100.0,2.0,4.0,4.0,Loyal
16181,United Kingdom,2011-09-27 13:38:00,2011-09-27 13:38:00,1.0,305.54,73.0,3.0,1.0,1.0,Recent / Promising
16182,United Kingdom,2010-03-09 09:34:00,2011-09-28 13:23:00,9.0,9971.65,72.0,3.0,4.0,4.0,Champions
16183,United Kingdom,2010-10-28 14:43:00,2011-10-03 14:59:00,4.0,1077.81,67.0,3.0,3.0,3.0,Champions
16184,United Kingdom,2011-05-12 13:33:00,2011-10-06 17:43:00,6.0,1158.79,64.0,3.0,3.0,3.0,Champions
16185,United Kingdom,2010-05-24 11:04:00,2011-11-23 09:41:00,3.0,644.72,17.0,4.0,3.0,2.0,Loyal
16186,United Kingdom,2009-12-09 15:36:00,2011-11-17 12:43:00,26.0,8718.43,23.0,4.0,4.0,4.0,Champions
16187,United Kingdom,2011-02-28 13:34:00,2011-11-08 09:50:00,15.0,6911.44,32.0,3.0,4.0,4.0,Champions
16188,United Kingdom,2010-10-27 11:50:00,2011-10-26 12:19:00,5.0,1087.66,45.0,3.0,3.0,3.0,Champions
16189,United Kingdom,2011-09-15 15:21:00,2011-11-24 11:47:00,2.0,215.48,16.0,4.0,2.0,1.0,Recent / Promising
16190,United Kingdom,2009-12-14 11:59:00,2011-10-30 15:59:00,8.0,2723.55,40.0,3.0,4.0,4.0,Champions
16191,United Kingdom,2009-12-11 12:24:00,2011-12-07 11:26:00,24.0,15677.82,3.0,4.0,4.0,4.0,Champions
16192,United Kingdom,2009-12-04 12:28:00,2009-12-04 12:28:00,1.0,351.3,736.0,1.0,1.0,2.0,Hibernating
16193,United Kingdom,2010-10-25 10:25:00,2011-04-17 11:45:00,2.0,630.43,237.0,2.0,2.0,2.0,Hibernating
16194,United Kingdom,2010-11-29 13:28:00,2010-11-29 13:28:00,1.0,308.6,375.0,2.0,1.0,1.0,Hibernating
16195,United Kingdom,2009-12-16 14:09:00,2009-12-16 14:09:00,1.0,323.25,723.0,1.0,1.0,1.0,Hibernating
16196,United Kingdom,2010-08-08 11:40:00,2010-08-08 11:40:00,1.0,93.3,489.0,1.0,1.0,1.0,Hibernating
16197,United Kingdom,2009-12-16 11:44:00,2010-08-27 12:56:00,9.0,2016.71,469.0,1.0,4.0,3.0,Loyal
16198,United Kingdom,2010-09-28 13:59:00,2011-09-25 14:58:00,2.0,1030.04,75.0,3.0,2.0,3.0,Recent / Promising
16199,United Kingdom,2010-03-18 18:47:00,2010-11-12 12:55:00,7.0,942.75,392.0,1.0,4.0,3.0,Loyal
16200,United Kingdom,2009-12-02 15:04:00,2011-12-05 14:40:00,12.0,5608.1,4.0,4.0,4.0,4.0,Champions
16201,United Kingdom,2010-10-20 12:00:00,2011-12-06 16:02:00,5.0,2112.12,3.0,4.0,3.0,3.0,Champions
16202,United Kingdom,2009-12-02 10:48:00,2010-12-14 10:43:00,9.0,2501.99,361.0,2.0,4.0,4.0,Loyal
16203,United Kingdom,2010-07-23 13:09:00,2011-10-12 12:31:00,6.0,943.84,59.0,3.0,3.0,3.0,Champions
16204,United Kingdom,2009-12-08 17:44:00,2011-11-16 13:40:00,3.0,918.71,23.0,4.0,3.0,3.0,Champions
16205,United Kingdom,2010-06-15 11:58:00,2011-11-09 09:32:00,7.0,1813.51,31.0,3.0,4.0,3.0,Champions
16206,United Kingdom,2010-01-24 15:25:00,2011-10-16 10:41:00,13.0,2577.12,55.0,3.0,4.0,4.0,Champions
16207,United Kingdom,2011-11-14 13:51:00,2011-11-14 13:51:00,1.0,394.38,25.0,4.0,1.0,2.0,Recent / Promising
16208,United Kingdom,2010-02-24 14:24:00,2011-10-26 11:36:00,10.0,3440.45,45.0,3.0,4.0,4.0,Champions
16209,United Kingdom,2010-06-11 11:58:00,2011-09-12 11:58:00,9.0,4146.78,89.0,3.0,4.0,4.0,Champions
16210,United Kingdom,2009-12-02 12:54:00,2011-12-08 12:36:00,33.0,33730.97,2.0,4.0,4.0,4.0,Champions
16211,United Kingdom,2010-09-27 15:24:00,2011-09-12 12:11:00,3.0,1090.59,89.0,3.0,3.0,3.0,Champions
16212,United Kingdom,2010-02-07 15:26:00,2011-11-20 13:00:00,4.0,1293.71,19.0,4.0,3.0,3.0,Champions
16213,United Kingdom,2011-09-22 10:03:00,2011-09-22 10:03:00,1.0,159.0,79.0,3.0,1.0,1.0,Recent / Promising
16214,United Kingdom,2010-09-30 13:57:00,2011-06-22 11:30:00,4.0,2038.25,171.0,2.0,3.0,3.0,Loyal
16215,United Kingdom,2011-09-20 10:18:00,2011-09-20 10:18:00,1.0,242.35,81.0,3.0,1.0,1.0,Recent / Promising
16216,United Kingdom,2011-03-17 15:34:00,2011-03-17 15:34:00,1.0,914.93,267.0,2.0,1.0,3.0,Hibernating
16217,United Kingdom,2011-03-02 15:28:00,2011-04-18 13:31:00,2.0,304.25,235.0,2.0,2.0,1.0,Hibernating
16218,United Kingdom,2010-05-27 16:09:00,2011-11-10 09:59:00,13.0,3968.67,30.0,3.0,4.0,4.0,Champions
16219,United Kingdom,2010-07-27 11:44:00,2010-07-27 11:44:00,1.0,40.8,501.0,1.0,1.0,1.0,Hibernating
16221,United Kingdom,2010-08-10 13:32:00,2011-11-03 11:43:00,9.0,2018.47,37.0,3.0,4.0,3.0,Champions
16222,United Kingdom,2009-12-18 14:31:00,2011-01-25 13:38:00,2.0,1272.05,318.0,2.0,2.0,3.0,Hibernating
16223,United Kingdom,2010-11-09 12:07:00,2010-11-30 11:50:00,2.0,1087.05,375.0,2.0,2.0,3.0,Hibernating
16224,United Kingdom,2010-11-17 13:14:00,2011-10-13 17:51:00,5.0,1616.54,57.0,3.0,3.0,3.0,Champions
16225,United Kingdom,2010-02-07 12:41:00,2011-10-26 08:30:00,15.0,2859.31,45.0,3.0,4.0,4.0,Champions
16226,United Kingdom,2010-10-22 11:19:00,2011-05-20 14:41:00,5.0,672.17,203.0,2.0,3.0,2.0,Loyal
16227,United Kingdom,2010-06-22 13:28:00,2011-04-28 13:33:00,3.0,1027.22,225.0,2.0,3.0,3.0,Loyal
16228,United Kingdom,2010-11-04 18:54:00,2010-11-19 14:20:00,3.0,885.71,385.0,1.0,3.0,3.0,Loyal
16229,United Kingdom,2010-05-24 12:59:00,2011-09-13 17:16:00,6.0,2867.86,87.0,3.0,3.0,4.0,Champions
16230,United Kingdom,2011-05-03 15:12:00,2011-06-03 10:06:00,2.0,542.03,190.0,2.0,2.0,2.0,Hibernating
16231,United Kingdom,2010-04-21 12:06:00,2010-11-25 15:00:00,4.0,1074.47,379.0,2.0,3.0,3.0,Loyal
16232,United Kingdom,2010-06-07 14:04:00,2011-10-27 12:16:00,7.0,2712.97,44.0,3.0,4.0,4.0,Champions
16233,United Kingdom,2009-12-02 13:23:00,2011-09-29 17:27:00,9.0,1818.31,71.0,3.0,4.0,3.0,Champions
16234,United Kingdom,2010-05-27 10:39:00,2010-08-20 14:33:00,3.0,333.18,476.0,1.0,3.0,1.0,Loyal
16235,United Kingdom,2010-08-26 12:10:00,2011-10-30 10:56:00,8.0,2043.71,41.0,3.0,4.0,3.0,Champions
16236,United Kingdom,2011-09-22 14:10:00,2011-09-22 14:10:00,1.0,432.2,78.0,3.0,1.0,2.0,Recent / Promising
16237,United Kingdom,2010-09-28 17:02:00,2010-09-28 17:02:00,1.0,136.65,437.0,1.0,1.0,1.0,Hibernating
16238,United Kingdom,2010-10-13 12:36:00,2010-10-13 12:36:00,1.0,63.66,423.0,1.0,1.0,1.0,Hibernating
16239,United Kingdom,2010-09-02 19:17:00,2011-10-14 08:29:00,6.0,1492.2,57.0,3.0,3.0,3.0,Champions
16240,United Kingdom,2011-09-23 13:44:00,2011-11-15 14:30:00,2.0,3718.8,24.0,4.0,2.0,4.0,Recent / Promising
16241,United Kingdom,2010-10-25 13:40:00,2011-11-30 11:08:00,16.0,3989.81,10.0,4.0,4.0,4.0,Champions
16242,United Kingdom,2010-03-15 16:02:00,2011-12-01 15:12:00,14.0,7404.65,8.0,4.0,4.0,4.0,Champions
16243,United Kingdom,2011-10-16 12:09:00,2011-11-06 12:32:00,2.0,409.1,34.0,3.0,2.0,2.0,Recent / Promising
16244,United Kingdom,2010-12-02 11:41:00,2011-05-12 10:18:00,2.0,1522.75,212.0,2.0,2.0,3.0,Hibernating
16245,United Kingdom,2011-03-28 09:30:00,2011-11-16 10:14:00,3.0,1413.66,24.0,4.0,3.0,3.0,Champions
16246,United Kingdom,2010-02-08 12:32:00,2010-09-06 12:04:00,2.0,821.35,460.0,1.0,2.0,2.0,At Risk
16247,United Kingdom,2011-06-22 14:23:00,2011-06-22 14:23:00,1.0,114.56,170.0,2.0,1.0,1.0,Hibernating
16248,United Kingdom,2011-10-09 11:32:00,2011-10-09 11:32:00,1.0,152.94,62.0,3.0,1.0,1.0,Recent / Promising
16249,United Kingdom,2011-04-14 13:50:00,2011-10-18 10:07:00,5.0,1800.07,53.0,3.0,3.0,3.0,Champions
16250,United Kingdom,2010-11-18 10:43:00,2011-03-23 15:07:00,3.0,565.24,261.0,2.0,3.0,2.0,Loyal
16251,United Kingdom,2010-07-15 14:55:00,2010-07-15 14:55:00,1.0,128.31,512.0,1.0,1.0,1.0,Hibernating
16252,United Kingdom,2010-11-22 11:57:00,2010-11-22 11:57:00,1.0,295.09,383.0,1.0,1.0,1.0,Hibernating
16253,United Kingdom,2009-12-08 17:24:00,2011-10-04 09:09:00,7.0,7222.2,67.0,3.0,4.0,4.0,Champions
16254,United Kingdom,2010-03-17 15:43:00,2010-11-26 13:22:00,3.0,967.44,378.0,2.0,3.0,3.0,Loyal
16255,United Kingdom,2010-01-24 12:21:00,2011-11-23 12:40:00,15.0,4530.0,17.0,4.0,4.0,4.0,Champions
16256,United Kingdom,2010-04-21 10:34:00,2011-03-18 12:18:00,3.0,1579.37,267.0,2.0,3.0,3.0,Loyal
16257,United Kingdom,2011-06-16 10:11:00,2011-06-16 10:11:00,1.0,21.95,177.0,2.0,1.0,1.0,Hibernating
16258,United Kingdom,2010-03-10 14:19:00,2011-10-25 13:30:00,15.0,11942.52,45.0,3.0,4.0,4.0,Champions
16259,United Kingdom,2010-04-13 16:57:00,2010-10-25 14:27:00,3.0,340.94,410.0,1.0,3.0,2.0,Loyal
16260,United Kingdom,2011-10-20 09:40:00,2011-10-20 09:40:00,1.0,1035.45,51.0,3.0,1.0,3.0,Recent / Promising
16261,United Kingdom,2010-09-23 16:40:00,2011-11-22 17:23:00,6.0,1041.16,17.0,4.0,3.0,3.0,Champions
16262,United Kingdom,2010-11-26 13:22:00,2010-11-26 13:22:00,1.0,755.15,378.0,2.0,1.0,2.0,Hibernating
16263,United Kingdom,2010-10-12 14:52:00,2010-10-12 14:52:00,1.0,348.16,423.0,1.0,1.0,2.0,Hibernating
16264,United Kingdom,2010-09-19 16:14:00,2010-09-27 15:00:00,2.0,823.53,438.0,1.0,2.0,2.0,At Risk
16265,United Kingdom,2010-10-28 15:18:00,2011-11-30 16:41:00,12.0,6685.17,9.0,4.0,4.0,4.0,Champions
16266,United Kingdom,2010-02-04 16:21:00,2011-09-27 12:08:00,14.0,1757.95,74.0,3.0,4.0,3.0,Champions
16267,United Kingdom,2010-04-27 14:10:00,2010-04-27 14:10:00,1.0,186.66,591.0,1.0,1.0,1.0,Hibernating
16268,United Kingdom,2011-09-29 18:30:00,2011-09-29 18:30:00,2.0,617.65,71.0,3.0,2.0,2.0,Recent / Promising
16269,United Kingdom,2010-09-28 11:50:00,2010-09-28 11:50:00,1.0,717.57,438.0,1.0,1.0,2.0,Hibernating
16270,United Kingdom,2010-12-21 14:26:00,2010-12-21 14:26:00,1.0,1141.24,353.0,2.0,1.0,3.0,Hibernating
16271,United Kingdom,2010-03-07 12:03:00,2011-11-24 12:12:00,8.0,3367.82,16.0,4.0,4.0,4.0,Champions
16272,United Kingdom,2011-08-15 10:53:00,2011-08-15 10:54:00,1.0,411.7,117.0,2.0,1.0,2.0,Hibernating
16273,United Kingdom,2010-02-21 16:02:00,2010-03-01 13:24:00,2.0,318.34,648.0,1.0,2.0,1.0,At Risk
16274,United Kingdom,2010-12-01 15:35:00,2010-12-01 15:35:00,1.0,331.55,373.0,2.0,1.0,1.0,Hibernating
16275,United Kingdom,2010-03-08 14:41:00,2011-05-27 12:41:00,3.0,2151.11,197.0,2.0,3.0,3.0,Loyal
16276,United Kingdom,2010-04-11 12:02:00,2011-06-16 09:34:00,3.0,2629.39,177.0,2.0,3.0,4.0,Loyal
16277,United Kingdom,2009-12-06 11:27:00,2009-12-06 11:27:00,1.0,188.69,734.0,1.0,1.0,1.0,Hibernating
16278,United Kingdom,2010-07-28 15:40:00,2011-08-31 17:12:00,3.0,1117.84,100.0,2.0,3.0,3.0,Loyal
16279,United Kingdom,2010-04-22 14:09:00,2011-11-18 15:00:00,9.0,5698.28,21.0,4.0,4.0,4.0,Champions
16280,United Kingdom,2009-12-14 15:49:00,2009-12-14 15:49:00,1.0,238.05,725.0,1.0,1.0,1.0,Hibernating
16281,United Kingdom,2010-01-26 13:41:00,2011-09-28 14:57:00,3.0,3424.02,72.0,3.0,3.0,4.0,Champions
16282,United Kingdom,2009-12-21 11:52:00,2011-01-04 11:42:00,3.0,1307.58,340.0,2.0,3.0,3.0,Loyal
16283,United Kingdom,2010-02-28 14:12:00,2011-12-04 12:08:00,8.0,4348.62,6.0,4.0,4.0,4.0,Champions
16284,United Kingdom,2010-11-11 13:27:00,2011-11-08 16:12:00,3.0,1018.48,31.0,3.0,3.0,3.0,Champions
16285,United Kingdom,2010-03-03 16:03:00,2010-03-03 16:03:00,1.0,176.9,646.0,1.0,1.0,1.0,Hibernating
16286,United Kingdom,2010-03-26 09:58:00,2010-08-19 14:48:00,2.0,328.95,477.0,1.0,2.0,1.0,At Risk
16287,United Kingdom,2010-01-19 09:46:00,2011-06-23 09:08:00,5.0,1006.98,170.0,2.0,3.0,3.0,Loyal
16288,United Kingdom,2010-08-26 14:45:00,2010-08-26 14:45:00,1.0,129.85,470.0,1.0,1.0,1.0,Hibernating
16289,United Kingdom,2010-09-03 14:02:00,2010-09-03 14:02:00,1.0,136.31,462.0,1.0,1.0,1.0,Hibernating
16290,United Kingdom,2010-05-23 11:46:00,2010-09-01 11:52:00,4.0,1957.7,465.0,1.0,3.0,3.0,Loyal
16292,United Kingdom,2010-04-14 13:29:00,2011-08-10 12:24:00,5.0,1253.76,122.0,2.0,3.0,3.0,Loyal
16293,United Kingdom,2009-12-11 09:58:00,2011-11-18 09:58:00,15.0,4279.2,22.0,4.0,4.0,4.0,Champions
16294,United Kingdom,2010-08-20 12:01:00,2010-08-20 12:01:00,1.0,126.05,477.0,1.0,1.0,1.0,Hibernating
16295,United Kingdom,2011-10-06 10:45:00,2011-11-30 08:17:00,4.0,1328.55,10.0,4.0,3.0,3.0,Champions
16296,United Kingdom,2009-12-18 12:03:00,2010-03-23 13:11:00,4.0,1313.67,626.0,1.0,3.0,3.0,Loyal
16297,United Kingdom,2011-03-16 08:29:00,2011-03-16 08:29:00,1.0,301.9,269.0,2.0,1.0,1.0,Hibernating
16298,United Kingdom,2010-09-23 15:23:00,2011-11-17 11:59:00,7.0,1085.7,23.0,4.0,4.0,3.0,Champions
16299,United Kingdom,2010-08-19 17:46:00,2010-08-19 17:46:00,1.0,193.65,477.0,1.0,1.0,1.0,Hibernating
16300,United Kingdom,2010-02-02 11:40:00,2010-10-05 13:14:00,3.0,1367.32,430.0,1.0,3.0,3.0,Loyal
16301,United Kingdom,2009-12-03 10:20:00,2009-12-03 10:20:00,1.0,107.33,737.0,1.0,1.0,1.0,Hibernating
16302,United Kingdom,2011-08-05 09:44:00,2011-08-05 09:44:00,1.0,233.22,127.0,2.0,1.0,1.0,Hibernating
16303,United Kingdom,2010-03-18 14:12:00,2011-11-14 10:49:00,7.0,7928.27,26.0,3.0,4.0,4.0,Champions
16304,United Kingdom,2010-01-14 08:30:00,2010-01-14 08:30:00,1.0,381.66,695.0,1.0,1.0,2.0,Hibernating
16305,United Kingdom,2011-07-24 12:18:00,2011-07-24 12:18:00,1.0,361.22,139.0,2.0,1.0,2.0,Hibernating
16306,United Kingdom,2010-10-01 09:36:00,2011-05-10 12:12:00,7.0,1124.72,214.0,2.0,4.0,3.0,Loyal
16307,United Kingdom,2010-05-11 14:40:00,2010-10-06 14:31:00,3.0,1194.92,429.0,1.0,3.0,3.0,Loyal
16308,United Kingdom,2009-12-15 15:48:00,2011-11-02 11:24:00,7.0,5120.0,38.0,3.0,4.0,4.0,Champions
16309,United Kingdom,2011-04-13 11:46:00,2011-08-25 15:35:00,2.0,706.57,106.0,2.0,2.0,2.0,Hibernating
16310,United Kingdom,2010-03-07 15:41:00,2010-10-21 14:47:00,2.0,460.08,414.0,1.0,2.0,2.0,At Risk
16311,United Kingdom,2011-10-21 13:13:00,2011-11-22 08:54:00,2.0,616.26,18.0,4.0,2.0,2.0,Recent / Promising
16312,United Kingdom,2010-10-03 14:15:00,2010-10-03 14:15:00,1.0,171.15,432.0,1.0,1.0,1.0,Hibernating
16313,United Kingdom,2011-10-21 09:04:00,2011-12-06 13:02:00,2.0,274.15,3.0,4.0,2.0,1.0,Recent / Promising
16314,United Kingdom,2010-08-24 11:52:00,2010-11-15 12:06:00,3.0,1491.4,390.0,1.0,3.0,3.0,Loyal
16315,United Kingdom,2010-06-21 13:53:00,2011-01-13 11:57:00,2.0,402.71,331.0,2.0,2.0,2.0,Hibernating
16316,United Kingdom,2010-08-03 14:38:00,2011-10-06 13:48:00,13.0,5744.91,64.0,3.0,4.0,4.0,Champions
16317,United Kingdom,2010-05-04 10:17:00,2011-08-12 12:46:00,5.0,2192.51,120.0,2.0,3.0,3.0,Loyal
16318,United Kingdom,2011-11-04 13:05:00,2011-11-04 13:05:00,1.0,328.15,35.0,3.0,1.0,1.0,Recent / Promising
16319,United Kingdom,2011-05-06 11:27:00,2011-05-06 11:27:00,1.0,404.4,218.0,2.0,1.0,2.0,Hibernating
16320,Unknown,2010-01-27 13:29:00,2011-06-20 15:25:00,6.0,5628.99,172.0,2.0,3.0,4.0,Loyal
16321,Australia,2009-12-01 10:36:00,2011-09-28 14:55:00,7.0,604.55,72.0,3.0,4.0,2.0,Loyal
16322,United Kingdom,2011-11-03 14:33:00,2011-12-08 15:41:00,2.0,326.75,1.0,4.0,2.0,1.0,Recent / Promising
16323,United Kingdom,2010-05-11 09:48:00,2011-05-27 14:48:00,2.0,353.66,196.0,2.0,2.0,2.0,Hibernating
16324,United Kingdom,2011-06-15 14:26:00,2011-08-03 12:58:00,3.0,408.59,128.0,2.0,3.0,2.0,Loyal
16325,United Kingdom,2009-12-04 13:21:00,2011-10-24 08:48:00,12.0,3597.5,47.0,3.0,4.0,4.0,Champions
16326,United Kingdom,2010-01-28 13:23:00,2011-12-04 10:11:00,24.0,4626.25,6.0,4.0,4.0,4.0,Champions
16327,United Kingdom,2009-12-14 13:06:00,2011-11-25 13:23:00,16.0,10129.04,14.0,4.0,4.0,4.0,Champions
16328,United Kingdom,2010-05-25 14:02:00,2010-05-25 14:02:00,1.0,310.83,563.0,1.0,1.0,1.0,Hibernating
16329,United Kingdom,2009-12-01 11:34:00,2010-10-08 12:44:00,4.0,1664.92,428.0,1.0,3.0,3.0,Loyal
16330,United Kingdom,2010-02-15 12:36:00,2011-11-22 12:24:00,7.0,625.38,18.0,4.0,4.0,2.0,Loyal
16331,United Kingdom,2010-03-07 10:55:00,2010-10-03 13:47:00,6.0,2037.7,432.0,1.0,3.0,3.0,Loyal
16332,United Kingdom,2010-04-29 13:41:00,2011-11-11 14:22:00,11.0,1997.49,28.0,3.0,4.0,3.0,Champions
16333,United Kingdom,2011-02-03 10:50:00,2011-12-02 12:19:00,22.0,26626.8,8.0,4.0,4.0,4.0,Champions
16334,United Kingdom,2010-08-04 16:38:00,2010-08-04 16:38:00,1.0,263.73,492.0,1.0,1.0,1.0,Hibernating
16335,United Kingdom,2009-12-04 10:18:00,2010-06-06 11:35:00,7.0,2753.52,552.0,1.0,4.0,4.0,Loyal
16336,United Kingdom,2010-03-18 08:05:00,2010-10-15 12:32:00,4.0,3517.69,421.0,1.0,3.0,4.0,Loyal
16337,United Kingdom,2011-11-03 10:03:00,2011-11-03 10:03:00,1.0,151.05,37.0,3.0,1.0,1.0,Recent / Promising
16338,United Kingdom,2011-07-05 13:56:00,2011-07-05 13:56:00,1.0,214.8,157.0,2.0,1.0,1.0,Hibernating
16339,United Kingdom,2011-02-28 13:41:00,2011-02-28 13:41:00,1.0,94.05,284.0,2.0,1.0,1.0,Hibernating
16340,United Kingdom,2010-06-06 13:26:00,2011-08-24 14:53:00,3.0,1496.24,107.0,2.0,3.0,3.0,Loyal
16341,United Kingdom,2010-04-09 10:30:00,2011-11-15 09:12:00,7.0,3850.79,25.0,4.0,4.0,4.0,Champions
16342,United Kingdom,2011-06-13 10:10:00,2011-09-25 14:36:00,4.0,322.41,75.0,3.0,3.0,1.0,Loyal
16343,United Kingdom,2010-10-28 14:15:00,2011-11-23 17:45:00,3.0,614.12,16.0,4.0,3.0,2.0,Loyal
16344,United Kingdom,2010-02-09 12:16:00,2011-07-04 15:50:00,4.0,842.42,158.0,2.0,3.0,2.0,Loyal
16345,United Kingdom,2010-08-13 17:13:00,2011-10-26 16:03:00,2.0,1178.79,44.0,3.0,2.0,3.0,Recent / Promising
16346,United Kingdom,2010-11-19 15:55:00,2010-11-19 15:55:00,1.0,224.51,385.0,1.0,1.0,1.0,Hibernating
16347,United Kingdom,2010-03-12 12:41:00,2011-11-28 13:14:00,11.0,3442.96,11.0,4.0,4.0,4.0,Champions
16348,United Kingdom,2010-10-05 13:57:00,2011-11-07 15:44:00,8.0,1742.08,32.0,3.0,4.0,3.0,Champions
16349,United Kingdom,2011-02-22 12:40:00,2011-02-22 12:40:00,1.0,53.5,291.0,2.0,1.0,1.0,Hibernating
16350,United Kingdom,2010-10-07 16:33:00,2011-11-18 15:53:00,9.0,2253.89,21.0,4.0,4.0,4.0,Champions
16351,United Kingdom,2009-12-04 16:12:00,2011-01-11 10:26:00,13.0,3330.03,333.0,2.0,4.0,4.0,Loyal
16352,United Kingdom,2011-11-02 08:44:00,2011-11-22 10:32:00,2.0,494.44,18.0,4.0,2.0,2.0,Recent / Promising
16353,United Kingdom,2009-12-07 13:55:00,2011-12-06 12:23:00,38.0,9795.46,4.0,4.0,4.0,4.0,Champions
16354,United Kingdom,2010-04-27 13:33:00,2011-10-07 14:28:00,5.0,1119.46,63.0,3.0,3.0,3.0,Champions
16355,United Kingdom,2010-11-29 14:21:00,2010-11-29 14:21:00,1.0,416.35,375.0,2.0,1.0,2.0,Hibernating
16356,United Kingdom,2010-06-06 11:26:00,2011-05-26 11:51:00,6.0,415.87,198.0,2.0,3.0,2.0,Loyal
16357,United Kingdom,2010-11-23 18:52:00,2011-11-06 16:04:00,4.0,868.37,33.0,3.0,3.0,3.0,Champions
16358,United Kingdom,2010-11-10 11:36:00,2011-12-08 15:09:00,5.0,2919.65,1.0,4.0,3.0,4.0,Champions
16359,United Kingdom,2010-02-16 10:39:00,2011-12-02 17:04:00,16.0,2697.75,7.0,4.0,4.0,4.0,Champions
16360,United Kingdom,2011-09-12 13:50:00,2011-12-05 12:16:00,6.0,3450.41,5.0,4.0,3.0,4.0,Champions
16361,United Kingdom,2011-09-29 13:13:00,2011-11-30 12:32:00,4.0,891.21,10.0,4.0,3.0,3.0,Champions
16362,United Kingdom,2010-09-28 09:24:00,2011-11-07 13:01:00,6.0,922.16,32.0,3.0,3.0,3.0,Champions
16363,United Kingdom,2011-10-17 14:14:00,2011-10-17 14:14:00,1.0,109.36,53.0,3.0,1.0,1.0,Recent / Promising
16364,United Kingdom,2011-07-25 14:35:00,2011-11-28 11:27:00,2.0,705.79,12.0,4.0,2.0,2.0,Recent / Promising
16365,United Kingdom,2009-12-11 12:41:00,2011-11-22 11:24:00,15.0,3167.34,18.0,4.0,4.0,4.0,Champions
16366,United Kingdom,2009-12-16 10:39:00,2011-11-21 08:19:00,4.0,1548.13,19.0,4.0,3.0,3.0,Champions
16367,United Kingdom,2010-11-21 13:23:00,2011-11-02 13:13:00,3.0,1350.48,37.0,3.0,3.0,3.0,Champions
16368,United Kingdom,2010-09-30 11:30:00,2011-12-07 13:12:00,3.0,621.44,2.0,4.0,3.0,2.0,Loyal
16369,United Kingdom,2010-04-07 16:52:00,2011-11-21 16:25:00,7.0,2654.48,18.0,4.0,4.0,4.0,Champions
16370,United Kingdom,2011-04-28 16:40:00,2011-09-18 15:55:00,4.0,1301.91,82.0,3.0,3.0,3.0,Champions
16371,United Kingdom,2010-09-17 12:09:00,2010-09-17 12:09:00,1.0,157.2,449.0,1.0,1.0,1.0,Hibernating
16372,United Kingdom,2010-04-11 15:20:00,2011-11-06 13:08:00,5.0,1290.31,33.0,3.0,3.0,3.0,Champions
16373,United Kingdom,2010-10-24 13:10:00,2010-11-22 15:50:00,2.0,309.49,382.0,1.0,2.0,1.0,At Risk
16374,United Kingdom,2010-04-30 13:10:00,2011-10-04 15:21:00,5.0,1709.55,66.0,3.0,3.0,3.0,Champions
16375,United Kingdom,2010-08-26 14:12:00,2010-08-26 14:25:00,2.0,104.0,470.0,1.0,2.0,1.0,At Risk
16376,United Kingdom,2011-11-22 16:47:00,2011-12-01 11:38:00,2.0,974.96,9.0,4.0,2.0,3.0,Recent / Promising
16377,United Kingdom,2010-04-01 10:36:00,2011-03-17 15:41:00,2.0,1308.48,267.0,2.0,2.0,3.0,Hibernating
16378,United Kingdom,2011-02-02 12:42:00,2011-04-06 15:07:00,3.0,362.95,247.0,2.0,3.0,2.0,Loyal
16379,United Kingdom,2011-09-22 09:33:00,2011-12-05 15:38:00,4.0,2157.4,4.0,4.0,3.0,3.0,Champions
16380,United Kingdom,2011-10-09 15:40:00,2011-10-09 15:40:00,1.0,1743.15,61.0,3.0,1.0,3.0,Recent / Promising
16381,United Kingdom,2010-10-17 13:06:00,2010-11-09 09:56:00,2.0,247.85,396.0,1.0,2.0,1.0,At Risk
16382,United Kingdom,2010-06-07 12:42:00,2010-10-27 16:23:00,2.0,353.1,408.0,1.0,2.0,2.0,At Risk
16383,United Kingdom,2010-02-04 13:18:00,2011-09-26 12:45:00,7.0,2887.99,75.0,3.0,4.0,4.0,Champions
16384,United Kingdom,2010-04-28 14:01:00,2011-09-11 11:19:00,4.0,1358.95,90.0,3.0,3.0,3.0,Champions
16385,United Kingdom,2010-03-18 12:45:00,2011-10-10 13:12:00,5.0,881.35,60.0,3.0,3.0,3.0,Champions
16386,United Kingdom,2010-11-17 11:19:00,2011-11-11 12:28:00,3.0,1068.16,29.0,3.0,3.0,3.0,Champions
16387,United Kingdom,2010-03-11 12:22:00,2011-01-21 11:34:00,5.0,882.46,323.0,2.0,3.0,3.0,Loyal
16388,United Kingdom,2010-02-24 10:20:00,2010-02-24 10:20:00,1.0,186.05,654.0,1.0,1.0,1.0,Hibernating
16389,United Kingdom,2011-03-01 15:47:00,2011-10-17 14:41:00,4.0,1382.07,53.0,3.0,3.0,3.0,Champions
16390,United Kingdom,2010-01-29 15:25:00,2010-06-21 10:11:00,3.0,467.5,537.0,1.0,3.0,2.0,Loyal
16391,United Kingdom,2010-05-27 11:27:00,2010-11-04 12:27:00,4.0,1048.86,401.0,1.0,3.0,3.0,Loyal
16392,United Kingdom,2010-05-27 11:17:00,2011-03-15 12:11:00,3.0,755.45,270.0,2.0,3.0,2.0,Loyal
16393,United Kingdom,2009-12-01 12:13:00,2011-12-07 12:51:00,23.0,5297.77,2.0,4.0,4.0,4.0,Champions
16394,United Kingdom,2011-02-23 10:58:00,2011-10-14 09:48:00,5.0,1555.34,57.0,3.0,3.0,3.0,Champions
16395,United Kingdom,2009-12-06 12:26:00,2011-10-10 12:50:00,14.0,3517.56,61.0,3.0,4.0,4.0,Champions
16396,United Kingdom,2010-08-20 14:17:00,2010-08-20 14:17:00,1.0,137.8,476.0,1.0,1.0,1.0,Hibernating
16397,United Kingdom,2010-03-21 15:36:00,2010-03-21 15:36:00,1.0,123.13,628.0,1.0,1.0,1.0,Hibernating
16398,United Kingdom,2011-03-31 09:38:00,2011-07-08 15:16:00,2.0,1705.8,154.0,2.0,2.0,3.0,Hibernating
16399,United Kingdom,2010-11-15 15:03:00,2011-11-20 16:12:00,3.0,628.42,19.0,4.0,3.0,2.0,Loyal
16400,United Kingdom,2009-12-08 12:38:00,2011-09-06 12:27:00,9.0,3059.85,95.0,3.0,4.0,4.0,Champions
16401,United Kingdom,2010-06-02 13:13:00,2011-12-08 18:15:00,23.0,6847.45,1.0,4.0,4.0,4.0,Champions
16402,United Kingdom,2010-12-05 13:42:00,2011-03-20 12:25:00,2.0,293.45,265.0,2.0,2.0,1.0,Hibernating
16403,United Kingdom,2011-01-31 13:39:00,2011-01-31 13:39:00,1.0,177.5,312.0,2.0,1.0,1.0,Hibernating
16404,United Kingdom,2011-09-30 14:55:00,2011-09-30 14:55:00,1.0,443.05,70.0,3.0,1.0,2.0,Recent / Promising
16405,United Kingdom,2011-02-02 17:08:00,2011-02-10 15:24:00,2.0,167.25,302.0,2.0,2.0,1.0,Hibernating
16406,United Kingdom,2010-02-24 11:51:00,2011-11-21 11:57:00,3.0,528.36,19.0,4.0,3.0,2.0,Loyal
16407,United Kingdom,2010-10-03 13:56:00,2011-11-27 11:05:00,14.0,2761.65,13.0,4.0,4.0,4.0,Champions
16408,United Kingdom,2010-04-27 14:08:00,2010-04-27 14:08:00,1.0,231.93,591.0,1.0,1.0,1.0,Hibernating
16409,United Kingdom,2009-12-13 15:38:00,2011-11-03 16:45:00,12.0,5652.74,36.0,3.0,4.0,4.0,Champions
16410,United Kingdom,2009-12-05 14:51:00,2009-12-05 14:51:00,1.0,130.32,734.0,1.0,1.0,1.0,Hibernating
16411,United Kingdom,2010-10-07 15:09:00,2011-11-20 13:23:00,4.0,756.39,19.0,4.0,3.0,2.0,Loyal
16412,United Kingdom,2010-02-04 13:46:00,2011-10-17 12:35:00,5.0,593.19,54.0,3.0,3.0,2.0,Loyal
16413,United Kingdom,2010-11-29 12:49:00,2011-10-14 12:08:00,2.0,522.03,57.0,3.0,2.0,2.0,Recent / Promising
16414,United Kingdom,2010-01-14 10:21:00,2011-11-18 09:42:00,5.0,551.21,22.0,4.0,3.0,2.0,Loyal
16415,United Kingdom,2010-02-01 12:30:00,2011-10-26 13:35:00,3.0,696.76,44.0,3.0,3.0,2.0,Loyal
16416,United Kingdom,2010-02-23 12:00:00,2011-11-13 12:50:00,9.0,2957.88,27.0,3.0,4.0,4.0,Champions
16417,United Kingdom,2010-08-04 09:08:00,2010-08-04 09:08:00,1.0,35.7,493.0,1.0,1.0,1.0,Hibernating
16418,United Kingdom,2010-10-13 12:31:00,2011-10-26 12:39:00,5.0,1028.74,45.0,3.0,3.0,3.0,Champions
16419,United Kingdom,2010-02-09 13:26:00,2011-08-19 12:33:00,8.0,1463.7,113.0,2.0,4.0,3.0,Loyal
16420,United Kingdom,2010-11-08 15:15:00,2010-11-08 15:15:00,1.0,75.0,396.0,1.0,1.0,1.0,Hibernating
16421,United Kingdom,2010-08-27 12:02:00,2010-11-28 13:31:00,3.0,526.27,376.0,2.0,3.0,2.0,Loyal
16422,United Kingdom,2010-01-12 11:57:00,2011-11-22 14:00:00,107.0,61656.42,17.0,4.0,4.0,4.0,Champions
16423,United Kingdom,2011-11-15 09:21:00,2011-11-15 09:21:00,1.0,346.12,25.0,4.0,1.0,2.0,Recent / Promising
16424,United Kingdom,2010-11-22 11:24:00,2011-06-01 13:40:00,2.0,443.06,191.0,2.0,2.0,2.0,Hibernating
16425,United Kingdom,2011-02-10 14:30:00,2011-02-10 14:30:00,1.0,302.7,302.0,2.0,1.0,1.0,Hibernating
16426,United Kingdom,2011-03-08 15:45:00,2011-12-07 14:01:00,10.0,1863.76,2.0,4.0,4.0,3.0,Champions
16427,United Kingdom,2011-02-28 15:18:00,2011-03-21 17:10:00,2.0,241.06,263.0,2.0,2.0,1.0,Hibernating
16428,United Kingdom,2010-07-30 12:10:00,2010-10-22 12:22:00,3.0,638.49,414.0,1.0,3.0,2.0,Loyal
16429,United Kingdom,2011-08-25 13:54:00,2011-08-25 13:54:00,1.0,284.55,106.0,2.0,1.0,1.0,Hibernating
16430,United Kingdom,2010-01-27 12:45:00,2011-10-13 14:47:00,6.0,1102.94,57.0,3.0,3.0,3.0,Champions
16431,United Kingdom,2011-02-15 14:02:00,2011-05-10 14:09:00,3.0,623.28,213.0,2.0,3.0,2.0,Loyal
16432,United Kingdom,2011-10-06 13:59:00,2011-10-06 13:59:00,1.0,287.4,64.0,3.0,1.0,1.0,Recent / Promising
16433,United Kingdom,2010-10-27 12:26:00,2011-11-11 14:09:00,2.0,384.52,28.0,3.0,2.0,2.0,Recent / Promising
16434,United Kingdom,2010-01-17 14:51:00,2011-11-10 14:28:00,12.0,2673.69,29.0,3.0,4.0,4.0,Champions
16435,United Kingdom,2010-07-13 13:29:00,2010-07-15 18:22:00,3.0,1003.07,512.0,1.0,3.0,3.0,Loyal
16436,United Kingdom,2009-12-06 16:02:00,2010-02-09 13:19:00,3.0,319.14,668.0,1.0,3.0,1.0,Loyal
16437,United Kingdom,2010-10-06 12:34:00,2010-11-23 16:59:00,2.0,301.25,381.0,1.0,2.0,1.0,At Risk
16438,United Kingdom,2011-09-18 13:31:00,2011-12-04 10:51:00,5.0,798.35,6.0,4.0,3.0,2.0,Loyal
16439,United Kingdom,2009-12-17 14:22:00,2009-12-17 14:22:00,1.0,310.7,722.0,1.0,1.0,1.0,Hibernating
16440,United Kingdom,2010-08-03 11:32:00,2011-12-02 12:02:00,6.0,3856.97,8.0,4.0,3.0,4.0,Champions
16441,United Kingdom,2010-03-22 18:00:00,2011-10-03 17:48:00,5.0,1013.18,67.0,3.0,3.0,3.0,Champions
16442,United Kingdom,2009-12-13 11:05:00,2011-12-08 11:43:00,5.0,891.98,2.0,4.0,3.0,3.0,Champions
16443,United Kingdom,2010-07-07 11:57:00,2010-07-07 11:57:00,1.0,162.24,521.0,1.0,1.0,1.0,Hibernating
16444,United Kingdom,2010-03-24 14:06:00,2011-10-24 13:50:00,17.0,3625.88,46.0,3.0,4.0,4.0,Champions
16445,United Kingdom,2010-10-24 12:39:00,2011-11-06 12:32:00,4.0,583.16,34.0,3.0,3.0,2.0,Loyal
16446,United Kingdom,2011-05-18 09:52:00,2011-05-18 09:52:00,1.0,2.9,206.0,2.0,1.0,1.0,Hibernating
16447,United Kingdom,2010-02-17 14:09:00,2011-07-27 12:45:00,3.0,727.1,136.0,2.0,3.0,2.0,Loyal
16448,United Kingdom,2010-08-25 16:58:00,2011-05-25 16:28:00,2.0,361.12,198.0,2.0,2.0,2.0,Hibernating
16449,United Kingdom,2011-03-04 12:15:00,2011-05-26 10:25:00,2.0,707.69,198.0,2.0,2.0,2.0,Hibernating
16450,United Kingdom,2010-02-21 15:46:00,2011-07-13 11:47:00,3.0,1505.73,150.0,2.0,3.0,3.0,Loyal
16451,United Kingdom,2009-12-04 15:11:00,2011-09-13 09:17:00,3.0,1013.15,88.0,3.0,3.0,3.0,Champions
16452,United Kingdom,2010-01-15 12:22:00,2010-03-19 12:39:00,2.0,332.17,631.0,1.0,2.0,1.0,At Risk
16453,United Kingdom,2010-06-09 13:15:00,2010-06-27 12:46:00,2.0,251.71,531.0,1.0,2.0,1.0,At Risk
16454,United Kingdom,2010-04-07 15:54:00,2011-10-06 16:57:00,2.0,7.45,64.0,3.0,2.0,1.0,Recent / Promising
16455,United Kingdom,2010-03-30 10:31:00,2011-10-07 12:17:00,11.0,3995.57,64.0,3.0,4.0,4.0,Champions
16456,United Kingdom,2010-03-29 11:16:00,2011-09-01 13:50:00,13.0,6000.94,99.0,2.0,4.0,4.0,Loyal
16457,United Kingdom,2011-05-05 13:19:00,2011-05-05 13:19:00,1.0,208.36,218.0,2.0,1.0,1.0,Hibernating
16458,United Kingdom,2010-05-26 14:38:00,2011-12-07 09:34:00,30.0,5690.89,3.0,4.0,4.0,4.0,Champions
16459,United Kingdom,2009-12-10 12:42:00,2009-12-10 12:42:00,1.0,71.79,730.0,1.0,1.0,1.0,Hibernating
16460,United Kingdom,2011-09-19 10:15:00,2011-11-11 13:46:00,3.0,811.23,28.0,3.0,3.0,2.0,Loyal
16461,United Kingdom,2010-03-03 13:57:00,2011-06-15 12:07:00,3.0,1539.83,178.0,2.0,3.0,3.0,Loyal
16462,United Kingdom,2011-03-01 08:58:00,2011-09-27 10:24:00,3.0,136.0,74.0,3.0,3.0,1.0,Loyal
16463,United Kingdom,2011-05-19 14:45:00,2011-11-18 14:01:00,4.0,1422.4,21.0,4.0,3.0,3.0,Champions
16464,United Kingdom,2011-07-20 13:53:00,2011-11-20 12:11:00,3.0,1298.66,20.0,4.0,3.0,3.0,Champions
16465,United Kingdom,2010-09-21 10:46:00,2010-10-15 09:27:00,2.0,746.24,421.0,1.0,2.0,2.0,At Risk
16466,United Kingdom,2010-03-07 14:31:00,2011-11-06 11:35:00,15.0,3767.09,34.0,3.0,4.0,4.0,Champions
16467,United Kingdom,2009-12-02 11:59:00,2010-07-19 11:49:00,7.0,2869.16,509.0,1.0,4.0,4.0,Loyal
16468,United Kingdom,2010-08-15 13:10:00,2011-09-26 14:13:00,3.0,787.52,74.0,3.0,3.0,2.0,Loyal
16469,United Kingdom,2010-07-13 13:17:00,2011-11-16 12:25:00,5.0,803.9,24.0,4.0,3.0,2.0,Loyal
16470,United Kingdom,2009-12-11 12:21:00,2011-10-19 12:11:00,11.0,2416.85,52.0,3.0,4.0,4.0,Champions
16471,United Kingdom,2010-02-25 10:07:00,2011-03-10 09:41:00,4.0,1189.98,275.0,2.0,3.0,3.0,Loyal
16472,United Kingdom,2010-04-21 11:48:00,2010-10-01 13:56:00,2.0,789.6,434.0,1.0,2.0,2.0,At Risk
16473,United Kingdom,2010-11-30 16:29:00,2011-06-28 09:10:00,4.0,470.83,165.0,2.0,3.0,2.0,Loyal
16474,United Kingdom,2011-07-17 14:51:00,2011-12-02 13:02:00,7.0,1810.49,7.0,4.0,4.0,3.0,Champions
16475,United Kingdom,2011-03-11 09:39:00,2011-09-12 14:37:00,4.0,544.3,88.0,3.0,3.0,2.0,Loyal
16476,United Kingdom,2010-10-04 10:29:00,2010-10-04 10:29:00,1.0,350.35,432.0,1.0,1.0,2.0,Hibernating
16477,United Kingdom,2010-08-12 09:43:00,2011-10-07 09:44:00,11.0,4094.37,64.0,3.0,4.0,4.0,Champions
16478,United Kingdom,2011-10-05 12:02:00,2011-11-14 15:51:00,3.0,331.0,25.0,4.0,3.0,1.0,Loyal
16479,United Kingdom,2011-11-29 13:04:00,2011-11-29 13:40:00,2.0,300.83,10.0,4.0,2.0,1.0,Recent / Promising
16480,United Kingdom,2011-09-25 11:40:00,2011-09-25 11:40:00,1.0,769.29,76.0,3.0,1.0,2.0,Recent / Promising
16481,United Kingdom,2010-01-26 13:09:00,2010-01-26 13:09:00,1.0,453.38,682.0,1.0,1.0,2.0,Hibernating
16482,United Kingdom,2011-11-24 12:33:00,2011-11-24 12:33:00,1.0,220.62,16.0,4.0,1.0,1.0,Recent / Promising
16483,United Kingdom,2011-05-31 13:08:00,2011-05-31 13:08:00,1.0,139.35,192.0,2.0,1.0,1.0,Hibernating
16484,United Kingdom,2011-06-02 10:39:00,2011-06-19 12:06:00,2.0,404.3,174.0,2.0,2.0,2.0,Hibernating
16485,United Kingdom,2009-12-06 12:28:00,2011-09-23 15:50:00,5.0,2287.19,77.0,3.0,3.0,4.0,Champions
16486,United Kingdom,2010-06-20 12:16:00,2010-06-20 12:16:00,1.0,134.36,538.0,1.0,1.0,1.0,Hibernating
16487,United Kingdom,2010-02-18 17:36:00,2010-05-11 13:38:00,2.0,209.4,577.0,1.0,2.0,1.0,At Risk
16488,United Kingdom,2011-07-14 11:46:00,2011-11-06 13:42:00,3.0,498.8,33.0,3.0,3.0,2.0,Loyal
16489,United Kingdom,2010-09-29 15:02:00,2010-11-24 14:40:00,2.0,303.7,380.0,1.0,2.0,1.0,At Risk
16490,United Kingdom,2010-09-29 16:30:00,2010-09-29 16:30:00,1.0,205.41,436.0,1.0,1.0,1.0,Hibernating
16491,United Kingdom,2010-10-22 15:42:00,2011-10-24 10:18:00,2.0,1533.16,47.0,3.0,2.0,3.0,Recent / Promising
16492,United Kingdom,2010-06-17 08:20:00,2010-06-17 08:20:00,1.0,385.56,541.0,1.0,1.0,2.0,Hibernating
16493,United Kingdom,2010-03-26 13:05:00,2011-09-21 11:10:00,7.0,2132.09,80.0,3.0,4.0,3.0,Champions
16494,United Kingdom,2011-02-16 12:49:00,2011-02-16 12:49:00,1.0,826.53,297.0,2.0,1.0,2.0,Hibernating
16495,United Kingdom,2011-03-08 16:38:00,2011-12-06 13:20:00,3.0,648.26,3.0,4.0,3.0,2.0,Loyal
16496,United Kingdom,2010-07-18 13:42:00,2011-12-01 10:31:00,6.0,2330.77,9.0,4.0,3.0,4.0,Champions
16497,United Kingdom,2009-12-03 14:11:00,2011-10-21 10:55:00,23.0,6695.28,50.0,3.0,4.0,4.0,Champions
16498,United Kingdom,2011-06-30 19:52:00,2011-07-01 15:07:00,2.0,100.97,161.0,2.0,2.0,1.0,Hibernating
16499,United Kingdom,2010-06-11 12:22:00,2010-12-14 13:31:00,8.0,2578.34,360.0,2.0,4.0,4.0,Loyal
16500,United Kingdom,2010-06-14 14:54:00,2011-12-05 12:04:00,9.0,843.91,5.0,4.0,4.0,2.0,Loyal
16501,United Kingdom,2010-11-21 14:10:00,2010-11-21 14:10:00,1.0,1191.23,383.0,1.0,1.0,3.0,Hibernating
16502,United Kingdom,2010-03-29 13:39:00,2010-03-29 13:44:00,2.0,258.55,620.0,1.0,2.0,1.0,At Risk
16503,United Kingdom,2010-06-21 14:07:00,2011-08-25 11:46:00,11.0,3614.34,107.0,2.0,4.0,4.0,Loyal
16504,United Kingdom,2011-11-14 15:18:00,2011-11-14 15:18:00,1.0,465.88,25.0,4.0,1.0,2.0,Recent / Promising
16505,United Kingdom,2011-11-08 12:14:00,2011-11-08 12:14:00,1.0,777.6,32.0,3.0,1.0,2.0,Recent / Promising
16506,United Kingdom,2011-10-30 15:50:00,2011-11-20 12:17:00,2.0,90.3,20.0,4.0,2.0,1.0,Recent / Promising
16507,United Kingdom,2010-05-16 12:56:00,2010-05-16 12:56:00,1.0,142.71,572.0,1.0,1.0,1.0,Hibernating
16508,United Kingdom,2010-03-19 13:41:00,2010-03-19 13:41:00,1.0,240.95,630.0,1.0,1.0,1.0,Hibernating
16509,United Kingdom,2011-02-16 09:25:00,2011-02-16 09:25:00,1.0,363.7,297.0,2.0,1.0,2.0,Hibernating
16510,United Kingdom,2010-01-17 12:30:00,2010-12-02 13:39:00,6.0,1757.25,372.0,2.0,3.0,3.0,Loyal
16511,United Kingdom,2010-03-01 12:21:00,2011-11-18 10:41:00,6.0,1758.49,22.0,4.0,3.0,3.0,Champions
16513,United Kingdom,2011-10-27 14:56:00,2011-12-05 10:18:00,4.0,874.59,5.0,4.0,3.0,3.0,Champions
16515,United Kingdom,2010-06-17 12:17:00,2011-10-18 13:10:00,10.0,3179.06,52.0,3.0,4.0,4.0,Champions
16516,United Kingdom,2011-11-09 14:59:00,2011-11-09 14:59:00,1.0,101.7,30.0,3.0,1.0,1.0,Recent / Promising
16517,United Kingdom,2011-03-07 13:50:00,2011-03-07 13:50:00,1.0,162.7,277.0,2.0,1.0,1.0,Hibernating
16518,United Kingdom,2010-06-01 13:31:00,2011-10-09 15:04:00,4.0,959.37,61.0,3.0,3.0,3.0,Champions
16519,United Kingdom,2010-03-01 13:51:00,2011-11-14 15:41:00,4.0,436.96,25.0,4.0,3.0,2.0,Loyal
16520,United Kingdom,2010-03-02 16:50:00,2011-06-06 13:24:00,6.0,2148.38,186.0,2.0,3.0,3.0,Loyal
16521,United Kingdom,2010-03-01 13:22:00,2010-10-20 13:09:00,3.0,1136.36,415.0,1.0,3.0,3.0,Loyal
16522,United Kingdom,2010-09-15 13:32:00,2010-09-30 10:54:00,2.0,433.36,436.0,1.0,2.0,2.0,At Risk
16523,United Kingdom,2010-01-24 13:14:00,2011-12-08 09:06:00,28.0,11916.33,2.0,4.0,4.0,4.0,Champions
16524,United Kingdom,2010-01-17 13:16:00,2010-09-19 13:37:00,2.0,306.19,446.0,1.0,2.0,1.0,At Risk
16525,United Kingdom,2009-12-02 13:53:00,2011-12-07 15:07:00,48.0,24151.3,2.0,4.0,4.0,4.0,Champions
16526,United Kingdom,2010-05-04 16:34:00,2011-06-21 12:02:00,2.0,717.21,172.0,2.0,2.0,2.0,Hibernating
16527,United Kingdom,2010-10-11 13:25:00,2011-09-19 16:21:00,2.0,1232.94,81.0,3.0,2.0,3.0,Recent / Promising
16528,United Kingdom,2011-12-06 12:45:00,2011-12-06 12:45:00,1.0,244.41,4.0,4.0,1.0,1.0,Recent / Promising
16529,United Kingdom,2010-06-27 13:29:00,2011-06-02 17:23:00,4.0,1986.8,190.0,2.0,3.0,3.0,Loyal
16530,United Kingdom,2010-02-09 15:30:00,2010-02-09 15:30:00,1.0,48.35,668.0,1.0,1.0,1.0,Hibernating
16531,United Kingdom,2010-09-24 09:49:00,2011-11-17 16:29:00,11.0,2298.33,22.0,4.0,4.0,4.0,Champions
16532,United Kingdom,2010-03-29 10:26:00,2011-11-22 11:08:00,5.0,8756.64,18.0,4.0,3.0,4.0,Champions
16533,United Kingdom,2011-10-02 15:07:00,2011-11-20 13:08:00,3.0,1082.81,19.0,4.0,3.0,3.0,Champions
16534,United Kingdom,2010-03-07 15:47:00,2010-03-07 15:47:00,1.0,635.9,642.0,1.0,1.0,2.0,Hibernating
16535,United Kingdom,2010-11-19 13:01:00,2011-12-04 15:18:00,2.0,952.04,5.0,4.0,2.0,3.0,Recent / Promising
16536,United Kingdom,2011-08-21 15:54:00,2011-08-21 15:54:00,1.0,548.12,110.0,2.0,1.0,2.0,Hibernating
16537,United Kingdom,2010-03-08 13:41:00,2010-03-08 13:41:00,1.0,10.55,641.0,1.0,1.0,1.0,Hibernating
16538,United Kingdom,2010-04-23 16:25:00,2010-06-16 16:59:00,3.0,395.07,541.0,1.0,3.0,2.0,Loyal
16539,United Kingdom,2010-06-25 15:24:00,2011-12-07 08:41:00,10.0,3289.66,3.0,4.0,4.0,4.0,Champions
16540,United Kingdom,2010-10-21 17:22:00,2010-10-21 17:22:00,1.0,205.75,414.0,1.0,1.0,1.0,Hibernating
16541,United Kingdom,2009-12-04 13:22:00,2009-12-04 13:22:00,1.0,424.03,735.0,1.0,1.0,2.0,Hibernating
16542,United Kingdom,2010-11-03 14:44:00,2011-10-17 10:47:00,2.0,257.32,54.0,3.0,2.0,1.0,Recent / Promising
16543,United Kingdom,2010-04-27 11:38:00,2010-04-27 11:38:00,1.0,292.21,592.0,1.0,1.0,1.0,Hibernating
16544,United Kingdom,2010-02-15 13:20:00,2010-07-08 11:11:00,4.0,376.7,520.0,1.0,3.0,2.0,Loyal
16545,United Kingdom,2010-11-29 10:39:00,2011-06-28 10:37:00,2.0,689.82,165.0,2.0,2.0,2.0,Hibernating
16546,United Kingdom,2010-09-23 15:43:00,2011-02-22 11:20:00,5.0,5307.07,291.0,2.0,3.0,4.0,Loyal
16547,United Kingdom,2010-06-11 13:02:00,2010-06-11 13:02:00,1.0,104.26,546.0,1.0,1.0,1.0,Hibernating
16548,United Kingdom,2010-04-19 16:15:00,2010-04-19 16:15:00,1.0,30.15,599.0,1.0,1.0,1.0,Hibernating
16549,United Kingdom,2010-03-28 15:45:00,2011-11-29 15:06:00,34.0,12781.8,10.0,4.0,4.0,4.0,Champions
16550,United Kingdom,2009-12-02 11:24:00,2011-08-23 11:12:00,18.0,8807.68,109.0,2.0,4.0,4.0,Loyal
16551,United Kingdom,2009-12-13 16:12:00,2011-09-05 09:38:00,7.0,2237.12,96.0,2.0,4.0,3.0,Loyal
16552,United Kingdom,2010-12-01 12:36:00,2011-04-11 10:04:00,2.0,379.73,243.0,2.0,2.0,2.0,Hibernating
16553,United Kingdom,2010-02-11 18:46:00,2011-06-29 15:42:00,33.0,16584.01,163.0,2.0,4.0,4.0,Loyal
16554,United Kingdom,2009-12-15 09:42:00,2011-10-28 14:51:00,8.0,2841.72,42.0,3.0,4.0,4.0,Champions
16555,United Kingdom,2010-07-22 13:39:00,2011-11-04 14:31:00,6.0,1915.68,35.0,3.0,3.0,3.0,Champions
16556,United Kingdom,2009-12-07 10:51:00,2011-10-04 11:36:00,17.0,8012.58,67.0,3.0,4.0,4.0,Champions
16557,United Kingdom,2011-07-25 13:28:00,2011-11-15 14:04:00,2.0,281.85,24.0,4.0,2.0,1.0,Recent / Promising
16558,United Kingdom,2009-12-03 18:11:00,2011-12-09 10:20:00,38.0,13304.11,1.0,4.0,4.0,4.0,Champions
16559,United Kingdom,2010-11-07 13:52:00,2010-11-07 13:52:00,1.0,175.0,397.0,1.0,1.0,1.0,Hibernating
16560,United Kingdom,2009-12-08 12:05:00,2011-11-13 10:35:00,8.0,3048.38,27.0,3.0,4.0,4.0,Champions
16561,United Kingdom,2011-10-11 09:53:00,2011-12-04 11:50:00,2.0,511.12,6.0,4.0,2.0,2.0,Recent / Promising
16562,United Kingdom,2010-08-20 11:45:00,2010-08-20 11:45:00,1.0,223.86,477.0,1.0,1.0,1.0,Hibernating
16563,United Kingdom,2009-12-01 18:35:00,2011-10-17 11:51:00,6.0,4412.56,54.0,3.0,3.0,4.0,Champions
16564,United Kingdom,2010-05-19 14:41:00,2010-05-19 14:41:00,1.0,87.8,569.0,1.0,1.0,1.0,Hibernating
16565,United Kingdom,2010-06-02 12:47:00,2010-12-10 15:21:00,4.0,773.05,364.0,2.0,3.0,2.0,Loyal
16566,United Kingdom,2011-02-20 10:29:00,2011-11-24 16:34:00,5.0,614.66,15.0,4.0,3.0,2.0,Loyal
16567,United Kingdom,2011-01-07 09:31:00,2011-05-29 13:57:00,2.0,865.6,194.0,2.0,2.0,3.0,Hibernating
16568,United Kingdom,2010-03-08 14:51:00,2010-10-08 10:54:00,2.0,1020.9,428.0,1.0,2.0,3.0,At Risk
16569,United Kingdom,2009-12-16 15:05:00,2011-12-06 15:32:00,5.0,1455.23,3.0,4.0,3.0,3.0,Champions
16570,United Kingdom,2010-03-30 09:32:00,2011-11-24 17:02:00,20.0,7434.31,15.0,4.0,4.0,4.0,Champions
16571,United Kingdom,2010-03-18 09:12:00,2011-11-13 11:46:00,10.0,4248.74,27.0,3.0,4.0,4.0,Champions
16572,United Kingdom,2011-03-09 12:04:00,2011-08-04 16:34:00,3.0,1009.6,127.0,2.0,3.0,3.0,Loyal
16573,United Kingdom,2011-02-22 15:14:00,2011-09-16 09:13:00,2.0,663.61,85.0,3.0,2.0,2.0,Recent / Promising
16574,United Kingdom,2010-02-19 11:46:00,2011-09-29 13:39:00,3.0,1301.78,71.0,3.0,3.0,3.0,Champions
16576,United Kingdom,2010-07-06 10:42:00,2010-10-15 13:37:00,2.0,540.87,420.0,1.0,2.0,2.0,At Risk
16577,United Kingdom,2010-02-11 09:45:00,2010-02-11 09:45:00,1.0,380.0,667.0,1.0,1.0,2.0,Hibernating
16578,United Kingdom,2010-03-23 15:11:00,2010-03-23 15:11:00,1.0,156.6,626.0,1.0,1.0,1.0,Hibernating
16579,United Kingdom,2010-10-10 11:58:00,2010-10-10 11:58:00,1.0,295.05,426.0,1.0,1.0,1.0,Hibernating
16581,United Kingdom,2011-06-10 10:05:00,2011-06-10 10:05:00,1.0,105.84,183.0,2.0,1.0,1.0,Hibernating
16582,United Kingdom,2011-08-18 17:02:00,2011-08-18 17:02:00,1.0,313.62,113.0,2.0,1.0,1.0,Hibernating
16583,United Kingdom,2010-02-04 12:18:00,2010-12-01 12:03:00,2.0,297.95,374.0,2.0,2.0,1.0,Hibernating
16584,United Kingdom,2010-02-16 10:41:00,2011-09-20 13:45:00,5.0,3156.17,80.0,3.0,3.0,4.0,Champions
16585,United Kingdom,2010-01-13 13:31:00,2010-04-25 10:34:00,2.0,341.59,594.0,1.0,2.0,2.0,At Risk
16586,United Kingdom,2010-03-14 11:24:00,2011-04-05 09:32:00,3.0,1462.78,249.0,2.0,3.0,3.0,Loyal
16587,United Kingdom,2011-04-21 15:51:00,2011-04-21 15:51:00,1.0,225.15,232.0,2.0,1.0,1.0,Hibernating
16588,United Kingdom,2010-05-14 13:43:00,2010-11-18 17:56:00,4.0,1361.28,386.0,1.0,3.0,3.0,Loyal
16589,United Kingdom,2010-09-15 14:56:00,2011-09-29 14:50:00,4.0,612.36,71.0,3.0,3.0,2.0,Loyal
16590,United Kingdom,2010-10-21 12:09:00,2010-11-04 09:06:00,2.0,605.9,401.0,1.0,2.0,2.0,At Risk
16591,United Kingdom,2011-10-02 10:43:00,2011-10-02 10:43:00,1.0,213.5,69.0,3.0,1.0,1.0,Recent / Promising
16592,United Kingdom,2009-12-18 15:57:00,2011-12-05 13:49:00,28.0,7807.91,4.0,4.0,4.0,4.0,Champions
16593,United Kingdom,2009-12-05 10:44:00,2011-10-20 12:41:00,8.0,1071.14,51.0,3.0,4.0,3.0,Champions
16594,United Kingdom,2011-09-25 14:08:00,2011-09-25 14:08:00,1.0,181.09,75.0,3.0,1.0,1.0,Recent / Promising
16595,United Kingdom,2010-01-17 12:12:00,2011-10-09 13:15:00,5.0,1757.75,61.0,3.0,3.0,3.0,Champions
16596,United Kingdom,2009-12-10 13:09:00,2011-11-24 10:02:00,4.0,458.98,16.0,4.0,3.0,2.0,Loyal
16597,United Kingdom,2011-12-05 15:44:00,2011-12-05 15:44:00,1.0,90.04,4.0,4.0,1.0,1.0,Recent / Promising
16598,United Kingdom,2011-02-27 11:42:00,2011-02-27 11:42:00,1.0,145.05,286.0,2.0,1.0,1.0,Hibernating
16599,United Kingdom,2010-11-19 12:45:00,2010-11-19 12:45:00,1.0,172.8,386.0,1.0,1.0,1.0,Hibernating
16600,United Kingdom,2009-12-18 12:59:00,2011-12-05 16:00:00,13.0,2153.41,4.0,4.0,4.0,3.0,Champions
16601,United Kingdom,2010-03-26 13:39:00,2011-10-30 11:09:00,3.0,675.83,41.0,3.0,3.0,2.0,Loyal
16602,United Kingdom,2010-11-16 09:13:00,2011-11-03 15:54:00,2.0,763.33,36.0,3.0,2.0,2.0,Recent / Promising
16603,United Kingdom,2011-09-09 13:02:00,2011-09-26 10:06:00,2.0,482.47,75.0,3.0,2.0,2.0,Recent / Promising
16604,United Kingdom,2010-05-20 16:34:00,2010-05-26 09:10:00,2.0,432.45,563.0,1.0,2.0,2.0,At Risk
16605,United Kingdom,2009-12-15 19:03:00,2009-12-15 19:03:00,1.0,60.48,724.0,1.0,1.0,1.0,Hibernating
16606,United Kingdom,2010-10-01 13:21:00,2010-10-31 13:57:00,2.0,357.66,404.0,1.0,2.0,2.0,At Risk
16607,United Kingdom,2010-04-29 14:01:00,2011-11-22 10:24:00,25.0,5706.87,18.0,4.0,4.0,4.0,Champions
16608,United Kingdom,2010-02-14 11:57:00,2010-09-12 11:44:00,2.0,1286.62,454.0,1.0,2.0,3.0,At Risk
16609,United Kingdom,2011-04-01 10:11:00,2011-11-24 13:32:00,7.0,5493.46,15.0,4.0,4.0,4.0,Champions
16610,United Kingdom,2011-05-04 13:13:00,2011-05-04 13:13:00,1.0,75.66,219.0,2.0,1.0,1.0,Hibernating
16611,United Kingdom,2010-03-10 16:07:00,2011-06-06 15:46:00,6.0,1785.13,186.0,2.0,3.0,3.0,Loyal
16612,United Kingdom,2009-12-03 15:54:00,2011-11-07 07:38:00,9.0,3245.43,33.0,3.0,4.0,4.0,Champions
16613,United Kingdom,2011-09-30 15:52:00,2011-09-30 15:52:00,1.0,618.59,70.0,3.0,1.0,2.0,Recent / Promising
16614,United Kingdom,2010-05-10 15:18:00,2011-06-10 11:36:00,3.0,1179.79,183.0,2.0,3.0,3.0,Loyal
16615,United Kingdom,2010-03-23 15:13:00,2010-03-23 15:13:00,1.0,291.5,626.0,1.0,1.0,1.0,Hibernating
16616,United Kingdom,2011-07-05 13:38:00,2011-11-24 16:31:00,2.0,500.42,15.0,4.0,2.0,2.0,Recent / Promising
16617,United Kingdom,2011-04-18 10:35:00,2011-04-18 10:35:00,1.0,151.85,236.0,2.0,1.0,1.0,Hibernating
16618,United Kingdom,2011-01-21 11:55:00,2011-11-08 13:52:00,5.0,2647.59,31.0,3.0,3.0,4.0,Champions
16619,United Kingdom,2010-02-22 12:05:00,2011-03-21 08:18:00,4.0,1938.33,264.0,2.0,3.0,3.0,Loyal
16620,United Kingdom,2009-12-01 14:35:00,2011-12-06 12:19:00,6.0,1758.93,4.0,4.0,3.0,3.0,Champions
16621,United Kingdom,2011-03-07 11:32:00,2011-10-19 11:38:00,4.0,813.48,52.0,3.0,3.0,2.0,Loyal
16622,United Kingdom,2010-06-14 10:44:00,2010-06-14 10:44:00,1.0,225.4,544.0,1.0,1.0,1.0,Hibernating
16623,United Kingdom,2010-04-26 14:04:00,2011-04-08 10:09:00,4.0,1015.24,246.0,2.0,3.0,3.0,Loyal
16624,United Kingdom,2011-05-26 14:20:00,2011-09-20 12:39:00,2.0,810.57,81.0,3.0,2.0,2.0,Recent / Promising
16625,United Kingdom,2010-06-14 11:56:00,2011-03-10 12:50:00,5.0,1654.03,275.0,2.0,3.0,3.0,Loyal
16626,United Kingdom,2011-03-18 12:27:00,2011-12-09 11:56:00,17.0,4413.1,1.0,4.0,4.0,4.0,Champions
16627,United Kingdom,2011-09-21 14:38:00,2011-09-21 14:38:00,1.0,322.8,79.0,3.0,1.0,1.0,Recent / Promising
16628,United Kingdom,2010-03-08 12:24:00,2011-11-10 12:45:00,7.0,2318.1,30.0,3.0,4.0,4.0,Champions
16629,United Kingdom,2011-09-04 16:12:00,2011-09-27 10:34:00,2.0,408.63,74.0,3.0,2.0,2.0,Recent / Promising
16630,United Kingdom,2010-10-28 14:30:00,2010-10-28 14:30:00,1.0,106.8,407.0,1.0,1.0,1.0,Hibernating
16631,United Kingdom,2010-02-26 10:49:00,2010-08-15 11:20:00,7.0,1892.52,482.0,1.0,4.0,3.0,Loyal
16632,United Kingdom,2010-05-07 16:46:00,2010-08-11 11:39:00,2.0,406.4,486.0,1.0,2.0,2.0,At Risk
16633,United Kingdom,2011-04-19 14:36:00,2011-11-22 13:41:00,6.0,2883.1,17.0,4.0,3.0,4.0,Champions
16634,United Kingdom,2010-01-21 09:30:00,2011-05-01 12:09:00,6.0,1649.81,223.0,2.0,3.0,3.0,Loyal
16635,United Kingdom,2010-10-29 09:41:00,2010-10-29 09:41:00,1.0,473.0,407.0,1.0,1.0,2.0,Hibernating
16636,United Kingdom,2010-03-03 14:06:00,2010-09-27 13:13:00,4.0,3802.04,438.0,1.0,3.0,4.0,Loyal
16637,United Kingdom,2011-04-28 10:20:00,2011-11-07 13:17:00,4.0,1154.47,32.0,3.0,3.0,3.0,Champions
16638,United Kingdom,2010-08-18 13:33:00,2011-11-17 11:09:00,15.0,2380.13,23.0,4.0,4.0,4.0,Champions
16639,United Kingdom,2010-10-26 18:23:00,2011-11-08 13:20:00,4.0,1747.98,31.0,3.0,3.0,3.0,Champions
16640,United Kingdom,2010-11-07 10:48:00,2010-11-07 10:48:00,1.0,179.4,398.0,1.0,1.0,1.0,Hibernating
16641,United Kingdom,2010-01-07 12:22:00,2011-08-26 12:49:00,2.0,554.5,106.0,2.0,2.0,2.0,Hibernating
16642,United Kingdom,2010-10-20 14:22:00,2011-12-05 11:31:00,3.0,1077.45,5.0,4.0,3.0,3.0,Champions
16643,United Kingdom,2010-10-13 09:47:00,2011-04-08 08:24:00,2.0,923.11,246.0,2.0,2.0,3.0,Hibernating
16644,United Kingdom,2011-05-11 12:53:00,2011-06-15 12:39:00,2.0,833.78,178.0,2.0,2.0,2.0,Hibernating
16645,United Kingdom,2009-12-04 09:49:00,2009-12-04 09:49:00,1.0,160.39,736.0,1.0,1.0,1.0,Hibernating
16646,United Kingdom,2010-09-16 13:28:00,2010-09-16 13:28:00,1.0,678.8,449.0,1.0,1.0,2.0,Hibernating
16647,United Kingdom,2010-06-13 15:52:00,2011-06-23 11:47:00,4.0,541.9,170.0,2.0,3.0,2.0,Loyal
16648,United Kingdom,2010-04-28 14:58:00,2011-10-28 08:58:00,3.0,672.8,43.0,3.0,3.0,2.0,Loyal
16649,United Kingdom,2010-07-07 15:41:00,2010-07-07 15:41:00,1.0,306.58,520.0,1.0,1.0,1.0,Hibernating
16650,United Kingdom,2010-07-08 14:18:00,2011-09-29 09:51:00,7.0,1916.11,72.0,3.0,4.0,3.0,Champions
16651,United Kingdom,2010-05-02 11:46:00,2010-05-02 11:46:00,1.0,136.2,587.0,1.0,1.0,1.0,Hibernating
16652,United Kingdom,2010-03-17 10:22:00,2011-10-12 09:38:00,16.0,17550.39,59.0,3.0,4.0,4.0,Champions
16653,United Kingdom,2011-09-29 13:38:00,2011-11-23 14:51:00,2.0,1212.66,16.0,4.0,2.0,3.0,Recent / Promising
16654,United Kingdom,2010-04-06 13:29:00,2011-07-21 15:23:00,8.0,1484.07,141.0,2.0,4.0,3.0,Loyal
16655,United Kingdom,2010-01-31 15:40:00,2011-11-22 11:25:00,13.0,6423.26,18.0,4.0,4.0,4.0,Champions
16656,United Kingdom,2009-12-04 12:59:00,2011-11-17 14:43:00,30.0,16833.17,22.0,4.0,4.0,4.0,Champions
16657,United Kingdom,2011-03-30 12:02:00,2011-11-30 11:48:00,4.0,874.43,10.0,4.0,3.0,3.0,Champions
16658,United Kingdom,2010-03-30 16:24:00,2010-12-06 13:47:00,5.0,680.83,368.0,2.0,3.0,2.0,Loyal
16659,United Kingdom,2011-06-03 15:03:00,2011-06-03 15:03:00,1.0,39.12,189.0,2.0,1.0,1.0,Hibernating
16660,United Kingdom,2010-01-14 11:09:00,2011-11-23 14:53:00,7.0,1879.55,16.0,4.0,4.0,3.0,Champions
16661,United Kingdom,2009-12-17 15:39:00,2010-06-17 15:24:00,4.0,932.76,540.0,1.0,3.0,3.0,Loyal
16662,United Kingdom,2010-11-10 16:56:00,2010-11-10 16:56:00,1.0,151.05,394.0,1.0,1.0,1.0,Hibernating
16663,United Kingdom,2009-12-10 13:12:00,2009-12-10 13:12:00,1.0,165.0,729.0,1.0,1.0,1.0,Hibernating
16664,United Kingdom,2010-05-19 17:11:00,2010-05-19 17:11:00,1.0,109.2,569.0,1.0,1.0,1.0,Hibernating
16665,United Kingdom,2010-12-12 14:03:00,2010-12-12 14:03:00,1.0,135.4,362.0,2.0,1.0,1.0,Hibernating
16666,United Kingdom,2010-03-28 15:13:00,2011-11-20 14:01:00,2.0,217.71,19.0,4.0,2.0,1.0,Recent / Promising
16667,United Kingdom,2011-02-28 12:57:00,2011-10-02 15:26:00,2.0,567.18,68.0,3.0,2.0,2.0,Recent / Promising
16668,United Kingdom,2010-03-18 18:25:00,2011-11-24 17:43:00,13.0,862.42,15.0,4.0,4.0,3.0,Champions
16669,United Kingdom,2011-09-22 14:13:00,2011-11-16 12:26:00,2.0,1344.48,24.0,4.0,2.0,3.0,Recent / Promising
16670,United Kingdom,2009-12-10 15:28:00,2011-11-23 09:34:00,20.0,8030.15,17.0,4.0,4.0,4.0,Champions
16671,United Kingdom,2011-06-28 11:20:00,2011-11-11 13:40:00,3.0,1692.27,28.0,3.0,3.0,3.0,Champions
16672,United Kingdom,2011-03-18 10:15:00,2011-12-07 16:29:00,20.0,8134.94,2.0,4.0,4.0,4.0,Champions
16673,United Kingdom,2010-01-29 14:22:00,2010-01-29 14:22:00,1.0,171.13,679.0,1.0,1.0,1.0,Hibernating
16674,United Kingdom,2011-09-02 13:59:00,2011-10-16 11:31:00,2.0,304.24,55.0,3.0,2.0,1.0,Recent / Promising
16675,United Kingdom,2010-08-18 13:11:00,2010-09-24 12:15:00,2.0,608.86,442.0,1.0,2.0,2.0,At Risk
16676,United Kingdom,2010-10-17 13:07:00,2011-11-06 12:01:00,6.0,2361.9,34.0,3.0,3.0,4.0,Champions
16677,United Kingdom,2010-02-25 16:11:00,2010-10-24 14:53:00,2.0,880.62,411.0,1.0,2.0,3.0,At Risk
16678,United Kingdom,2011-03-02 09:24:00,2011-12-07 12:17:00,12.0,3109.99,3.0,4.0,4.0,4.0,Champions
16679,United Kingdom,2010-06-10 18:35:00,2010-12-08 13:51:00,3.0,663.31,366.0,2.0,3.0,2.0,Loyal
16680,United Kingdom,2010-06-23 09:30:00,2011-10-27 17:35:00,3.0,821.45,43.0,3.0,3.0,2.0,Loyal
16681,United Kingdom,2010-03-08 14:10:00,2011-09-28 11:11:00,7.0,1921.84,73.0,3.0,4.0,3.0,Champions
16682,United Kingdom,2011-06-05 11:02:00,2011-12-05 12:13:00,5.0,1028.0,5.0,4.0,3.0,3.0,Champions
16683,United Kingdom,2010-06-24 10:36:00,2010-06-24 10:36:00,1.0,320.25,534.0,1.0,1.0,1.0,Hibernating
16684,United Kingdom,2009-12-07 12:56:00,2011-12-05 14:06:00,55.0,147142.77,4.0,4.0,4.0,4.0,Champions
16685,United Kingdom,2011-10-09 13:44:00,2011-10-09 13:58:00,2.0,324.24,61.0,3.0,2.0,1.0,Recent / Promising
16686,United Kingdom,2009-12-06 15:48:00,2011-10-23 13:49:00,16.0,4881.07,47.0,3.0,4.0,4.0,Champions
16687,United Kingdom,2010-11-14 11:46:00,2010-11-14 11:46:00,1.0,157.63,391.0,1.0,1.0,1.0,Hibernating
16688,United Kingdom,2011-10-10 12:23:00,2011-12-08 15:24:00,4.0,1260.86,1.0,4.0,3.0,3.0,Champions
16689,United Kingdom,2011-09-18 13:29:00,2011-09-25 11:39:00,2.0,422.6,76.0,3.0,2.0,2.0,Recent / Promising
16690,United Kingdom,2010-09-14 15:00:00,2011-09-28 15:02:00,4.0,353.03,72.0,3.0,3.0,2.0,Loyal
16691,United Kingdom,2010-05-27 14:55:00,2010-10-17 15:03:00,2.0,178.83,418.0,1.0,2.0,1.0,At Risk
16692,United Kingdom,2010-09-24 11:31:00,2011-03-28 14:46:00,4.0,1764.7,256.0,2.0,3.0,3.0,Loyal
16693,United Kingdom,2010-02-21 12:42:00,2011-10-02 11:10:00,5.0,1179.48,69.0,3.0,3.0,3.0,Champions
16694,United Kingdom,2009-12-16 15:45:00,2009-12-16 15:45:00,1.0,98.3,723.0,1.0,1.0,1.0,Hibernating
16695,United Kingdom,2010-05-27 12:24:00,2010-05-27 12:36:00,2.0,191.9,562.0,1.0,2.0,1.0,At Risk
16696,United Kingdom,2011-04-05 15:20:00,2011-07-27 14:23:00,4.0,657.9,135.0,2.0,3.0,2.0,Loyal
16697,United Kingdom,2011-04-12 17:12:00,2011-04-12 17:12:00,1.0,112.75,241.0,2.0,1.0,1.0,Hibernating
16698,United Kingdom,2011-03-31 13:33:00,2011-04-27 10:52:00,2.0,1998.0,227.0,2.0,2.0,3.0,Hibernating
16699,United Kingdom,2009-12-04 13:31:00,2010-11-24 14:38:00,7.0,994.6,380.0,1.0,4.0,3.0,Loyal
16700,United Kingdom,2009-12-02 10:51:00,2011-12-01 11:00:00,25.0,8830.77,9.0,4.0,4.0,4.0,Champions
16701,United Kingdom,2009-12-01 19:19:00,2011-12-01 11:10:00,26.0,9916.73,9.0,4.0,4.0,4.0,Champions
16702,United Kingdom,2009-12-07 16:40:00,2010-10-20 14:10:00,4.0,1109.53,415.0,1.0,3.0,3.0,Loyal
16704,United Kingdom,2010-02-05 14:14:00,2010-03-31 14:02:00,2.0,664.16,618.0,1.0,2.0,2.0,At Risk
16705,United Kingdom,2009-12-09 13:34:00,2011-12-09 12:08:00,42.0,43515.05,1.0,4.0,4.0,4.0,Champions
16706,United Kingdom,2011-08-17 15:53:00,2011-11-02 13:50:00,3.0,531.35,37.0,3.0,3.0,2.0,Loyal
16707,United Kingdom,2010-03-09 15:16:00,2010-11-04 14:39:00,4.0,533.41,400.0,1.0,3.0,2.0,Loyal
16708,United Kingdom,2011-10-25 12:20:00,2011-10-25 12:20:00,1.0,656.63,46.0,3.0,1.0,2.0,Recent / Promising
16709,United Kingdom,2009-12-09 13:16:00,2011-09-16 10:56:00,14.0,9056.01,85.0,3.0,4.0,4.0,Champions
16710,United Kingdom,2009-12-04 13:41:00,2011-11-20 14:50:00,22.0,5921.35,19.0,4.0,4.0,4.0,Champions
16711,United Kingdom,2009-12-02 13:22:00,2011-12-06 16:32:00,9.0,2868.48,3.0,4.0,4.0,4.0,Champions
16712,United Kingdom,2010-11-03 15:45:00,2011-11-30 13:48:00,13.0,4225.22,9.0,4.0,4.0,4.0,Champions
16713,United Kingdom,2009-12-15 12:49:00,2011-11-21 12:36:00,32.0,14115.56,19.0,4.0,4.0,4.0,Champions
16714,United Kingdom,2010-02-07 11:17:00,2011-01-26 13:46:00,3.0,1482.33,317.0,2.0,3.0,3.0,Loyal
16715,United Kingdom,2010-05-26 12:35:00,2011-09-22 18:15:00,2.0,625.52,78.0,3.0,2.0,2.0,Recent / Promising
16716,United Kingdom,2010-03-19 11:05:00,2011-03-18 10:03:00,3.0,2149.68,267.0,2.0,3.0,3.0,Loyal
16717,United Kingdom,2009-12-07 15:55:00,2011-11-16 12:16:00,14.0,6663.68,24.0,4.0,4.0,4.0,Champions
16718,United Kingdom,2009-12-06 13:07:00,2010-12-05 13:03:00,5.0,3006.08,369.0,2.0,3.0,4.0,Loyal
16719,United Kingdom,2009-12-13 10:59:00,2011-11-25 09:27:00,14.0,3508.62,15.0,4.0,4.0,4.0,Champions
16720,United Kingdom,2009-12-17 17:54:00,2011-11-13 16:22:00,3.0,566.74,26.0,3.0,3.0,2.0,Loyal
16721,United Kingdom,2011-03-22 16:08:00,2011-03-22 16:08:00,1.0,292.47,262.0,2.0,1.0,1.0,Hibernating
16722,United Kingdom,2009-12-03 19:23:00,2011-11-22 13:28:00,22.0,8189.56,17.0,4.0,4.0,4.0,Champions
16723,United Kingdom,2009-12-04 13:23:00,2011-09-09 13:01:00,4.0,1231.36,91.0,3.0,3.0,3.0,Champions
16724,United Kingdom,2010-10-31 11:40:00,2010-10-31 11:40:00,1.0,147.35,405.0,1.0,1.0,1.0,Hibernating
16725,United Kingdom,2009-12-13 15:54:00,2011-02-10 16:52:00,13.0,1686.81,302.0,2.0,4.0,3.0,Loyal
16726,United Kingdom,2010-10-24 16:09:00,2011-11-13 14:53:00,7.0,2063.88,26.0,3.0,4.0,3.0,Champions
16727,United Kingdom,2010-01-20 10:48:00,2010-12-10 13:48:00,4.0,1377.77,364.0,2.0,3.0,3.0,Loyal
16728,United Kingdom,2011-03-20 13:28:00,2011-10-24 14:36:00,4.0,1048.28,46.0,3.0,3.0,3.0,Champions
16729,United Kingdom,2011-04-12 14:22:00,2011-11-01 14:29:00,21.0,7202.01,38.0,3.0,4.0,4.0,Champions
16730,United Kingdom,2011-01-24 14:01:00,2011-10-18 14:11:00,3.0,743.11,52.0,3.0,3.0,2.0,Loyal
16731,United Kingdom,2010-03-01 15:05:00,2010-03-01 15:05:00,1.0,170.3,648.0,1.0,1.0,1.0,Hibernating
16732,United Kingdom,2009-12-08 13:04:00,2011-11-08 09:54:00,4.0,4387.64,32.0,3.0,3.0,4.0,Champions
16733,United Kingdom,2010-06-28 10:12:00,2010-06-28 10:12:00,1.0,259.68,530.0,1.0,1.0,1.0,Hibernating
16734,United Kingdom,2011-08-17 15:00:00,2011-10-18 13:44:00,3.0,646.76,52.0,3.0,3.0,2.0,Loyal
16735,United Kingdom,2009-12-08 09:24:00,2011-09-22 11:49:00,14.0,6217.41,79.0,3.0,4.0,4.0,Champions
16736,United Kingdom,2009-12-03 16:12:00,2010-07-22 10:09:00,5.0,2956.56,506.0,1.0,3.0,4.0,Loyal
16737,United Kingdom,2010-05-11 09:53:00,2011-10-17 13:03:00,2.0,835.2,53.0,3.0,2.0,2.0,Recent / Promising
16738,United Kingdom,2011-02-15 09:46:00,2011-02-15 09:46:00,1.0,3.75,298.0,2.0,1.0,1.0,Hibernating
16739,United Kingdom,2010-06-21 09:38:00,2011-06-16 09:17:00,2.0,786.43,177.0,2.0,2.0,2.0,Hibernating
16740,United Kingdom,2010-11-09 13:34:00,2010-11-09 13:34:00,1.0,226.91,395.0,1.0,1.0,1.0,Hibernating
16741,United Kingdom,2010-03-24 15:15:00,2010-03-24 15:15:00,1.0,173.06,625.0,1.0,1.0,1.0,Hibernating
16742,United Kingdom,2009-12-16 17:22:00,2010-08-04 10:52:00,13.0,2334.97,493.0,1.0,4.0,4.0,Loyal
16743,United Kingdom,2010-04-22 13:21:00,2011-11-10 13:13:00,14.0,4212.15,29.0,3.0,4.0,4.0,Champions
16744,United Kingdom,2011-06-19 15:13:00,2011-11-28 13:06:00,7.0,1291.91,11.0,4.0,4.0,3.0,Champions
16745,United Kingdom,2011-02-01 11:31:00,2011-09-14 11:58:00,17.0,7180.7,87.0,3.0,4.0,4.0,Champions
16746,United Kingdom,2009-12-04 13:00:00,2011-12-05 12:33:00,42.0,18045.05,5.0,4.0,4.0,4.0,Champions
16747,United Kingdom,2011-10-03 10:18:00,2011-11-02 11:37:00,2.0,836.06,38.0,3.0,2.0,2.0,Recent / Promising
16748,United Kingdom,2009-12-10 12:28:00,2011-11-22 10:17:00,14.0,3637.33,18.0,4.0,4.0,4.0,Champions
16749,United Kingdom,2009-12-15 14:05:00,2010-04-27 13:06:00,2.0,4157.88,591.0,1.0,2.0,4.0,At Risk
16750,United Kingdom,2011-04-21 16:53:00,2011-10-26 12:48:00,5.0,623.93,45.0,3.0,3.0,2.0,Loyal
16751,United Kingdom,2011-11-09 10:48:00,2011-11-09 10:48:00,1.0,1764.72,31.0,3.0,1.0,3.0,Recent / Promising
16752,United Kingdom,2010-12-02 12:18:00,2010-12-02 12:18:00,1.0,207.5,373.0,2.0,1.0,1.0,Hibernating
16753,United Kingdom,2011-10-12 13:14:00,2011-10-12 13:14:00,1.0,223.92,58.0,3.0,1.0,1.0,Recent / Promising
16754,United Kingdom,2010-03-08 11:32:00,2010-12-02 17:38:00,29.0,65500.07,372.0,2.0,4.0,4.0,Loyal
16755,United Kingdom,2009-12-09 14:25:00,2011-08-17 13:21:00,7.0,2864.68,114.0,2.0,4.0,4.0,Loyal
16756,United Kingdom,2010-03-09 15:56:00,2011-05-09 09:33:00,7.0,1312.37,215.0,2.0,4.0,3.0,Loyal
16757,United Kingdom,2010-10-26 15:09:00,2011-01-25 11:59:00,2.0,270.48,319.0,2.0,2.0,1.0,Hibernating
16758,United Kingdom,2011-10-05 14:47:00,2011-10-05 14:47:00,1.0,369.34,65.0,3.0,1.0,2.0,Recent / Promising
16759,United Kingdom,2011-11-09 09:06:00,2011-12-02 12:42:00,3.0,789.79,8.0,4.0,3.0,2.0,Loyal
16760,United Kingdom,2010-10-05 15:55:00,2010-10-05 15:55:00,1.0,228.0,430.0,1.0,1.0,1.0,Hibernating
16761,United Kingdom,2011-09-04 11:15:00,2011-09-04 11:15:00,1.0,316.62,97.0,2.0,1.0,1.0,Hibernating
16762,United Kingdom,2011-07-18 12:52:00,2011-11-20 11:43:00,3.0,1207.24,20.0,4.0,3.0,3.0,Champions
16763,United Kingdom,2009-12-01 15:26:00,2011-05-25 11:52:00,2.0,964.7,199.0,2.0,2.0,3.0,Hibernating
16764,United Kingdom,2011-07-19 17:17:00,2011-12-06 11:41:00,13.0,2790.95,4.0,4.0,4.0,4.0,Champions
16765,United Kingdom,2010-11-22 13:42:00,2011-02-18 15:41:00,2.0,454.75,294.0,2.0,2.0,2.0,Hibernating
16766,United Kingdom,2011-03-11 13:34:00,2011-03-11 15:22:00,2.0,1145.6,273.0,2.0,2.0,3.0,Hibernating
16767,United Kingdom,2010-04-28 16:49:00,2011-11-09 09:42:00,15.0,8052.41,31.0,3.0,4.0,4.0,Champions
16768,United Kingdom,2009-12-07 11:47:00,2011-10-23 10:38:00,9.0,1698.57,48.0,3.0,4.0,3.0,Champions
16769,United Kingdom,2009-12-14 11:10:00,2011-03-24 13:41:00,4.0,1117.05,260.0,2.0,3.0,3.0,Loyal
16770,United Kingdom,2010-08-22 16:08:00,2011-10-13 12:21:00,9.0,1778.93,58.0,3.0,4.0,3.0,Champions
16771,United Kingdom,2009-12-09 11:52:00,2011-11-06 13:28:00,10.0,3921.1,33.0,3.0,4.0,4.0,Champions
16772,United Kingdom,2009-12-18 10:50:00,2010-10-12 13:19:00,3.0,3698.05,423.0,1.0,3.0,4.0,Loyal
16773,United Kingdom,2009-12-06 15:01:00,2011-10-13 14:37:00,3.0,421.24,57.0,3.0,3.0,2.0,Loyal
16774,United Kingdom,2010-02-16 16:53:00,2011-10-03 12:41:00,8.0,1567.48,68.0,3.0,4.0,3.0,Champions
16775,United Kingdom,2010-09-23 17:34:00,2011-11-29 15:22:00,16.0,2820.84,10.0,4.0,4.0,4.0,Champions
16776,United Kingdom,2010-10-20 12:13:00,2011-10-10 13:04:00,2.0,592.51,60.0,3.0,2.0,2.0,Recent / Promising
16777,United Kingdom,2010-03-17 12:42:00,2011-09-20 13:41:00,5.0,1292.18,80.0,3.0,3.0,3.0,Champions
16778,United Kingdom,2011-03-10 15:21:00,2011-09-26 13:48:00,2.0,245.94,74.0,3.0,2.0,1.0,Recent / Promising
16779,United Kingdom,2009-12-03 13:03:00,2011-12-07 14:54:00,53.0,32809.03,2.0,4.0,4.0,4.0,Champions
16780,United Kingdom,2010-10-28 19:41:00,2011-08-31 16:09:00,3.0,596.4,100.0,2.0,3.0,2.0,Loyal
16781,United Kingdom,2010-02-08 13:56:00,2010-12-02 14:26:00,2.0,623.0,372.0,2.0,2.0,2.0,Hibernating
16782,United Kingdom,2009-12-09 11:58:00,2011-11-29 13:20:00,38.0,9636.12,10.0,4.0,4.0,4.0,Champions
16783,United Kingdom,2010-09-29 11:53:00,2010-09-29 11:53:00,1.0,391.95,437.0,1.0,1.0,2.0,Hibernating
16784,United Kingdom,2010-03-28 12:55:00,2011-11-20 12:20:00,5.0,892.33,20.0,4.0,3.0,3.0,Champions
16785,United Kingdom,2010-10-26 10:36:00,2010-10-26 10:36:00,1.0,533.78,410.0,1.0,1.0,2.0,Hibernating
16786,United Kingdom,2010-11-11 08:25:00,2010-11-11 08:25:00,1.0,51.84,394.0,1.0,1.0,1.0,Hibernating
16787,United Kingdom,2010-01-10 11:12:00,2010-11-07 11:01:00,4.0,1017.53,398.0,1.0,3.0,3.0,Loyal
16788,United Kingdom,2010-02-07 12:40:00,2011-08-08 14:53:00,5.0,1927.28,123.0,2.0,3.0,3.0,Loyal
16789,United Kingdom,2011-12-01 15:12:00,2011-12-01 15:12:00,1.0,80.8,8.0,4.0,1.0,1.0,Recent / Promising
16790,United Kingdom,2011-11-02 11:23:00,2011-12-06 11:53:00,6.0,1545.62,4.0,4.0,3.0,3.0,Champions
16791,United Kingdom,2009-12-03 18:08:00,2011-11-10 19:12:00,15.0,3944.88,29.0,3.0,4.0,4.0,Champions
16792,United Kingdom,2010-01-04 13:47:00,2011-03-02 14:41:00,5.0,623.46,282.0,2.0,3.0,2.0,Loyal
16793,United Kingdom,2011-10-13 15:08:00,2011-10-13 15:08:00,1.0,243.84,57.0,3.0,1.0,1.0,Recent / Promising
16794,United Kingdom,2010-03-25 15:17:00,2011-12-08 17:54:00,15.0,2050.68,1.0,4.0,4.0,3.0,Champions
16795,United Kingdom,2010-01-25 13:14:00,2010-12-09 14:08:00,3.0,2062.41,365.0,2.0,3.0,3.0,Loyal
16796,United Kingdom,2011-09-11 14:01:00,2011-09-11 14:01:00,1.0,305.62,89.0,3.0,1.0,1.0,Recent / Promising
16797,United Kingdom,2009-12-02 13:33:00,2010-11-11 19:14:00,5.0,1802.02,393.0,1.0,3.0,3.0,Loyal
16798,United Kingdom,2009-12-10 19:35:00,2010-06-03 19:01:00,3.0,841.16,554.0,1.0,3.0,2.0,Loyal
16799,United Kingdom,2010-09-12 12:46:00,2010-10-03 14:28:00,2.0,452.78,432.0,1.0,2.0,2.0,At Risk
16800,United Kingdom,2011-11-28 14:06:00,2011-11-28 14:06:00,1.0,1162.65,11.0,4.0,1.0,3.0,Recent / Promising
16801,United Kingdom,2011-03-11 13:56:00,2011-06-29 15:33:00,4.0,1594.23,163.0,2.0,3.0,3.0,Loyal
16802,United Kingdom,2009-12-09 13:00:00,2010-01-29 13:44:00,2.0,582.61,679.0,1.0,2.0,2.0,At Risk
16803,United Kingdom,2011-10-05 14:28:00,2011-10-05 14:28:00,1.0,332.3,65.0,3.0,1.0,1.0,Recent / Promising
16804,United Kingdom,2011-03-14 15:48:00,2011-11-16 16:43:00,3.0,536.99,23.0,4.0,3.0,2.0,Loyal
16805,United Kingdom,2009-12-14 15:17:00,2011-06-19 11:23:00,4.0,1076.34,174.0,2.0,3.0,3.0,Loyal
16806,United Kingdom,2011-04-14 19:59:00,2011-08-28 15:27:00,4.0,736.21,103.0,2.0,3.0,2.0,Loyal
16807,United Kingdom,2010-03-26 14:38:00,2011-07-20 12:00:00,6.0,2123.88,143.0,2.0,3.0,3.0,Loyal
16808,United Kingdom,2011-03-10 19:05:00,2011-09-01 19:34:00,2.0,288.42,99.0,2.0,2.0,1.0,Hibernating
16809,United Kingdom,2010-04-13 15:34:00,2011-11-16 15:45:00,9.0,1727.43,23.0,4.0,4.0,3.0,Champions
16810,United Kingdom,2010-10-15 15:32:00,2011-05-31 15:32:00,2.0,842.04,192.0,2.0,2.0,2.0,Hibernating
16811,United Kingdom,2011-11-22 17:19:00,2011-12-05 11:39:00,2.0,547.07,5.0,4.0,2.0,2.0,Recent / Promising
16812,United Kingdom,2010-11-22 14:36:00,2010-12-14 12:35:00,4.0,2392.0,361.0,2.0,3.0,4.0,Loyal
16813,United Kingdom,2011-05-19 13:28:00,2011-12-01 14:03:00,10.0,1652.18,8.0,4.0,4.0,3.0,Champions
16814,United Kingdom,2010-04-11 12:45:00,2011-11-25 13:27:00,36.0,11914.95,14.0,4.0,4.0,4.0,Champions
16815,United Kingdom,2010-06-21 12:05:00,2010-09-12 10:59:00,2.0,406.02,454.0,1.0,2.0,2.0,At Risk
16816,United Kingdom,2010-12-16 17:01:00,2011-08-28 14:16:00,4.0,417.06,103.0,2.0,3.0,2.0,Loyal
16817,United Kingdom,2010-10-04 09:06:00,2011-12-07 11:03:00,13.0,2560.7,3.0,4.0,4.0,4.0,Champions
16818,United Kingdom,2011-05-18 11:42:00,2011-11-29 10:41:00,11.0,3349.57,11.0,4.0,4.0,4.0,Champions
16819,United Kingdom,2010-08-31 17:31:00,2010-08-31 17:37:00,2.0,182.59,465.0,1.0,2.0,1.0,At Risk
16820,United Kingdom,2011-09-05 12:06:00,2011-09-05 12:06:00,1.0,497.61,96.0,2.0,1.0,2.0,Hibernating
16821,United Kingdom,2010-11-23 10:04:00,2010-11-23 10:04:00,1.0,113.35,382.0,1.0,1.0,1.0,Hibernating
16822,United Kingdom,2010-01-22 14:22:00,2010-01-22 14:22:00,1.0,181.39,686.0,1.0,1.0,1.0,Hibernating
16823,United Kingdom,2009-12-02 09:57:00,2011-04-26 15:00:00,7.0,2243.09,227.0,2.0,4.0,4.0,Loyal
16824,United Kingdom,2010-11-11 12:21:00,2011-11-24 12:38:00,3.0,686.24,16.0,4.0,3.0,2.0,Loyal
16825,United Kingdom,2010-06-23 13:14:00,2011-11-01 11:51:00,5.0,1826.89,39.0,3.0,3.0,3.0,Champions
16826,United Kingdom,2011-10-19 14:05:00,2011-10-19 14:05:00,1.0,341.7,51.0,3.0,1.0,2.0,Recent / Promising
16827,United Kingdom,2010-04-29 19:07:00,2010-11-11 14:04:00,5.0,387.18,393.0,1.0,3.0,2.0,Loyal
16828,United Kingdom,2011-08-19 13:24:00,2011-08-19 13:24:00,1.0,113.5,112.0,2.0,1.0,1.0,Hibernating
16829,United Kingdom,2010-11-16 18:11:00,2011-07-06 10:48:00,2.0,513.32,157.0,2.0,2.0,2.0,Hibernating
16830,United Kingdom,2009-12-13 12:11:00,2011-11-01 11:35:00,4.0,1207.5,39.0,3.0,3.0,3.0,Champions
16831,United Kingdom,2010-05-24 09:08:00,2010-05-24 09:08:00,1.0,91.8,565.0,1.0,1.0,1.0,Hibernating
16832,United Kingdom,2010-09-07 12:35:00,2011-06-08 15:36:00,5.0,417.61,184.0,2.0,3.0,2.0,Loyal
16833,United Kingdom,2010-03-26 15:31:00,2011-12-08 14:39:00,6.0,2409.04,1.0,4.0,3.0,4.0,Champions
16834,United Kingdom,2010-02-03 14:24:00,2011-04-26 09:37:00,2.0,898.96,228.0,2.0,2.0,3.0,Hibernating
16835,United Kingdom,2010-05-19 08:41:00,2011-08-03 13:50:00,6.0,1456.66,128.0,2.0,3.0,3.0,Loyal
16836,United Kingdom,2010-05-14 12:52:00,2011-10-31 10:05:00,4.0,782.37,40.0,3.0,3.0,2.0,Loyal
16837,United Kingdom,2011-04-08 08:48:00,2011-11-08 14:27:00,11.0,3170.98,31.0,3.0,4.0,4.0,Champions
16838,United Kingdom,2010-02-14 15:27:00,2011-05-26 13:13:00,4.0,1159.61,197.0,2.0,3.0,3.0,Loyal
16839,United Kingdom,2010-02-11 15:02:00,2011-12-01 09:03:00,44.0,21758.25,9.0,4.0,4.0,4.0,Champions
16840,United Kingdom,2010-02-03 12:42:00,2010-04-15 15:48:00,2.0,139.85,603.0,1.0,2.0,1.0,At Risk
16841,United Kingdom,2010-01-12 11:32:00,2011-11-03 11:51:00,12.0,4006.06,37.0,3.0,4.0,4.0,Champions
16842,United Kingdom,2011-02-10 14:51:00,2011-08-31 10:42:00,3.0,1264.19,101.0,2.0,3.0,3.0,Loyal
16843,United Kingdom,2009-12-10 11:40:00,2011-10-28 09:06:00,35.0,19571.43,43.0,3.0,4.0,4.0,Champions
16844,United Kingdom,2010-05-06 09:16:00,2010-05-26 10:29:00,2.0,614.34,563.0,1.0,2.0,2.0,At Risk
16845,United Kingdom,2010-03-31 13:09:00,2010-03-31 13:09:00,1.0,253.88,618.0,1.0,1.0,1.0,Hibernating
16846,United Kingdom,2010-03-10 12:03:00,2011-10-20 13:55:00,3.0,842.41,50.0,3.0,3.0,2.0,Loyal
16847,United Kingdom,2010-03-31 13:32:00,2011-10-27 13:29:00,2.0,614.89,43.0,3.0,2.0,2.0,Recent / Promising
16848,United Kingdom,2010-10-03 11:01:00,2011-10-18 08:42:00,4.0,1411.62,53.0,3.0,3.0,3.0,Champions
16849,United Kingdom,2011-06-06 09:16:00,2011-06-06 09:16:00,1.0,124.57,187.0,2.0,1.0,1.0,Hibernating
16850,United Kingdom,2011-01-10 11:09:00,2011-01-10 11:09:00,1.0,332.41,334.0,2.0,1.0,1.0,Hibernating
16851,United Kingdom,2011-10-19 09:48:00,2011-12-05 13:32:00,3.0,342.45,4.0,4.0,3.0,2.0,Loyal
16852,United Kingdom,2011-06-16 15:49:00,2011-11-29 13:22:00,2.0,144.91,10.0,4.0,2.0,1.0,Recent / Promising
16854,United Kingdom,2010-03-09 14:32:00,2010-10-18 16:31:00,2.0,1408.96,417.0,1.0,2.0,3.0,At Risk
16855,United Kingdom,2011-10-27 16:31:00,2011-11-16 12:03:00,2.0,328.4,24.0,4.0,2.0,1.0,Recent / Promising
16856,United Kingdom,2010-09-23 13:11:00,2011-11-25 08:59:00,3.0,358.49,15.0,4.0,3.0,2.0,Loyal
16857,United Kingdom,2010-09-23 10:49:00,2010-09-23 10:49:00,1.0,352.8,443.0,1.0,1.0,2.0,Hibernating
16858,United Kingdom,2009-12-15 11:09:00,2010-12-06 09:52:00,10.0,4292.59,369.0,2.0,4.0,4.0,Loyal
16859,United Kingdom,2010-03-04 12:37:00,2011-07-18 12:19:00,7.0,1932.41,145.0,2.0,4.0,3.0,Loyal
16860,United Kingdom,2010-02-15 13:46:00,2010-09-13 10:05:00,3.0,1610.62,453.0,1.0,3.0,3.0,Loyal
16861,United Kingdom,2010-07-19 11:44:00,2011-10-11 09:05:00,5.0,946.59,60.0,3.0,3.0,3.0,Champions
16862,United Kingdom,2010-01-07 12:57:00,2010-06-10 13:05:00,4.0,662.33,547.0,1.0,3.0,2.0,Loyal
16863,United Kingdom,2010-10-26 10:03:00,2011-11-08 15:26:00,3.0,834.27,31.0,3.0,3.0,2.0,Loyal
16864,United Kingdom,2010-04-20 11:56:00,2010-10-01 16:16:00,2.0,409.25,434.0,1.0,2.0,2.0,At Risk
16865,United Kingdom,2010-11-03 11:34:00,2010-11-03 11:34:00,1.0,130.95,402.0,1.0,1.0,1.0,Hibernating
16866,United Kingdom,2011-07-01 12:34:00,2011-07-22 10:06:00,3.0,207.74,141.0,2.0,3.0,1.0,Loyal
16867,United Kingdom,2010-01-19 09:11:00,2010-01-19 09:11:00,1.0,76.74,690.0,1.0,1.0,1.0,Hibernating
16868,United Kingdom,2010-04-25 11:31:00,2010-11-10 13:17:00,3.0,384.56,394.0,1.0,3.0,2.0,Loyal
16869,United Kingdom,2011-06-17 13:01:00,2011-11-17 12:02:00,4.0,817.12,23.0,4.0,3.0,2.0,Loyal
16870,United Kingdom,2010-08-27 13:53:00,2010-08-27 13:53:00,1.0,450.16,469.0,1.0,1.0,2.0,Hibernating
16871,United Kingdom,2011-03-14 10:31:00,2011-11-17 19:27:00,6.0,2812.34,22.0,4.0,3.0,4.0,Champions
16872,United Kingdom,2010-09-02 17:36:00,2011-09-23 16:05:00,6.0,1213.13,77.0,3.0,3.0,3.0,Champions
16873,United Kingdom,2010-02-09 14:17:00,2011-12-05 12:05:00,12.0,14617.39,5.0,4.0,4.0,4.0,Champions
16874,United Kingdom,2010-11-25 13:08:00,2010-11-25 13:08:00,1.0,209.89,379.0,2.0,1.0,1.0,Hibernating
16875,United Kingdom,2010-01-05 09:16:00,2011-10-03 13:39:00,11.0,4234.53,67.0,3.0,4.0,4.0,Champions
16876,United Kingdom,2010-11-01 11:59:00,2010-11-01 11:59:00,1.0,136.01,404.0,1.0,1.0,1.0,Hibernating
16877,United Kingdom,2011-05-15 16:13:00,2011-11-27 13:47:00,6.0,846.62,12.0,4.0,3.0,2.0,Loyal
16878,United Kingdom,2011-09-16 17:39:00,2011-09-16 17:39:00,1.0,13.3,84.0,3.0,1.0,1.0,Recent / Promising
16880,United Kingdom,2010-08-03 13:54:00,2011-11-09 11:33:00,8.0,1813.21,31.0,3.0,4.0,3.0,Champions
16881,United Kingdom,2011-10-04 10:33:00,2011-10-04 10:33:00,1.0,432.0,67.0,3.0,1.0,2.0,Recent / Promising
16882,United Kingdom,2011-01-26 17:43:00,2011-10-04 10:42:00,3.0,705.12,67.0,3.0,3.0,2.0,Loyal
16883,United Kingdom,2009-12-04 12:07:00,2011-06-05 12:51:00,19.0,2246.06,187.0,2.0,4.0,4.0,Loyal
16884,United Kingdom,2010-05-18 12:00:00,2011-11-02 11:52:00,4.0,1070.97,38.0,3.0,3.0,3.0,Champions
16885,United Kingdom,2010-11-19 12:51:00,2011-11-24 13:40:00,4.0,683.35,15.0,4.0,3.0,2.0,Loyal
16886,United Kingdom,2010-09-09 15:08:00,2010-09-09 15:08:00,1.0,134.0,456.0,1.0,1.0,1.0,Hibernating
16887,United Kingdom,2009-12-01 13:41:00,2011-11-04 14:07:00,3.0,658.17,35.0,3.0,3.0,2.0,Loyal
16888,United Kingdom,2010-01-07 13:07:00,2010-11-04 12:39:00,3.0,434.2,401.0,1.0,3.0,2.0,Loyal
16889,United Kingdom,2010-05-23 10:46:00,2011-05-29 11:05:00,6.0,2526.65,195.0,2.0,3.0,4.0,Loyal
16890,United Kingdom,2010-05-06 16:27:00,2010-08-20 11:23:00,3.0,277.91,477.0,1.0,3.0,1.0,Loyal
16891,United Kingdom,2009-12-04 12:37:00,2011-12-08 11:15:00,11.0,1727.94,2.0,4.0,4.0,3.0,Champions
16892,United Kingdom,2009-12-08 14:20:00,2011-12-08 13:18:00,7.0,754.75,1.0,4.0,4.0,2.0,Loyal
16893,United Kingdom,2010-11-28 15:14:00,2010-12-08 12:06:00,2.0,249.47,367.0,2.0,2.0,1.0,Hibernating
16894,United Kingdom,2010-06-22 14:21:00,2010-07-25 15:43:00,3.0,1306.96,502.0,1.0,3.0,3.0,Loyal
16895,United Kingdom,2010-02-12 11:07:00,2011-10-06 12:15:00,5.0,1102.9,65.0,3.0,3.0,3.0,Champions
16896,United Kingdom,2010-06-02 15:40:00,2010-06-02 15:40:00,1.0,103.95,555.0,1.0,1.0,1.0,Hibernating
16897,United Kingdom,2011-01-30 11:52:00,2011-02-13 15:02:00,2.0,289.78,299.0,2.0,2.0,1.0,Hibernating
16898,United Kingdom,2010-05-12 12:18:00,2011-11-13 15:44:00,5.0,885.21,26.0,3.0,3.0,3.0,Champions
16899,United Kingdom,2010-11-07 15:00:00,2011-12-02 12:03:00,8.0,1695.77,8.0,4.0,4.0,3.0,Champions
16900,United Kingdom,2011-10-07 13:17:00,2011-11-23 10:32:00,3.0,882.16,17.0,4.0,3.0,3.0,Champions
16901,United Kingdom,2009-12-10 16:30:00,2009-12-10 16:30:00,1.0,204.26,729.0,1.0,1.0,1.0,Hibernating
16902,United Kingdom,2011-08-15 14:17:00,2011-08-15 14:17:00,1.0,1706.88,116.0,2.0,1.0,3.0,Hibernating
16903,United Kingdom,2010-10-20 14:42:00,2011-11-10 15:32:00,3.0,1041.75,29.0,3.0,3.0,3.0,Champions
16904,United Kingdom,2010-10-24 16:03:00,2011-12-05 13:10:00,20.0,4656.56,4.0,4.0,4.0,4.0,Champions
16905,United Kingdom,2009-12-10 20:04:00,2011-12-04 14:01:00,17.0,4704.27,5.0,4.0,4.0,4.0,Champions
16906,United Kingdom,2010-05-13 13:23:00,2011-09-19 11:49:00,7.0,1410.07,82.0,3.0,4.0,3.0,Champions
16907,United Kingdom,2010-07-01 17:30:00,2011-11-10 18:04:00,9.0,1470.89,29.0,3.0,4.0,3.0,Champions
16908,United Kingdom,2009-12-17 13:35:00,2009-12-17 13:35:00,1.0,252.59,722.0,1.0,1.0,1.0,Hibernating
16909,United Kingdom,2011-09-28 16:45:00,2011-09-28 16:45:00,1.0,379.14,72.0,3.0,1.0,2.0,Recent / Promising
16910,United Kingdom,2011-09-09 14:14:00,2011-12-05 12:51:00,8.0,1508.96,4.0,4.0,4.0,3.0,Champions
16911,United Kingdom,2010-02-16 16:12:00,2010-03-14 12:18:00,2.0,255.25,636.0,1.0,2.0,1.0,At Risk
16912,United Kingdom,2009-12-09 12:32:00,2011-11-11 12:18:00,15.0,4460.51,29.0,3.0,4.0,4.0,Champions
16913,United Kingdom,2010-02-26 12:06:00,2011-02-22 12:56:00,3.0,423.91,290.0,2.0,3.0,2.0,Loyal
16914,United Kingdom,2011-11-03 15:27:00,2011-11-03 15:27:00,1.0,183.76,36.0,3.0,1.0,1.0,Recent / Promising
16915,United Kingdom,2010-05-19 13:32:00,2011-11-30 16:39:00,11.0,1543.18,9.0,4.0,4.0,3.0,Champions
16916,United Kingdom,2010-10-20 12:56:00,2011-11-16 12:08:00,4.0,896.12,24.0,4.0,3.0,3.0,Champions
16917,United Kingdom,2010-03-17 15:24:00,2011-03-08 11:55:00,2.0,1851.88,277.0,2.0,2.0,3.0,Hibernating
16918,United Kingdom,2009-12-03 12:27:00,2011-10-21 12:50:00,16.0,3206.54,50.0,3.0,4.0,4.0,Champions
16919,United Kingdom,2010-08-19 15:28:00,2011-07-06 13:35:00,24.0,4909.66,156.0,2.0,4.0,4.0,Loyal
16920,United Kingdom,2010-10-24 14:07:00,2010-10-24 14:07:00,1.0,355.45,411.0,1.0,1.0,2.0,Hibernating
16921,United Kingdom,2010-04-18 15:34:00,2011-10-09 16:22:00,3.0,409.21,61.0,3.0,3.0,2.0,Loyal
16922,United Kingdom,2010-05-16 11:24:00,2010-05-16 11:24:00,1.0,611.08,573.0,1.0,1.0,2.0,Hibernating
16923,United Kingdom,2010-01-31 11:14:00,2011-11-27 13:00:00,32.0,13157.13,12.0,4.0,4.0,4.0,Champions
16924,United Kingdom,2011-09-16 12:54:00,2011-11-18 12:53:00,3.0,829.89,21.0,4.0,3.0,2.0,Loyal
16925,United Kingdom,2010-06-17 15:03:00,2010-06-17 15:03:00,1.0,125.65,540.0,1.0,1.0,1.0,Hibernating
16926,United Kingdom,2010-07-01 12:57:00,2010-12-03 13:42:00,5.0,1169.61,371.0,2.0,3.0,3.0,Loyal
16927,United Kingdom,2010-12-13 11:57:00,2011-08-16 11:10:00,3.0,543.05,116.0,2.0,3.0,2.0,Loyal
16928,United Kingdom,2010-02-03 12:30:00,2011-09-20 15:10:00,26.0,3798.08,80.0,3.0,4.0,4.0,Champions
16929,United Kingdom,2011-07-07 12:39:00,2011-12-06 08:37:00,7.0,1295.39,4.0,4.0,4.0,3.0,Champions
16930,United Kingdom,2011-10-02 14:25:00,2011-11-13 16:13:00,3.0,378.89,26.0,3.0,3.0,2.0,Loyal
16931,United Kingdom,2010-11-07 13:24:00,2011-12-04 13:15:00,23.0,5032.22,5.0,4.0,4.0,4.0,Champions
16932,United Kingdom,2010-05-17 14:15:00,2011-10-17 14:12:00,3.0,412.55,53.0,3.0,3.0,2.0,Loyal
16933,United Kingdom,2009-12-09 15:03:00,2011-12-08 12:54:00,9.0,3099.3,1.0,4.0,4.0,4.0,Champions
16934,United Kingdom,2010-03-28 12:43:00,2011-10-16 12:40:00,6.0,2083.14,55.0,3.0,3.0,3.0,Champions
16935,United Kingdom,2010-10-14 13:09:00,2010-11-23 09:16:00,3.0,530.86,382.0,1.0,3.0,2.0,Loyal
16936,United Kingdom,2010-11-19 11:54:00,2011-11-14 11:04:00,2.0,548.29,26.0,3.0,2.0,2.0,Recent / Promising
16937,United Kingdom,2010-07-28 17:56:00,2010-07-28 17:56:00,1.0,196.25,499.0,1.0,1.0,1.0,Hibernating
16938,United Kingdom,2010-02-17 14:47:00,2011-12-01 10:20:00,9.0,6162.11,9.0,4.0,4.0,4.0,Champions
16939,United Kingdom,2010-02-28 13:33:00,2010-08-08 12:24:00,3.0,433.85,489.0,1.0,3.0,2.0,Loyal
16940,United Kingdom,2009-12-08 13:08:00,2011-10-18 13:15:00,8.0,6427.66,52.0,3.0,4.0,4.0,Champions
16941,United Kingdom,2010-04-07 11:13:00,2010-04-07 11:13:00,1.0,33.0,612.0,1.0,1.0,1.0,Hibernating
16942,United Kingdom,2011-04-26 11:59:00,2011-11-27 12:40:00,9.0,1904.99,13.0,4.0,4.0,3.0,Champions
16943,United Kingdom,2011-01-25 14:00:00,2011-05-12 11:57:00,3.0,816.73,212.0,2.0,3.0,2.0,Loyal
16944,United Kingdom,2010-04-09 11:03:00,2010-04-09 11:03:00,1.0,101.36,610.0,1.0,1.0,1.0,Hibernating
16945,United Kingdom,2009-12-09 11:33:00,2011-11-18 11:39:00,33.0,8548.16,22.0,4.0,4.0,4.0,Champions
16946,United Kingdom,2010-03-02 10:49:00,2010-11-21 14:06:00,5.0,1222.04,383.0,1.0,3.0,3.0,Loyal
16947,United Kingdom,2010-03-03 10:54:00,2011-04-18 09:38:00,4.0,946.71,236.0,2.0,3.0,3.0,Loyal
16948,United Kingdom,2010-02-21 13:48:00,2011-07-24 12:46:00,7.0,868.77,139.0,2.0,4.0,3.0,Loyal
16949,United Kingdom,2011-01-27 12:11:00,2011-12-06 11:07:00,6.0,1286.27,4.0,4.0,3.0,3.0,Champions
16950,United Kingdom,2010-01-24 11:26:00,2011-10-14 09:06:00,10.0,3533.77,57.0,3.0,4.0,4.0,Champions
16951,United Kingdom,2011-02-08 14:58:00,2011-07-28 12:05:00,3.0,1277.75,135.0,2.0,3.0,3.0,Loyal
16952,United Kingdom,2009-12-11 13:52:00,2011-08-22 13:03:00,5.0,795.83,109.0,2.0,3.0,2.0,Loyal
16953,United Kingdom,2011-11-09 15:54:00,2011-11-09 15:54:00,1.0,20.8,30.0,3.0,1.0,1.0,Recent / Promising
16954,United Kingdom,2010-01-18 14:49:00,2011-12-09 09:46:00,20.0,6081.88,1.0,4.0,4.0,4.0,Champions
16955,United Kingdom,2010-01-31 11:38:00,2011-06-08 10:36:00,6.0,1120.31,185.0,2.0,3.0,3.0,Loyal
16956,United Kingdom,2011-11-22 08:56:00,2011-11-22 08:56:00,1.0,308.74,18.0,4.0,1.0,1.0,Recent / Promising
16957,United Kingdom,2011-03-03 09:25:00,2011-04-14 13:56:00,2.0,416.64,239.0,2.0,2.0,2.0,Hibernating
16958,United Kingdom,2010-09-30 14:25:00,2010-09-30 14:25:00,1.0,778.49,435.0,1.0,1.0,2.0,Hibernating
16959,United Kingdom,2011-09-13 15:03:00,2011-09-13 15:03:00,1.0,117.35,87.0,3.0,1.0,1.0,Recent / Promising
16960,United Kingdom,2010-03-02 13:36:00,2011-11-01 11:35:00,8.0,1988.93,39.0,3.0,4.0,3.0,Champions
16961,United Kingdom,2010-06-25 14:36:00,2011-08-15 13:46:00,3.0,794.56,116.0,2.0,3.0,2.0,Loyal
16962,United Kingdom,2010-10-26 11:36:00,2010-10-26 11:36:00,1.0,251.04,410.0,1.0,1.0,1.0,Hibernating
16963,United Kingdom,2011-06-05 13:48:00,2011-06-05 13:48:00,1.0,110.55,187.0,2.0,1.0,1.0,Hibernating
16964,United Kingdom,2009-12-06 12:51:00,2009-12-06 12:53:00,2.0,207.85,733.0,1.0,2.0,1.0,At Risk
16965,United Kingdom,2011-04-27 12:08:00,2011-04-27 12:08:00,1.0,192.07,227.0,2.0,1.0,1.0,Hibernating
16966,United Kingdom,2011-04-13 14:17:00,2011-12-01 13:40:00,7.0,2154.97,8.0,4.0,4.0,3.0,Champions
16967,United Kingdom,2011-06-03 14:24:00,2011-06-03 14:24:00,1.0,319.02,189.0,2.0,1.0,1.0,Hibernating
16968,United Kingdom,2011-08-24 10:51:00,2011-12-05 15:02:00,2.0,439.43,4.0,4.0,2.0,2.0,Recent / Promising
16969,United Kingdom,2011-06-01 12:10:00,2011-10-31 13:12:00,3.0,650.41,39.0,3.0,3.0,2.0,Loyal
16970,United Kingdom,2010-03-23 13:50:00,2010-03-23 13:50:00,1.0,71.4,626.0,1.0,1.0,1.0,Hibernating
16971,United Kingdom,2011-11-01 15:06:00,2011-11-01 15:06:00,1.0,357.21,38.0,3.0,1.0,2.0,Recent / Promising
16972,United Kingdom,2010-09-09 11:20:00,2010-11-22 10:59:00,2.0,749.0,383.0,1.0,2.0,2.0,At Risk
16973,United Kingdom,2010-11-18 13:56:00,2010-11-18 13:56:00,1.0,127.0,386.0,1.0,1.0,1.0,Hibernating
16974,United Kingdom,2010-05-24 10:43:00,2010-07-05 10:18:00,2.0,365.5,523.0,1.0,2.0,2.0,At Risk
16975,United Kingdom,2010-07-22 11:38:00,2010-10-12 17:53:00,3.0,926.12,423.0,1.0,3.0,3.0,Loyal
16976,United Kingdom,2011-03-17 16:33:00,2011-03-17 16:33:00,1.0,251.52,267.0,2.0,1.0,1.0,Hibernating
16977,United Kingdom,2010-03-18 11:06:00,2010-11-09 13:17:00,4.0,496.0,395.0,1.0,3.0,2.0,Loyal
16978,United Kingdom,2010-02-11 16:27:00,2011-09-23 12:50:00,3.0,768.88,78.0,3.0,3.0,2.0,Loyal
16979,United Kingdom,2010-09-15 14:30:00,2011-12-06 12:21:00,9.0,2859.74,4.0,4.0,4.0,4.0,Champions
16980,United Kingdom,2010-10-07 14:05:00,2011-03-29 16:36:00,3.0,1422.83,255.0,2.0,3.0,3.0,Loyal
16982,United Kingdom,2011-10-10 12:28:00,2011-10-10 12:28:00,1.0,384.06,61.0,3.0,1.0,2.0,Recent / Promising
16983,United Kingdom,2010-09-19 12:38:00,2011-11-27 12:10:00,11.0,3490.53,13.0,4.0,4.0,4.0,Champions
16984,United Kingdom,2010-03-07 15:34:00,2011-09-12 13:43:00,9.0,10350.53,88.0,3.0,4.0,4.0,Champions
16985,United Kingdom,2009-12-10 13:34:00,2011-11-22 13:33:00,23.0,10923.16,17.0,4.0,4.0,4.0,Champions
16986,United Kingdom,2010-02-04 14:46:00,2011-11-10 11:55:00,11.0,4888.75,30.0,3.0,4.0,4.0,Champions
16987,United Kingdom,2009-12-02 14:34:00,2011-12-06 17:26:00,11.0,2499.45,3.0,4.0,4.0,4.0,Champions
16988,United Kingdom,2010-11-25 09:22:00,2011-12-04 16:02:00,2.0,382.67,5.0,4.0,2.0,2.0,Recent / Promising
16989,United Kingdom,2011-07-12 09:11:00,2011-12-02 16:39:00,6.0,1133.25,7.0,4.0,3.0,3.0,Champions
16990,United Kingdom,2010-10-13 11:42:00,2011-05-05 08:30:00,2.0,344.0,219.0,2.0,2.0,2.0,Hibernating
16991,United Kingdom,2010-10-14 14:08:00,2010-10-14 14:08:00,1.0,1041.21,421.0,1.0,1.0,3.0,Hibernating
16992,United Kingdom,2010-02-11 12:36:00,2011-11-29 11:50:00,13.0,5476.5,11.0,4.0,4.0,4.0,Champions
16993,United Kingdom,2010-05-12 13:55:00,2010-09-02 12:16:00,2.0,1950.95,464.0,1.0,2.0,3.0,At Risk
16996,United Kingdom,2010-10-18 12:24:00,2011-11-09 16:43:00,9.0,2123.61,30.0,3.0,4.0,3.0,Champions
16997,United Kingdom,2011-01-18 11:51:00,2011-02-24 17:28:00,3.0,702.0,288.0,2.0,3.0,2.0,Loyal
16998,United Kingdom,2010-09-21 14:39:00,2011-07-13 09:44:00,5.0,402.0,150.0,2.0,3.0,2.0,Loyal
16999,United Kingdom,2011-09-26 15:43:00,2011-11-16 13:53:00,2.0,484.82,23.0,4.0,2.0,2.0,Recent / Promising
17000,United Kingdom,2010-10-27 14:16:00,2010-11-08 13:35:00,2.0,406.3,396.0,1.0,2.0,2.0,At Risk
17001,United Kingdom,2010-03-25 12:41:00,2011-12-09 09:38:00,19.0,6640.8,1.0,4.0,4.0,4.0,Champions
17002,United Kingdom,2010-03-08 15:46:00,2011-09-15 12:40:00,7.0,2571.55,86.0,3.0,4.0,4.0,Champions
17003,United Kingdom,2010-05-10 11:20:00,2010-11-02 13:15:00,4.0,828.21,402.0,1.0,3.0,2.0,Loyal
17004,United Kingdom,2010-10-11 15:43:00,2011-10-24 14:25:00,4.0,2324.36,46.0,3.0,3.0,4.0,Champions
17005,United Kingdom,2010-04-30 10:55:00,2010-08-26 10:57:00,2.0,622.36,471.0,1.0,2.0,2.0,At Risk
17006,United Kingdom,2010-03-05 13:33:00,2011-12-05 12:09:00,8.0,1635.27,5.0,4.0,4.0,3.0,Champions
17007,United Kingdom,2010-09-28 13:51:00,2011-10-20 10:47:00,7.0,1120.1,51.0,3.0,4.0,3.0,Champions
17008,United Kingdom,2010-10-06 15:19:00,2010-10-06 15:19:00,1.0,81.36,429.0,1.0,1.0,1.0,Hibernating
17009,United Kingdom,2010-06-06 16:01:00,2010-06-06 16:01:00,1.0,242.06,551.0,1.0,1.0,1.0,Hibernating
17010,United Kingdom,2011-11-21 14:49:00,2011-11-21 14:49:00,1.0,195.36,18.0,4.0,1.0,1.0,Recent / Promising
17011,United Kingdom,2010-02-26 09:47:00,2011-11-09 13:30:00,3.0,671.7,30.0,3.0,3.0,2.0,Loyal
17012,United Kingdom,2009-12-14 17:34:00,2009-12-14 17:34:00,1.0,360.61,725.0,1.0,1.0,2.0,Hibernating
17014,United Kingdom,2011-10-04 11:36:00,2011-12-01 14:09:00,3.0,583.43,8.0,4.0,3.0,2.0,Loyal
17015,United Kingdom,2011-06-07 13:19:00,2011-11-11 10:45:00,3.0,1838.61,29.0,3.0,3.0,3.0,Champions
17016,United Kingdom,2010-05-12 12:32:00,2010-05-12 12:32:00,1.0,552.4,577.0,1.0,1.0,2.0,Hibernating
17017,United Kingdom,2009-12-03 13:22:00,2011-12-07 09:32:00,29.0,12576.99,3.0,4.0,4.0,4.0,Champions
17018,United Kingdom,2009-12-05 10:27:00,2011-10-30 11:42:00,6.0,2287.7,41.0,3.0,3.0,4.0,Champions
17019,United Kingdom,2009-12-02 11:52:00,2011-11-28 13:06:00,11.0,3586.99,11.0,4.0,4.0,4.0,Champions
17020,United Kingdom,2010-03-03 12:27:00,2010-06-15 13:06:00,2.0,935.62,542.0,1.0,2.0,3.0,At Risk
17021,United Kingdom,2010-04-29 20:05:00,2010-09-23 20:01:00,6.0,1182.22,442.0,1.0,3.0,3.0,Loyal
17022,United Kingdom,2010-10-03 10:27:00,2011-11-08 17:09:00,2.0,260.0,31.0,3.0,2.0,1.0,Recent / Promising
17023,United Kingdom,2010-01-11 15:09:00,2010-10-18 15:37:00,3.0,800.18,417.0,1.0,3.0,2.0,Loyal
17024,United Kingdom,2011-07-05 09:31:00,2011-10-25 13:47:00,3.0,95.85,45.0,3.0,3.0,1.0,Loyal
17025,United Kingdom,2010-03-08 13:37:00,2011-10-10 09:06:00,5.0,1349.67,61.0,3.0,3.0,3.0,Champions
17026,United Kingdom,2010-10-18 15:22:00,2011-06-07 14:28:00,3.0,175.83,185.0,2.0,3.0,1.0,Loyal
17027,United Kingdom,2009-12-10 12:10:00,2011-09-22 12:24:00,9.0,1310.63,79.0,3.0,4.0,3.0,Champions
17028,United Kingdom,2009-12-18 14:28:00,2010-05-07 15:33:00,3.0,1593.83,581.0,1.0,3.0,3.0,Loyal
17029,United Kingdom,2010-02-14 10:19:00,2011-08-21 11:06:00,7.0,2137.3,111.0,2.0,4.0,3.0,Loyal
17030,United Kingdom,2011-10-07 08:49:00,2011-10-07 08:49:00,1.0,146.87,64.0,3.0,1.0,1.0,Recent / Promising
17031,United Kingdom,2010-05-07 14:52:00,2011-11-28 10:23:00,6.0,2773.85,12.0,4.0,3.0,4.0,Champions
17032,United Kingdom,2009-12-10 15:36:00,2010-04-15 14:14:00,5.0,2896.69,603.0,1.0,3.0,4.0,Loyal
17033,United Kingdom,2010-11-07 12:55:00,2011-09-14 14:34:00,4.0,1332.79,86.0,3.0,3.0,3.0,Champions
17034,United Kingdom,2010-07-14 12:55:00,2011-11-23 15:14:00,5.0,1276.42,16.0,4.0,3.0,3.0,Champions
17035,United Kingdom,2009-12-03 10:37:00,2011-04-08 11:23:00,4.0,613.59,246.0,2.0,3.0,2.0,Loyal
17036,United Kingdom,2010-11-21 14:26:00,2010-11-21 14:26:00,1.0,176.9,383.0,1.0,1.0,1.0,Hibernating
17037,United Kingdom,2011-09-13 12:49:00,2011-09-13 12:49:00,1.0,1267.32,88.0,3.0,1.0,3.0,Recent / Promising
17038,United Kingdom,2010-10-20 16:04:00,2011-11-09 13:50:00,2.0,743.17,30.0,3.0,2.0,2.0,Recent / Promising
17039,United Kingdom,2010-04-14 12:56:00,2010-04-14 12:56:00,1.0,1954.99,604.0,1.0,1.0,3.0,Hibernating
17040,United Kingdom,2010-06-07 15:08:00,2011-07-25 10:19:00,2.0,463.25,138.0,2.0,2.0,2.0,Hibernating
17041,United Kingdom,2010-04-18 14:25:00,2011-11-13 11:21:00,6.0,1655.2,27.0,3.0,3.0,3.0,Champions
17042,United Kingdom,2011-04-06 14:53:00,2011-12-07 12:26:00,5.0,1036.58,3.0,4.0,3.0,3.0,Champions
17043,United Kingdom,2009-12-09 15:20:00,2011-11-07 15:33:00,8.0,2593.65,32.0,3.0,4.0,4.0,Champions
17044,United Kingdom,2009-12-07 12:25:00,2011-11-14 14:28:00,12.0,11962.3,25.0,4.0,4.0,4.0,Champions
17045,United Kingdom,2010-10-06 14:52:00,2011-08-18 17:09:00,5.0,827.68,113.0,2.0,3.0,2.0,Loyal
17046,United Kingdom,2010-03-29 13:46:00,2011-07-05 14:24:00,5.0,1906.07,157.0,2.0,3.0,3.0,Loyal
17047,United Kingdom,2009-12-08 08:48:00,2011-09-15 13:27:00,6.0,2289.23,85.0,3.0,3.0,4.0,Champions
17048,United Kingdom,2010-01-18 13:55:00,2011-08-14 11:49:00,7.0,2071.68,118.0,2.0,4.0,3.0,Loyal
17049,United Kingdom,2010-03-04 10:23:00,2011-12-07 10:48:00,19.0,9942.53,3.0,4.0,4.0,4.0,Champions
17050,United Kingdom,2010-01-26 14:54:00,2011-09-04 13:48:00,10.0,4348.46,96.0,2.0,4.0,4.0,Loyal
17051,United Kingdom,2010-03-21 14:55:00,2011-05-29 14:13:00,4.0,706.49,194.0,2.0,3.0,2.0,Loyal
17052,United Kingdom,2011-11-11 14:50:00,2011-11-11 14:50:00,1.0,399.09,28.0,3.0,1.0,2.0,Recent / Promising
17053,United Kingdom,2011-08-01 10:23:00,2011-08-01 10:23:00,1.0,498.48,131.0,2.0,1.0,2.0,Hibernating
17054,United Kingdom,2011-04-08 13:14:00,2011-11-11 12:56:00,5.0,1356.33,28.0,3.0,3.0,3.0,Champions
17055,United Kingdom,2010-09-20 12:21:00,2010-09-20 12:21:00,1.0,232.85,446.0,1.0,1.0,1.0,Hibernating
17056,United Kingdom,2009-12-01 12:55:00,2009-12-01 12:55:00,1.0,128.6,738.0,1.0,1.0,1.0,Hibernating
17057,United Kingdom,2010-04-22 19:21:00,2010-04-22 19:21:00,1.0,288.79,596.0,1.0,1.0,1.0,Hibernating
17058,United Kingdom,2011-04-14 09:18:00,2011-09-19 10:13:00,3.0,1179.89,82.0,3.0,3.0,3.0,Champions
17059,United Kingdom,2010-01-26 14:43:00,2011-11-10 12:27:00,9.0,4864.57,30.0,3.0,4.0,4.0,Champions
17060,United Kingdom,2011-03-18 13:27:00,2011-03-18 13:27:00,1.0,234.24,266.0,2.0,1.0,1.0,Hibernating
17061,United Kingdom,2011-04-21 13:29:00,2011-09-27 11:24:00,11.0,5232.23,74.0,3.0,4.0,4.0,Champions
17062,United Kingdom,2010-09-26 11:57:00,2011-01-30 11:01:00,6.0,884.71,314.0,2.0,3.0,3.0,Loyal
17063,United Kingdom,2009-12-01 12:36:00,2011-11-18 16:19:00,13.0,3638.53,21.0,4.0,4.0,4.0,Champions
17064,United Kingdom,2011-01-16 16:10:00,2011-10-12 10:18:00,3.0,855.45,59.0,3.0,3.0,2.0,Loyal
17065,United Kingdom,2010-03-12 11:40:00,2010-03-12 11:41:00,2.0,194.7,638.0,1.0,2.0,1.0,At Risk
17066,United Kingdom,2009-12-13 13:24:00,2009-12-13 13:24:00,1.0,228.34,726.0,1.0,1.0,1.0,Hibernating
17067,United Kingdom,2009-12-08 12:03:00,2009-12-15 08:39:00,3.0,454.54,725.0,1.0,3.0,2.0,Loyal
17068,United Kingdom,2010-03-28 14:26:00,2011-11-27 13:14:00,47.0,8980.18,12.0,4.0,4.0,4.0,Champions
17069,United Kingdom,2009-12-03 12:27:00,2011-11-11 17:13:00,14.0,5517.23,28.0,3.0,4.0,4.0,Champions
17070,United Kingdom,2010-10-25 15:57:00,2011-08-17 17:01:00,2.0,437.42,114.0,2.0,2.0,2.0,Hibernating
17071,United Kingdom,2010-01-24 13:05:00,2011-11-11 16:31:00,13.0,3793.71,28.0,3.0,4.0,4.0,Champions
17072,United Kingdom,2010-03-24 16:33:00,2010-03-24 16:33:00,1.0,273.35,625.0,1.0,1.0,1.0,Hibernating
17073,United Kingdom,2011-08-22 14:37:00,2011-11-22 11:47:00,4.0,1444.84,18.0,4.0,3.0,3.0,Champions
17074,United Kingdom,2010-05-26 12:04:00,2010-05-26 12:04:00,1.0,203.05,563.0,1.0,1.0,1.0,Hibernating
17075,United Kingdom,2009-12-14 11:24:00,2011-11-22 11:58:00,10.0,2236.63,18.0,4.0,4.0,3.0,Champions
17076,United Kingdom,2009-12-04 12:12:00,2011-11-03 17:53:00,6.0,1242.75,36.0,3.0,3.0,3.0,Champions
17077,United Kingdom,2010-05-10 16:36:00,2010-05-10 16:36:00,1.0,306.0,578.0,1.0,1.0,1.0,Hibernating
17078,United Kingdom,2011-11-03 18:49:00,2011-11-03 19:17:00,2.0,375.86,36.0,3.0,2.0,2.0,Recent / Promising
17079,United Kingdom,2011-09-22 15:34:00,2011-09-22 15:34:00,1.0,118.8,78.0,3.0,1.0,1.0,Recent / Promising
17080,United Kingdom,2010-07-01 16:03:00,2011-11-17 12:59:00,7.0,957.53,22.0,4.0,4.0,3.0,Champions
17081,United Kingdom,2010-02-22 13:19:00,2011-11-14 12:56:00,6.0,949.39,25.0,4.0,3.0,3.0,Champions
17082,United Kingdom,2009-12-15 11:25:00,2011-11-06 15:17:00,6.0,4732.03,33.0,3.0,3.0,4.0,Champions
17083,United Kingdom,2010-02-09 11:46:00,2011-08-22 15:43:00,9.0,4049.79,109.0,2.0,4.0,4.0,Loyal
17084,United Kingdom,2010-11-08 14:20:00,2011-11-04 14:54:00,3.0,5001.21,35.0,3.0,3.0,4.0,Champions
17085,United Kingdom,2009-12-06 12:16:00,2011-08-08 14:15:00,28.0,7839.27,123.0,2.0,4.0,4.0,Loyal
17086,United Kingdom,2011-10-07 11:22:00,2011-12-02 13:54:00,6.0,2050.08,7.0,4.0,3.0,3.0,Champions
17087,United Kingdom,2009-12-02 10:41:00,2009-12-02 10:41:00,1.0,221.53,738.0,1.0,1.0,1.0,Hibernating
17088,United Kingdom,2011-03-31 09:48:00,2011-11-11 14:23:00,4.0,1991.01,28.0,3.0,3.0,3.0,Champions
17089,United Kingdom,2010-11-18 15:33:00,2010-11-18 15:33:00,1.0,128.45,386.0,1.0,1.0,1.0,Hibernating
17090,United Kingdom,2010-07-19 16:02:00,2011-12-05 13:44:00,13.0,3080.18,4.0,4.0,4.0,4.0,Champions
17091,United Kingdom,2009-12-16 15:45:00,2011-12-07 10:43:00,19.0,7495.75,3.0,4.0,4.0,4.0,Champions
17092,United Kingdom,2010-02-02 16:42:00,2011-10-20 19:51:00,11.0,5511.41,50.0,3.0,4.0,4.0,Champions
17093,United Kingdom,2010-04-26 10:22:00,2010-04-26 10:22:00,1.0,235.88,593.0,1.0,1.0,1.0,Hibernating
17094,United Kingdom,2010-10-12 10:48:00,2011-01-21 13:09:00,2.0,402.2,322.0,2.0,2.0,2.0,Hibernating
17095,United Kingdom,2009-12-15 12:32:00,2011-11-17 12:21:00,7.0,2572.25,23.0,4.0,4.0,4.0,Champions
17096,United Kingdom,2010-06-02 14:48:00,2011-11-24 15:01:00,11.0,3697.93,15.0,4.0,4.0,4.0,Champions
17097,Spain,2010-10-05 14:09:00,2011-12-07 17:05:00,9.0,1143.36,2.0,4.0,4.0,3.0,Champions
17098,United Kingdom,2010-06-17 10:30:00,2010-11-23 12:13:00,3.0,591.07,382.0,1.0,3.0,2.0,Loyal
17099,United Kingdom,2010-06-24 16:25:00,2010-06-24 16:25:00,1.0,582.17,533.0,1.0,1.0,2.0,Hibernating
17100,United Kingdom,2011-11-21 16:36:00,2011-11-21 16:36:00,2.0,971.74,18.0,4.0,2.0,3.0,Recent / Promising
17101,United Kingdom,2010-06-07 15:12:00,2011-11-29 13:57:00,7.0,2507.05,10.0,4.0,4.0,4.0,Champions
17102,United Kingdom,2011-03-23 10:08:00,2011-03-23 10:08:00,1.0,25.5,262.0,2.0,1.0,1.0,Hibernating
17103,United Kingdom,2009-12-17 14:08:00,2009-12-17 14:08:00,1.0,424.3,722.0,1.0,1.0,2.0,Hibernating
17104,United Kingdom,2010-10-12 12:21:00,2010-10-12 12:21:00,1.0,474.03,424.0,1.0,1.0,2.0,Hibernating
17105,United Kingdom,2011-02-06 14:46:00,2011-07-03 15:53:00,2.0,665.78,159.0,2.0,2.0,2.0,Hibernating
17106,United Kingdom,2010-11-15 14:11:00,2010-11-15 14:11:00,1.0,481.58,389.0,1.0,1.0,2.0,Hibernating
17107,United Kingdom,2010-01-31 15:47:00,2011-11-06 14:14:00,10.0,16052.72,33.0,3.0,4.0,4.0,Champions
17108,United Kingdom,2010-02-14 12:22:00,2010-02-14 12:22:00,1.0,174.95,664.0,1.0,1.0,1.0,Hibernating
17109,United Kingdom,2010-07-30 12:42:00,2011-11-10 16:59:00,8.0,1291.71,29.0,3.0,4.0,3.0,Champions
17110,United Kingdom,2010-04-08 13:32:00,2011-06-27 12:58:00,3.0,499.9,165.0,2.0,3.0,2.0,Loyal
17111,United Kingdom,2010-10-10 15:21:00,2011-10-23 15:59:00,2.0,459.58,47.0,3.0,2.0,2.0,Recent / Promising
17112,United Kingdom,2010-07-25 11:14:00,2010-07-25 11:14:00,1.0,197.57,503.0,1.0,1.0,1.0,Hibernating
17113,United Kingdom,2010-01-11 10:14:00,2010-05-14 13:59:00,6.0,2305.59,574.0,1.0,3.0,4.0,Loyal
17114,United Kingdom,2011-01-09 11:39:00,2011-12-04 12:17:00,8.0,801.12,6.0,4.0,4.0,2.0,Loyal
17115,United Kingdom,2009-12-05 12:13:00,2011-12-01 14:30:00,7.0,2761.49,8.0,4.0,4.0,4.0,Champions
17116,United Kingdom,2010-03-01 16:29:00,2010-03-01 16:29:00,1.0,389.78,648.0,1.0,1.0,2.0,Hibernating
17117,United Kingdom,2011-02-24 13:54:00,2011-02-24 13:54:00,1.0,116.2,288.0,2.0,1.0,1.0,Hibernating
17118,United Kingdom,2011-01-26 12:19:00,2011-01-26 12:19:00,1.0,157.02,318.0,2.0,1.0,1.0,Hibernating
17119,United Kingdom,2011-10-11 11:03:00,2011-12-06 14:40:00,2.0,606.91,3.0,4.0,2.0,2.0,Recent / Promising
17120,United Kingdom,2011-04-20 15:21:00,2011-04-20 15:21:00,1.0,307.46,233.0,2.0,1.0,1.0,Hibernating
17121,United Kingdom,2010-11-02 11:47:00,2010-11-02 11:47:00,1.0,314.74,403.0,1.0,1.0,1.0,Hibernating
17122,United Kingdom,2010-07-28 09:34:00,2011-08-12 14:33:00,4.0,570.5,119.0,2.0,3.0,2.0,Loyal
17123,United Kingdom,2010-05-16 11:52:00,2011-07-01 10:47:00,3.0,966.67,162.0,2.0,3.0,3.0,Loyal
17124,United Kingdom,2011-06-07 14:02:00,2011-06-07 14:02:00,1.0,294.24,185.0,2.0,1.0,1.0,Hibernating
17125,United Kingdom,2011-10-20 14:41:00,2011-10-20 14:41:00,1.0,230.5,50.0,3.0,1.0,1.0,Recent / Promising
17126,United Kingdom,2010-08-31 13:41:00,2011-07-10 13:52:00,9.0,2008.93,152.0,2.0,4.0,3.0,Loyal
17127,United Kingdom,2009-12-04 15:18:00,2010-10-07 09:54:00,5.0,1155.03,429.0,1.0,3.0,3.0,Loyal
17128,United Kingdom,2011-01-09 12:02:00,2011-01-09 12:02:00,1.0,157.09,335.0,2.0,1.0,1.0,Hibernating
17129,United Kingdom,2010-07-07 13:46:00,2010-07-07 13:46:00,1.0,31.85,520.0,1.0,1.0,1.0,Hibernating
17131,United Kingdom,2011-09-25 12:42:00,2011-12-04 12:52:00,5.0,2463.17,5.0,4.0,3.0,4.0,Champions
17132,United Kingdom,2010-08-08 13:49:00,2010-09-13 16:31:00,2.0,1220.91,452.0,1.0,2.0,3.0,At Risk
17133,United Kingdom,2010-03-21 12:31:00,2011-11-24 12:27:00,12.0,14622.33,16.0,4.0,4.0,4.0,Champions
17134,United Kingdom,2010-09-23 18:32:00,2011-08-25 09:53:00,3.0,625.3,107.0,2.0,3.0,2.0,Loyal
17135,United Kingdom,2010-05-09 16:03:00,2011-11-23 16:48:00,10.0,1716.38,16.0,4.0,4.0,3.0,Champions
17136,United Kingdom,2010-02-15 13:13:00,2010-02-15 13:13:00,1.0,231.68,662.0,1.0,1.0,1.0,Hibernating
17137,United Kingdom,2010-01-31 12:27:00,2010-10-19 14:51:00,6.0,1099.81,416.0,1.0,3.0,3.0,Loyal
17138,United Kingdom,2010-02-04 14:19:00,2011-03-09 11:54:00,7.0,4417.27,276.0,2.0,4.0,4.0,Loyal
17139,United Kingdom,2010-01-11 11:31:00,2011-11-24 10:12:00,25.0,19566.76,16.0,4.0,4.0,4.0,Champions
17140,United Kingdom,2011-04-06 13:33:00,2011-04-06 13:33:00,1.0,454.12,247.0,2.0,1.0,2.0,Hibernating
17141,United Kingdom,2010-01-24 14:19:00,2010-10-17 14:54:00,4.0,727.58,418.0,1.0,3.0,2.0,Loyal
17142,United Kingdom,2010-01-24 15:23:00,2011-04-14 18:22:00,4.0,1275.25,239.0,2.0,3.0,3.0,Loyal
17143,United Kingdom,2010-07-12 13:26:00,2010-10-18 15:27:00,2.0,880.97,417.0,1.0,2.0,3.0,At Risk
17144,United Kingdom,2011-09-16 12:50:00,2011-12-08 17:57:00,2.0,984.57,1.0,4.0,2.0,3.0,Recent / Promising
17145,United Kingdom,2010-02-19 12:07:00,2010-07-15 09:02:00,4.0,3120.91,513.0,1.0,3.0,4.0,Loyal
17146,United Kingdom,2010-02-02 09:39:00,2011-08-26 12:44:00,13.0,5852.64,106.0,2.0,4.0,4.0,Loyal
17147,United Kingdom,2010-01-11 09:38:00,2011-11-17 12:32:00,9.0,3199.95,23.0,4.0,4.0,4.0,Champions
17148,United Kingdom,2011-10-19 09:59:00,2011-10-19 09:59:00,1.0,124.88,52.0,3.0,1.0,1.0,Recent / Promising
17149,United Kingdom,2010-09-14 14:56:00,2010-09-14 14:56:00,1.0,143.1,451.0,1.0,1.0,1.0,Hibernating
17150,United Kingdom,2009-12-06 10:51:00,2010-11-28 11:27:00,6.0,1357.95,377.0,2.0,3.0,3.0,Loyal
17151,United Kingdom,2009-12-04 14:56:00,2009-12-04 14:56:00,1.0,231.9,735.0,1.0,1.0,1.0,Hibernating
17152,United Kingdom,2010-10-10 12:40:00,2011-05-29 12:19:00,4.0,2016.5,195.0,2.0,3.0,3.0,Loyal
17153,United Kingdom,2011-11-15 13:42:00,2011-11-15 13:42:00,1.0,213.78,24.0,4.0,1.0,1.0,Recent / Promising
17154,United Kingdom,2011-09-25 13:42:00,2011-09-25 13:42:00,1.0,329.34,75.0,3.0,1.0,1.0,Recent / Promising
17155,United Kingdom,2009-12-03 11:34:00,2011-11-22 12:38:00,7.0,892.46,18.0,4.0,4.0,3.0,Champions
17156,United Kingdom,2010-08-05 11:30:00,2010-08-05 11:30:00,1.0,591.87,492.0,1.0,1.0,2.0,Hibernating
17157,United Kingdom,2009-12-04 13:00:00,2011-12-02 09:10:00,19.0,5151.9,8.0,4.0,4.0,4.0,Champions
17158,United Kingdom,2010-03-07 15:50:00,2011-11-07 15:15:00,5.0,1980.0,32.0,3.0,3.0,3.0,Champions
17159,United Kingdom,2010-03-04 14:53:00,2011-11-18 10:52:00,5.0,2099.59,22.0,4.0,3.0,3.0,Champions
17160,United Kingdom,2009-12-04 10:57:00,2011-11-08 14:05:00,17.0,10209.16,31.0,3.0,4.0,4.0,Champions
17161,United Kingdom,2010-09-21 16:44:00,2010-09-21 16:44:00,1.0,856.01,444.0,1.0,1.0,3.0,Hibernating
17162,United Kingdom,2011-02-07 12:27:00,2011-11-11 11:34:00,10.0,1715.46,29.0,3.0,4.0,3.0,Champions
17163,United Kingdom,2010-02-02 10:39:00,2011-11-18 08:57:00,4.0,699.78,22.0,4.0,3.0,2.0,Loyal
17164,United Kingdom,2011-03-11 14:26:00,2011-11-07 09:14:00,7.0,2467.35,33.0,3.0,4.0,4.0,Champions
17165,United Kingdom,2009-12-11 09:18:00,2011-02-28 16:39:00,6.0,1794.32,284.0,2.0,3.0,3.0,Loyal
17166,United Kingdom,2011-05-20 08:18:00,2011-11-01 09:46:00,2.0,206.34,39.0,3.0,2.0,1.0,Recent / Promising
17167,United Kingdom,2010-09-20 14:02:00,2010-11-25 10:05:00,3.0,867.11,380.0,1.0,3.0,3.0,Loyal
17168,United Kingdom,2010-07-29 12:33:00,2010-07-29 12:33:00,1.0,400.2,499.0,1.0,1.0,2.0,Hibernating
17169,United Kingdom,2010-05-10 13:00:00,2011-10-13 10:25:00,3.0,1156.73,58.0,3.0,3.0,3.0,Champions
17170,United Kingdom,2010-11-15 16:23:00,2010-11-30 15:55:00,2.0,178.68,374.0,2.0,2.0,1.0,Hibernating
17171,United Kingdom,2010-02-16 12:02:00,2011-02-23 16:37:00,2.0,384.59,289.0,2.0,2.0,2.0,Hibernating
17172,United Kingdom,2009-12-13 11:46:00,2011-09-22 09:36:00,3.0,956.57,79.0,3.0,3.0,3.0,Champions
17173,United Kingdom,2011-07-31 15:26:00,2011-12-04 14:40:00,8.0,3766.6,5.0,4.0,4.0,4.0,Champions
17174,United Kingdom,2011-05-06 11:47:00,2011-05-06 11:47:00,1.0,59.9,218.0,2.0,1.0,1.0,Hibernating
17175,United Kingdom,2011-02-16 14:56:00,2011-10-26 15:31:00,4.0,1443.69,44.0,3.0,3.0,3.0,Champions
17176,United Kingdom,2010-01-31 15:49:00,2011-05-22 12:41:00,3.0,902.32,202.0,2.0,3.0,3.0,Loyal
17177,United Kingdom,2010-07-22 14:53:00,2010-07-22 14:53:00,1.0,119.5,505.0,1.0,1.0,1.0,Hibernating
17178,United Kingdom,2009-12-08 16:20:00,2009-12-08 16:20:00,1.0,432.96,731.0,1.0,1.0,2.0,Hibernating
17179,United Kingdom,2010-05-26 11:22:00,2011-06-14 16:48:00,6.0,1507.26,178.0,2.0,3.0,3.0,Loyal
17180,United Kingdom,2010-01-21 17:43:00,2011-10-14 15:46:00,11.0,2236.77,56.0,3.0,4.0,3.0,Champions
17181,United Kingdom,2010-04-23 11:21:00,2011-10-13 14:48:00,3.0,309.85,57.0,3.0,3.0,1.0,Loyal
17182,United Kingdom,2009-12-21 15:22:00,2010-10-13 10:09:00,2.0,321.3,423.0,1.0,2.0,1.0,At Risk
17183,United Kingdom,2011-08-26 15:25:00,2011-12-02 10:07:00,6.0,3347.31,8.0,4.0,3.0,4.0,Champions
17184,United Kingdom,2009-12-09 14:17:00,2010-05-19 14:24:00,2.0,198.41,569.0,1.0,2.0,1.0,At Risk
17185,United Kingdom,2010-04-20 13:49:00,2010-04-27 12:15:00,3.0,229.46,592.0,1.0,3.0,1.0,Loyal
17186,United Kingdom,2011-10-10 12:52:00,2011-10-24 10:20:00,2.0,144.0,47.0,3.0,2.0,1.0,Recent / Promising
17187,United Kingdom,2010-07-01 14:38:00,2011-04-27 12:39:00,2.0,467.71,227.0,2.0,2.0,2.0,Hibernating
17188,United Kingdom,2009-12-08 19:16:00,2011-11-28 13:53:00,13.0,4592.93,11.0,4.0,4.0,4.0,Champions
17189,United Kingdom,2009-12-02 11:45:00,2011-08-25 19:39:00,5.0,953.63,106.0,2.0,3.0,3.0,Loyal
17190,United Kingdom,2010-03-05 13:21:00,2011-10-12 11:33:00,7.0,1724.73,59.0,3.0,4.0,3.0,Champions
17191,United Kingdom,2009-12-01 16:34:00,2011-11-11 16:58:00,15.0,4310.34,28.0,3.0,4.0,4.0,Champions
17192,United Kingdom,2010-06-21 16:07:00,2010-06-21 16:07:00,1.0,75.28,536.0,1.0,1.0,1.0,Hibernating
17193,United Kingdom,2009-12-02 10:02:00,2011-11-04 12:47:00,9.0,2310.04,36.0,3.0,4.0,4.0,Champions
17194,United Kingdom,2010-06-27 13:16:00,2010-12-14 12:06:00,2.0,776.66,361.0,2.0,2.0,2.0,Hibernating
17195,United Kingdom,2010-02-22 13:05:00,2010-02-22 13:05:00,1.0,562.98,655.0,1.0,1.0,2.0,Hibernating
17196,United Kingdom,2010-10-08 11:31:00,2010-10-08 11:31:00,1.0,327.75,428.0,1.0,1.0,1.0,Hibernating
17197,United Kingdom,2011-11-10 10:32:00,2011-11-10 10:32:00,1.0,1013.01,30.0,3.0,1.0,3.0,Recent / Promising
17198,United Kingdom,2010-12-03 14:54:00,2011-11-16 10:39:00,3.0,692.22,24.0,4.0,3.0,2.0,Loyal
17199,United Kingdom,2010-05-06 13:53:00,2010-05-06 13:53:00,1.0,135.04,582.0,1.0,1.0,1.0,Hibernating
17200,United Kingdom,2010-02-25 13:23:00,2010-11-17 13:04:00,4.0,356.71,387.0,1.0,3.0,2.0,Loyal
17201,United Kingdom,2010-02-10 12:26:00,2011-10-17 11:55:00,4.0,1132.6,54.0,3.0,3.0,3.0,Champions
17202,United Kingdom,2010-10-15 11:25:00,2010-10-15 11:25:00,1.0,160.65,421.0,1.0,1.0,1.0,Hibernating
17203,United Kingdom,2010-11-16 12:52:00,2011-11-04 12:27:00,10.0,5564.09,36.0,3.0,4.0,4.0,Champions
17204,United Kingdom,2010-06-10 11:37:00,2011-06-17 14:46:00,9.0,5504.69,175.0,2.0,4.0,4.0,Loyal
17205,United Kingdom,2010-05-24 15:36:00,2011-10-17 12:46:00,3.0,999.35,54.0,3.0,3.0,3.0,Champions
17206,United Kingdom,2011-10-17 13:25:00,2011-10-17 13:25:00,1.0,204.24,53.0,3.0,1.0,1.0,Recent / Promising
17207,United Kingdom,2010-02-25 19:08:00,2010-02-25 19:08:00,1.0,291.77,652.0,1.0,1.0,1.0,Hibernating
17208,United Kingdom,2010-11-09 12:50:00,2010-11-09 12:50:00,1.0,111.15,396.0,1.0,1.0,1.0,Hibernating
17209,United Kingdom,2009-12-03 11:10:00,2010-02-28 16:01:00,3.0,595.7,649.0,1.0,3.0,2.0,Loyal
17210,United Kingdom,2010-11-12 12:15:00,2010-11-12 12:15:00,1.0,251.72,393.0,1.0,1.0,1.0,Hibernating
17211,United Kingdom,2009-12-13 13:17:00,2011-11-13 12:03:00,13.0,3773.35,27.0,3.0,4.0,4.0,Champions
17212,United Kingdom,2010-08-10 09:22:00,2011-03-31 19:42:00,3.0,794.41,253.0,2.0,3.0,2.0,Loyal
17213,United Kingdom,2009-12-15 10:28:00,2011-10-30 14:53:00,13.0,4869.4,40.0,3.0,4.0,4.0,Champions
17214,United Kingdom,2010-12-15 15:14:00,2011-10-10 13:17:00,6.0,1059.12,60.0,3.0,3.0,3.0,Champions
17215,United Kingdom,2010-09-01 13:39:00,2010-09-01 13:39:00,1.0,186.15,464.0,1.0,1.0,1.0,Hibernating
17216,United Kingdom,2010-06-03 13:03:00,2010-06-03 13:03:00,1.0,63.6,554.0,1.0,1.0,1.0,Hibernating
17217,United Kingdom,2010-03-30 13:35:00,2011-04-19 17:19:00,2.0,210.1,234.0,2.0,2.0,1.0,Hibernating
17218,United Kingdom,2010-01-25 16:12:00,2011-12-05 13:52:00,18.0,3889.39,4.0,4.0,4.0,4.0,Champions
17219,United Kingdom,2010-10-19 11:29:00,2011-11-08 11:25:00,2.0,259.13,32.0,3.0,2.0,1.0,Recent / Promising
17220,United Kingdom,2010-01-20 11:57:00,2011-11-15 13:47:00,21.0,4451.41,24.0,4.0,4.0,4.0,Champions
17221,United Kingdom,2010-04-11 15:34:00,2011-12-02 13:35:00,5.0,976.62,7.0,4.0,3.0,3.0,Champions
17222,United Kingdom,2010-01-10 15:24:00,2011-10-05 13:58:00,6.0,1563.61,65.0,3.0,3.0,3.0,Champions
17223,United Kingdom,2010-11-29 17:19:00,2011-02-02 15:57:00,3.0,523.04,310.0,2.0,3.0,2.0,Loyal
17224,United Kingdom,2010-07-26 13:30:00,2010-07-26 13:30:00,1.0,100.86,501.0,1.0,1.0,1.0,Hibernating
17225,United Kingdom,2010-05-07 11:38:00,2010-05-07 11:38:00,1.0,131.15,582.0,1.0,1.0,1.0,Hibernating
17226,United Kingdom,2010-02-12 14:31:00,2011-02-04 11:52:00,3.0,895.47,309.0,2.0,3.0,3.0,Loyal
17227,United Kingdom,2010-01-15 15:05:00,2011-11-21 10:51:00,12.0,1878.93,19.0,4.0,4.0,3.0,Champions
17228,United Kingdom,2010-03-12 11:54:00,2011-11-24 10:24:00,13.0,2820.03,16.0,4.0,4.0,4.0,Champions
17229,United Kingdom,2011-07-20 12:38:00,2011-09-04 13:56:00,2.0,318.76,96.0,2.0,2.0,1.0,Hibernating
17230,United Kingdom,2009-12-08 13:41:00,2011-03-20 16:12:00,18.0,9388.49,264.0,2.0,4.0,4.0,Loyal
17231,United Kingdom,2009-12-07 16:38:00,2011-11-27 15:18:00,25.0,7064.8,12.0,4.0,4.0,4.0,Champions
17232,United Kingdom,2011-11-25 12:24:00,2011-12-07 12:21:00,2.0,417.77,3.0,4.0,2.0,2.0,Recent / Promising
17233,United Kingdom,2009-12-15 12:03:00,2011-11-04 14:06:00,3.0,560.86,35.0,3.0,3.0,2.0,Loyal
17234,United Kingdom,2011-06-10 11:20:00,2011-06-10 11:20:00,1.0,149.89,183.0,2.0,1.0,1.0,Hibernating
17235,United Kingdom,2010-06-04 17:01:00,2011-11-14 15:51:00,8.0,1562.98,25.0,4.0,4.0,3.0,Champions
17236,United Kingdom,2010-03-07 13:00:00,2011-11-27 12:00:00,12.0,1929.26,13.0,4.0,4.0,3.0,Champions
17237,United Kingdom,2010-11-23 11:45:00,2011-11-28 15:02:00,4.0,994.13,11.0,4.0,3.0,3.0,Champions
17238,United Kingdom,2009-12-01 10:59:00,2011-12-07 11:35:00,32.0,7331.17,3.0,4.0,4.0,4.0,Champions
17239,United Kingdom,2010-07-01 10:53:00,2011-01-31 09:41:00,4.0,1189.45,313.0,2.0,3.0,3.0,Loyal
17240,United Kingdom,2010-04-22 15:44:00,2010-04-22 15:44:00,1.0,130.6,596.0,1.0,1.0,1.0,Hibernating
17241,United Kingdom,2010-02-15 14:47:00,2010-11-19 13:01:00,12.0,2736.64,385.0,1.0,4.0,4.0,Loyal
17242,United Kingdom,2010-01-24 10:27:00,2011-08-23 14:55:00,5.0,2889.28,108.0,2.0,3.0,4.0,Loyal
17243,United Kingdom,2009-12-01 15:36:00,2011-12-08 13:26:00,69.0,20184.68,1.0,4.0,4.0,4.0,Champions
17244,United Kingdom,2009-12-06 11:27:00,2011-10-17 15:19:00,5.0,1826.04,53.0,3.0,3.0,3.0,Champions
17245,United Kingdom,2010-01-19 15:39:00,2011-05-19 10:43:00,2.0,371.63,205.0,2.0,2.0,2.0,Hibernating
17246,United Kingdom,2009-12-01 17:45:00,2010-06-11 12:36:00,2.0,38.92,547.0,1.0,2.0,1.0,At Risk
17247,United Kingdom,2011-11-24 15:21:00,2011-11-24 15:21:00,1.0,280.09,15.0,4.0,1.0,1.0,Recent / Promising
17248,United Kingdom,2010-08-15 11:55:00,2011-08-11 13:34:00,2.0,500.54,120.0,2.0,2.0,2.0,Hibernating
17249,United Kingdom,2010-10-07 11:33:00,2010-10-07 11:33:00,1.0,68.03,429.0,1.0,1.0,1.0,Hibernating
17250,United Kingdom,2011-03-23 16:45:00,2011-12-06 12:15:00,2.0,381.97,4.0,4.0,2.0,2.0,Recent / Promising
17251,United Kingdom,2009-12-15 10:36:00,2010-12-12 11:06:00,3.0,798.98,363.0,2.0,3.0,2.0,Loyal
17252,United Kingdom,2011-06-06 16:41:00,2011-08-15 09:45:00,2.0,348.91,117.0,2.0,2.0,2.0,Hibernating
17253,United Kingdom,2011-11-21 12:59:00,2011-11-21 12:59:00,1.0,178.26,18.0,4.0,1.0,1.0,Recent / Promising
17254,United Kingdom,2010-11-03 14:00:00,2011-12-05 12:46:00,3.0,469.48,5.0,4.0,3.0,2.0,Loyal
17255,United Kingdom,2010-09-19 15:53:00,2011-10-30 12:18:00,4.0,781.7,41.0,3.0,3.0,2.0,Loyal
17256,United Kingdom,2010-04-18 13:40:00,2011-08-24 13:30:00,5.0,498.93,107.0,2.0,3.0,2.0,Loyal
17257,United Kingdom,2010-09-29 12:49:00,2010-09-29 12:51:00,2.0,189.78,436.0,1.0,2.0,1.0,At Risk
17258,United Kingdom,2010-02-12 15:51:00,2010-11-08 12:37:00,2.0,417.3,397.0,1.0,2.0,2.0,At Risk
17259,United Kingdom,2010-02-22 13:38:00,2011-07-14 15:01:00,6.0,1452.39,148.0,2.0,3.0,3.0,Loyal
17260,United Kingdom,2010-10-24 13:21:00,2010-10-24 13:21:00,1.0,120.95,411.0,1.0,1.0,1.0,Hibernating
17261,United Kingdom,2010-07-18 11:49:00,2010-07-18 11:49:00,1.0,221.59,510.0,1.0,1.0,1.0,Hibernating
17262,United Kingdom,2009-12-15 11:26:00,2011-10-18 12:56:00,11.0,2488.76,52.0,3.0,4.0,4.0,Champions
17263,United Kingdom,2011-05-15 14:32:00,2011-05-15 14:32:00,1.0,63.44,208.0,2.0,1.0,1.0,Hibernating
17264,United Kingdom,2010-10-11 12:52:00,2010-10-11 12:52:00,1.0,268.28,424.0,1.0,1.0,1.0,Hibernating
17265,United Kingdom,2011-06-12 12:00:00,2011-07-24 10:49:00,2.0,550.01,139.0,2.0,2.0,2.0,Hibernating
17266,United Kingdom,2010-03-09 10:42:00,2011-12-07 14:12:00,5.0,501.72,2.0,4.0,3.0,2.0,Loyal
17267,United Kingdom,2011-08-04 17:19:00,2011-08-04 17:22:00,2.0,317.2,127.0,2.0,2.0,1.0,Hibernating
17268,United Kingdom,2009-12-08 11:46:00,2011-08-24 10:06:00,11.0,1733.89,108.0,2.0,4.0,3.0,Loyal
17269,United Kingdom,2010-11-19 11:12:00,2010-11-19 11:12:00,1.0,491.81,386.0,1.0,1.0,2.0,Hibernating
17270,United Kingdom,2009-12-07 17:18:00,2010-08-27 14:09:00,2.0,601.45,469.0,1.0,2.0,2.0,At Risk
17271,United Kingdom,2009-12-03 13:49:00,2009-12-03 13:49:00,1.0,204.3,736.0,1.0,1.0,1.0,Hibernating
17272,United Kingdom,2011-03-22 12:05:00,2011-10-28 16:37:00,4.0,2148.63,42.0,3.0,3.0,3.0,Champions
17273,United Kingdom,2010-10-11 15:57:00,2010-10-11 15:57:00,1.0,141.12,424.0,1.0,1.0,1.0,Hibernating
17274,United Kingdom,2010-11-09 12:06:00,2011-11-04 13:16:00,2.0,573.22,35.0,3.0,2.0,2.0,Recent / Promising
17275,United Kingdom,2010-11-21 13:26:00,2010-11-21 13:26:00,1.0,114.1,383.0,1.0,1.0,1.0,Hibernating
17276,United Kingdom,2010-11-02 16:20:00,2010-11-02 16:20:00,1.0,501.24,402.0,1.0,1.0,2.0,Hibernating
17277,United Kingdom,2011-01-21 12:37:00,2011-04-26 12:47:00,2.0,1065.35,228.0,2.0,2.0,3.0,Hibernating
17278,United Kingdom,2010-05-23 13:49:00,2011-04-12 13:10:00,2.0,271.24,241.0,2.0,2.0,1.0,Hibernating
17279,United Kingdom,2011-10-13 11:58:00,2011-10-13 11:58:00,1.0,187.83,58.0,3.0,1.0,1.0,Recent / Promising
17280,United Kingdom,2010-09-27 16:46:00,2010-09-27 16:46:00,1.0,118.86,438.0,1.0,1.0,1.0,Hibernating
17281,United Kingdom,2010-02-04 13:00:00,2010-11-30 18:05:00,6.0,797.85,374.0,2.0,3.0,2.0,Loyal
17282,United Kingdom,2010-06-09 12:07:00,2011-08-01 14:29:00,5.0,2308.54,130.0,2.0,3.0,4.0,Loyal
17283,United Kingdom,2010-11-26 11:53:00,2010-11-26 11:53:00,1.0,188.46,379.0,2.0,1.0,1.0,Hibernating
17284,United Kingdom,2010-11-15 17:14:00,2011-10-10 14:38:00,7.0,2558.6,60.0,3.0,4.0,4.0,Champions
17285,United Kingdom,2010-02-14 14:10:00,2010-03-21 13:38:00,2.0,400.44,628.0,1.0,2.0,2.0,At Risk
17286,United Kingdom,2010-11-04 13:43:00,2011-11-18 12:47:00,3.0,389.18,22.0,4.0,3.0,2.0,Loyal
17287,United Kingdom,2009-12-03 12:45:00,2011-11-13 13:27:00,21.0,3826.86,26.0,3.0,4.0,4.0,Champions
17288,United Kingdom,2010-11-10 14:44:00,2011-11-30 16:09:00,11.0,2468.43,9.0,4.0,4.0,4.0,Champions
17289,United Kingdom,2010-03-08 12:52:00,2011-11-08 12:01:00,9.0,2041.8,32.0,3.0,4.0,3.0,Champions
17290,United Kingdom,2009-12-13 13:28:00,2011-12-06 12:38:00,8.0,1427.48,4.0,4.0,4.0,3.0,Champions
17291,United Kingdom,2011-02-04 13:04:00,2011-02-04 13:04:00,1.0,550.8,308.0,2.0,1.0,2.0,Hibernating
17292,United Kingdom,2010-05-09 14:52:00,2010-08-24 17:14:00,2.0,271.75,472.0,1.0,2.0,1.0,At Risk
17293,United Kingdom,2009-12-03 15:09:00,2011-12-01 14:37:00,17.0,3750.63,8.0,4.0,4.0,4.0,Champions
17294,United Kingdom,2010-02-08 14:21:00,2010-02-08 16:12:00,2.0,467.79,669.0,1.0,2.0,2.0,At Risk
17295,United Kingdom,2011-10-06 12:22:00,2011-11-11 10:49:00,3.0,547.0,29.0,3.0,3.0,2.0,Loyal
17296,United Kingdom,2009-12-09 14:01:00,2009-12-09 14:01:00,1.0,338.13,730.0,1.0,1.0,1.0,Hibernating
17297,United Kingdom,2011-11-22 14:43:00,2011-11-22 14:43:00,1.0,128.18,17.0,4.0,1.0,1.0,Recent / Promising
17298,United Kingdom,2010-03-08 08:56:00,2011-08-30 16:43:00,5.0,938.36,101.0,2.0,3.0,3.0,Loyal
17299,United Kingdom,2010-08-15 16:00:00,2011-11-28 12:01:00,6.0,993.23,12.0,4.0,3.0,3.0,Champions
17300,United Kingdom,2010-08-15 11:02:00,2010-11-14 10:56:00,2.0,393.64,391.0,1.0,2.0,2.0,At Risk
17301,United Kingdom,2010-03-25 13:16:00,2011-11-18 13:43:00,2.0,294.39,21.0,4.0,2.0,1.0,Recent / Promising
17302,United Kingdom,2011-02-07 10:14:00,2011-11-25 09:36:00,5.0,1135.63,15.0,4.0,3.0,3.0,Champions
17303,United Kingdom,2010-12-13 13:32:00,2010-12-13 13:32:00,1.0,250.04,361.0,2.0,1.0,1.0,Hibernating
17304,United Kingdom,2010-06-23 16:23:00,2010-06-23 16:23:00,1.0,111.5,534.0,1.0,1.0,1.0,Hibernating
17305,United Kingdom,2010-03-01 12:47:00,2010-03-01 12:47:00,1.0,2135.46,649.0,1.0,1.0,3.0,Hibernating
17306,United Kingdom,2010-11-01 11:38:00,2011-11-29 12:14:00,21.0,9782.35,11.0,4.0,4.0,4.0,Champions
17307,United Kingdom,2010-01-19 16:38:00,2010-11-09 13:40:00,11.0,3999.89,395.0,1.0,4.0,4.0,Loyal
17308,United Kingdom,2010-09-13 09:35:00,2010-11-11 13:19:00,2.0,4511.76,393.0,1.0,2.0,4.0,At Risk
17309,United Kingdom,2010-02-04 15:49:00,2011-09-05 15:20:00,3.0,320.39,95.0,3.0,3.0,1.0,Loyal
17310,United Kingdom,2010-06-23 11:38:00,2010-11-17 16:00:00,2.0,1025.1,387.0,1.0,2.0,3.0,At Risk
17311,United Kingdom,2010-02-03 12:38:00,2011-09-22 14:11:00,6.0,3566.56,78.0,3.0,3.0,4.0,Champions
17312,United Kingdom,2011-07-03 13:12:00,2011-07-24 11:52:00,3.0,644.3,139.0,2.0,3.0,2.0,Loyal
17313,United Kingdom,2011-11-08 15:45:00,2011-11-08 15:45:00,1.0,2328.84,31.0,3.0,1.0,4.0,Recent / Promising
17314,United Kingdom,2009-12-03 11:25:00,2011-11-15 09:41:00,17.0,4904.43,25.0,4.0,4.0,4.0,Champions
17315,United Kingdom,2010-09-27 12:45:00,2011-12-08 12:15:00,41.0,9559.5,2.0,4.0,4.0,4.0,Champions
17316,United Kingdom,2010-10-15 14:35:00,2010-10-15 14:35:00,1.0,124.45,420.0,1.0,1.0,1.0,Hibernating
17317,United Kingdom,2011-09-11 12:45:00,2011-10-24 17:19:00,3.0,2600.34,46.0,3.0,3.0,4.0,Champions
17318,United Kingdom,2009-12-14 13:11:00,2009-12-14 13:11:00,1.0,157.33,725.0,1.0,1.0,1.0,Hibernating
17319,United Kingdom,2010-02-08 15:47:00,2010-02-08 15:47:00,1.0,29.1,669.0,1.0,1.0,1.0,Hibernating
17320,United Kingdom,2010-01-21 16:29:00,2011-08-31 13:31:00,6.0,2444.85,100.0,2.0,3.0,4.0,Loyal
17321,United Kingdom,2010-05-11 12:10:00,2011-12-01 13:41:00,6.0,1665.21,8.0,4.0,3.0,3.0,Champions
17322,United Kingdom,2009-12-03 11:46:00,2010-11-28 14:41:00,5.0,922.59,376.0,2.0,3.0,3.0,Loyal
17323,United Kingdom,2010-01-10 11:58:00,2011-11-24 17:29:00,12.0,1547.64,15.0,4.0,4.0,3.0,Champions
17324,United Kingdom,2009-12-18 15:29:00,2011-11-22 10:34:00,12.0,2171.07,18.0,4.0,4.0,3.0,Champions
17325,United Kingdom,2010-03-08 11:31:00,2011-03-04 13:09:00,3.0,609.57,280.0,2.0,3.0,2.0,Loyal
17326,United Kingdom,2010-06-28 14:05:00,2010-10-27 15:38:00,2.0,312.35,408.0,1.0,2.0,1.0,At Risk
17327,United Kingdom,2010-05-26 11:20:00,2010-10-26 09:54:00,2.0,152.35,410.0,1.0,2.0,1.0,At Risk
17328,United Kingdom,2010-02-04 17:11:00,2010-02-04 17:11:00,1.0,104.7,673.0,1.0,1.0,1.0,Hibernating
17329,United Kingdom,2009-12-03 16:09:00,2011-11-25 14:24:00,5.0,998.53,14.0,4.0,3.0,3.0,Champions
17330,United Kingdom,2010-03-02 09:20:00,2011-11-17 08:56:00,4.0,423.8,23.0,4.0,3.0,2.0,Loyal
17331,United Kingdom,2011-08-08 11:55:00,2011-08-08 11:55:00,1.0,175.2,124.0,2.0,1.0,1.0,Hibernating
17332,United Kingdom,2010-02-21 14:41:00,2010-06-29 16:10:00,5.0,827.77,528.0,1.0,3.0,2.0,Loyal
17333,United Kingdom,2011-09-15 10:11:00,2011-09-15 10:11:00,1.0,494.25,86.0,3.0,1.0,2.0,Recent / Promising
17334,United Kingdom,2010-10-29 12:16:00,2011-02-10 14:59:00,3.0,635.15,302.0,2.0,3.0,2.0,Loyal
17335,United Kingdom,2010-01-24 11:15:00,2010-11-21 10:17:00,2.0,497.04,384.0,1.0,2.0,2.0,At Risk
17336,United Kingdom,2010-08-24 15:37:00,2010-08-24 15:37:00,1.0,81.12,472.0,1.0,1.0,1.0,Hibernating
17337,United Kingdom,2011-02-02 17:06:00,2011-07-11 14:55:00,4.0,1979.61,151.0,2.0,3.0,3.0,Loyal
17338,United Kingdom,2010-03-10 16:09:00,2011-11-22 14:23:00,17.0,11880.54,17.0,4.0,4.0,4.0,Champions
17339,United Kingdom,2010-07-18 13:08:00,2011-09-06 13:29:00,3.0,302.36,94.0,3.0,3.0,1.0,Loyal
17340,United Kingdom,2010-02-14 14:54:00,2011-11-10 10:45:00,18.0,19617.95,30.0,3.0,4.0,4.0,Champions
17341,United Kingdom,2010-06-17 18:17:00,2011-07-06 12:33:00,5.0,1272.21,157.0,2.0,3.0,3.0,Loyal
17342,United Kingdom,2010-02-08 09:16:00,2010-11-25 11:07:00,4.0,1227.54,380.0,1.0,3.0,3.0,Loyal
17343,United Kingdom,2009-12-03 18:30:00,2010-12-19 15:07:00,6.0,1259.94,355.0,2.0,3.0,3.0,Loyal
17344,United Kingdom,2009-12-11 12:31:00,2011-10-24 12:56:00,2.0,457.36,46.0,3.0,2.0,2.0,Recent / Promising
17345,United Kingdom,2009-12-01 16:17:00,2011-11-24 15:03:00,10.0,1586.63,15.0,4.0,4.0,3.0,Champions
17346,United Kingdom,2010-04-18 12:18:00,2011-12-06 12:18:00,26.0,4991.41,4.0,4.0,4.0,4.0,Champions
17347,United Kingdom,2011-09-14 13:12:00,2011-09-14 13:12:00,1.0,228.96,86.0,3.0,1.0,1.0,Recent / Promising
17348,United Kingdom,2010-03-10 12:13:00,2011-11-25 11:25:00,9.0,2430.99,15.0,4.0,4.0,4.0,Champions
17349,United Kingdom,2010-03-18 14:26:00,2011-06-13 14:29:00,5.0,772.41,179.0,2.0,3.0,2.0,Loyal
17350,United Kingdom,2010-02-01 15:38:00,2011-12-01 15:47:00,7.0,1893.7,8.0,4.0,4.0,3.0,Champions
17351,United Kingdom,2009-12-10 18:43:00,2011-11-03 18:45:00,12.0,1964.38,36.0,3.0,4.0,3.0,Champions
17352,United Kingdom,2010-01-12 16:13:00,2010-01-12 16:13:00,1.0,36.25,696.0,1.0,1.0,1.0,Hibernating
17353,United Kingdom,2010-03-25 12:52:00,2011-08-02 17:19:00,4.0,3242.0,129.0,2.0,3.0,4.0,Loyal
17354,United Kingdom,2010-10-07 13:22:00,2011-10-20 10:34:00,4.0,3133.96,51.0,3.0,3.0,4.0,Champions
17355,United Kingdom,2010-11-18 13:18:00,2010-11-18 13:18:00,1.0,273.31,386.0,1.0,1.0,1.0,Hibernating
17356,United Kingdom,2010-01-20 12:14:00,2011-02-01 11:07:00,5.0,946.47,312.0,2.0,3.0,3.0,Loyal
17357,United Kingdom,2011-11-15 16:29:00,2011-11-15 16:30:00,2.0,384.39,24.0,4.0,2.0,2.0,Recent / Promising
17358,United Kingdom,2010-02-24 16:42:00,2011-02-09 16:57:00,5.0,861.01,303.0,2.0,3.0,3.0,Loyal
17359,United Kingdom,2010-03-01 14:48:00,2011-11-28 14:37:00,2.0,284.46,11.0,4.0,2.0,1.0,Recent / Promising
17360,United Kingdom,2010-10-01 12:07:00,2011-11-22 13:11:00,6.0,1200.51,17.0,4.0,3.0,3.0,Champions
17361,United Kingdom,2010-02-01 14:30:00,2011-10-21 15:43:00,5.0,871.79,49.0,3.0,3.0,3.0,Champions
17362,United Kingdom,2010-01-06 10:53:00,2011-04-14 14:43:00,7.0,1024.04,239.0,2.0,4.0,3.0,Loyal
17363,United Kingdom,2010-11-02 17:25:00,2010-11-09 17:11:00,3.0,920.46,395.0,1.0,3.0,3.0,Loyal
17364,United Kingdom,2009-12-07 15:28:00,2011-12-09 09:00:00,27.0,11614.45,1.0,4.0,4.0,4.0,Champions
17365,United Kingdom,2010-02-01 11:56:00,2011-11-27 12:13:00,15.0,8179.45,13.0,4.0,4.0,4.0,Champions
17366,United Kingdom,2010-09-09 19:46:00,2010-10-03 16:04:00,2.0,1077.24,432.0,1.0,2.0,3.0,At Risk
17367,United Kingdom,2011-04-15 14:21:00,2011-04-15 14:21:00,1.0,167.55,238.0,2.0,1.0,1.0,Hibernating
17368,United Kingdom,2009-12-15 17:45:00,2011-11-16 15:26:00,14.0,2758.29,23.0,4.0,4.0,4.0,Champions
17369,United Kingdom,2010-09-10 09:49:00,2010-09-10 09:49:00,1.0,979.2,456.0,1.0,1.0,3.0,Hibernating
17370,United Kingdom,2011-06-23 11:50:00,2011-09-28 10:14:00,4.0,446.18,73.0,3.0,3.0,2.0,Loyal
17371,United Kingdom,2009-12-08 12:25:00,2011-11-22 13:30:00,6.0,651.37,17.0,4.0,3.0,2.0,Loyal
17372,United Kingdom,2009-12-03 18:41:00,2011-10-30 11:37:00,27.0,4316.46,41.0,3.0,4.0,4.0,Champions
17373,United Kingdom,2010-02-28 14:17:00,2011-10-30 15:28:00,7.0,1167.5,40.0,3.0,4.0,3.0,Champions
17374,United Kingdom,2010-11-09 17:14:00,2011-05-05 09:05:00,3.0,727.11,219.0,2.0,3.0,2.0,Loyal
17375,United Kingdom,2010-10-04 09:14:00,2011-05-24 15:45:00,4.0,660.55,199.0,2.0,3.0,2.0,Loyal
17376,United Kingdom,2010-07-05 11:11:00,2011-09-30 12:36:00,4.0,453.64,71.0,3.0,3.0,2.0,Loyal
17377,United Kingdom,2009-12-02 12:39:00,2011-11-16 11:17:00,78.0,17639.23,24.0,4.0,4.0,4.0,Champions
17378,United Kingdom,2010-11-30 18:46:00,2010-11-30 18:46:00,1.0,10.95,374.0,2.0,1.0,1.0,Hibernating
17379,United Kingdom,2011-11-28 13:56:00,2011-11-28 13:56:00,1.0,389.72,11.0,4.0,1.0,2.0,Recent / Promising
17380,United Kingdom,2010-06-23 11:24:00,2010-10-01 16:42:00,3.0,645.0,434.0,1.0,3.0,2.0,Loyal
17381,United Kingdom,2010-06-09 12:55:00,2011-12-01 11:59:00,38.0,36398.65,9.0,4.0,4.0,4.0,Champions
17382,United Kingdom,2010-05-19 11:33:00,2011-10-05 13:05:00,8.0,902.28,65.0,3.0,4.0,3.0,Champions
17383,United Kingdom,2010-09-12 14:54:00,2011-12-05 17:36:00,2.0,304.09,4.0,4.0,2.0,1.0,Recent / Promising
17384,United Kingdom,2010-08-29 16:01:00,2011-11-20 15:48:00,3.0,507.55,19.0,4.0,3.0,2.0,Loyal
17385,United Kingdom,2011-11-25 11:02:00,2011-11-25 11:02:00,1.0,256.11,15.0,4.0,1.0,1.0,Recent / Promising
17386,United Kingdom,2010-11-19 13:40:00,2011-12-02 11:28:00,7.0,2812.77,8.0,4.0,4.0,4.0,Champions
17387,United Kingdom,2011-11-06 11:25:00,2011-11-20 11:00:00,2.0,746.81,20.0,4.0,2.0,2.0,Recent / Promising
17388,United Kingdom,2009-12-10 11:45:00,2011-09-23 10:31:00,11.0,2675.37,78.0,3.0,4.0,4.0,Champions
17389,United Kingdom,2009-12-04 12:06:00,2011-12-09 09:38:00,61.0,57215.33,1.0,4.0,4.0,4.0,Champions
17390,United Kingdom,2010-10-15 11:29:00,2010-10-15 11:29:00,1.0,149.3,421.0,1.0,1.0,1.0,Hibernating
17391,United Kingdom,2011-06-28 12:21:00,2011-06-29 09:58:00,2.0,508.8,164.0,2.0,2.0,2.0,Hibernating
17392,United Kingdom,2010-09-15 16:17:00,2011-02-06 12:48:00,3.0,579.92,307.0,2.0,3.0,2.0,Loyal
17393,United Kingdom,2010-08-08 15:53:00,2010-10-25 11:10:00,2.0,381.15,411.0,1.0,2.0,2.0,At Risk
17394,United Kingdom,2011-05-04 13:22:00,2011-05-04 13:22:00,1.0,203.87,219.0,2.0,1.0,1.0,Hibernating
17395,United Kingdom,2010-07-19 15:34:00,2010-07-19 15:34:00,1.0,97.5,508.0,1.0,1.0,1.0,Hibernating
17396,United Kingdom,2010-09-24 13:04:00,2011-10-31 14:12:00,13.0,8391.6,39.0,3.0,4.0,4.0,Champions
17397,United Kingdom,2010-10-19 13:20:00,2011-11-17 14:08:00,3.0,1198.28,22.0,4.0,3.0,3.0,Champions
17398,United Kingdom,2011-03-29 13:04:00,2011-08-17 09:48:00,3.0,653.38,115.0,2.0,3.0,2.0,Loyal
17400,United Kingdom,2009-12-17 15:41:00,2011-08-05 15:38:00,8.0,4623.28,126.0,2.0,4.0,4.0,Loyal
17401,United Kingdom,2010-06-16 16:54:00,2010-06-16 16:54:00,1.0,114.85,541.0,1.0,1.0,1.0,Hibernating
17402,United Kingdom,2009-12-16 17:40:00,2011-12-05 10:15:00,22.0,4600.56,5.0,4.0,4.0,4.0,Champions
17403,United Kingdom,2010-09-15 12:29:00,2011-11-03 15:18:00,2.0,382.87,36.0,3.0,2.0,2.0,Recent / Promising
17404,Sweden,2010-01-07 11:31:00,2011-12-05 16:26:00,21.0,47638.12,4.0,4.0,4.0,4.0,Champions
17405,United Kingdom,2011-07-12 14:17:00,2011-12-08 17:12:00,3.0,1031.41,1.0,4.0,3.0,3.0,Champions
17406,United Kingdom,2009-12-06 13:45:00,2011-01-10 15:07:00,13.0,4186.95,333.0,2.0,4.0,4.0,Loyal
17407,United Kingdom,2010-10-24 11:57:00,2010-10-24 11:57:00,1.0,552.9,412.0,1.0,1.0,2.0,Hibernating
17408,United Kingdom,2010-07-13 14:02:00,2011-06-29 12:53:00,3.0,316.09,163.0,2.0,3.0,1.0,Loyal
17409,United Kingdom,2009-12-11 12:17:00,2011-06-08 10:36:00,10.0,7793.51,185.0,2.0,4.0,4.0,Loyal
17410,United Kingdom,2011-05-08 15:21:00,2011-11-23 15:46:00,5.0,1214.72,16.0,4.0,3.0,3.0,Champions
17411,United Kingdom,2009-12-03 12:02:00,2011-11-27 14:25:00,5.0,1425.38,12.0,4.0,3.0,3.0,Champions
17412,United Kingdom,2009-12-02 13:51:00,2011-12-07 11:36:00,16.0,4220.22,3.0,4.0,4.0,4.0,Champions
17413,United Kingdom,2010-05-19 11:11:00,2010-10-31 12:33:00,2.0,560.14,405.0,1.0,2.0,2.0,At Risk
17414,United Kingdom,2009-12-03 16:49:00,2011-10-27 12:13:00,6.0,2249.52,44.0,3.0,3.0,4.0,Champions
17415,United Kingdom,2011-09-21 12:50:00,2011-09-21 12:50:00,1.0,507.84,80.0,3.0,1.0,2.0,Recent / Promising
17416,United Kingdom,2009-12-14 16:29:00,2011-11-10 12:47:00,22.0,17298.45,30.0,3.0,4.0,4.0,Champions
17417,United Kingdom,2010-06-09 10:00:00,2010-06-09 10:00:00,1.0,164.18,549.0,1.0,1.0,1.0,Hibernating
17418,United Kingdom,2010-11-17 13:42:00,2011-10-28 13:00:00,3.0,670.06,42.0,3.0,3.0,2.0,Loyal
17419,United Kingdom,2010-01-25 13:19:00,2011-11-28 13:47:00,18.0,6126.25,11.0,4.0,4.0,4.0,Champions
17420,United Kingdom,2010-11-03 13:09:00,2011-10-20 14:52:00,6.0,953.58,50.0,3.0,3.0,3.0,Champions
17421,United Kingdom,2009-12-04 15:43:00,2010-11-18 16:57:00,3.0,1059.41,386.0,1.0,3.0,3.0,Loyal
17422,United Kingdom,2010-06-23 10:19:00,2011-11-23 13:27:00,11.0,3594.76,16.0,4.0,4.0,4.0,Champions
17423,United Kingdom,2010-11-11 12:26:00,2011-10-24 13:36:00,3.0,1118.95,46.0,3.0,3.0,3.0,Champions
17425,United Kingdom,2011-10-10 11:37:00,2011-11-20 15:30:00,2.0,759.17,19.0,4.0,2.0,2.0,Recent / Promising
17426,United Kingdom,2010-02-17 13:39:00,2011-12-01 18:07:00,13.0,8077.77,8.0,4.0,4.0,4.0,Champions
17427,United Kingdom,2011-09-29 11:29:00,2011-09-29 11:29:00,1.0,100.8,72.0,3.0,1.0,1.0,Recent / Promising
17428,United Kingdom,2009-12-01 17:28:00,2011-12-09 09:45:00,45.0,31466.76,1.0,4.0,4.0,4.0,Champions
17429,United Kingdom,2010-10-06 12:30:00,2011-08-03 13:22:00,5.0,1357.46,128.0,2.0,3.0,3.0,Loyal
17430,United Kingdom,2010-08-17 11:52:00,2011-11-07 09:24:00,4.0,622.57,33.0,3.0,3.0,2.0,Loyal
17431,United Kingdom,2011-01-30 14:36:00,2011-01-30 14:36:00,1.0,403.3,313.0,2.0,1.0,2.0,Hibernating
17432,United Kingdom,2009-12-03 19:13:00,2011-11-21 17:33:00,9.0,1728.99,18.0,4.0,4.0,3.0,Champions
17433,United Kingdom,2010-11-19 13:37:00,2011-09-12 14:24:00,2.0,569.96,88.0,3.0,2.0,2.0,Recent / Promising
17434,United Kingdom,2011-09-15 13:54:00,2011-12-07 13:16:00,7.0,2373.82,2.0,4.0,4.0,4.0,Champions
17435,United Kingdom,2010-10-24 13:55:00,2010-10-24 13:55:00,1.0,331.35,411.0,1.0,1.0,1.0,Hibernating
17436,United Kingdom,2009-12-07 12:31:00,2011-12-08 12:30:00,5.0,534.06,2.0,4.0,3.0,2.0,Loyal
17437,United Kingdom,2010-06-28 11:11:00,2010-06-28 11:11:00,1.0,369.68,530.0,1.0,1.0,2.0,Hibernating
17438,United Kingdom,2010-03-08 16:53:00,2011-03-31 10:26:00,5.0,1422.77,254.0,2.0,3.0,3.0,Loyal
17439,United Kingdom,2010-02-22 12:48:00,2010-02-22 12:48:00,1.0,325.74,656.0,1.0,1.0,1.0,Hibernating
17440,United Kingdom,2010-06-08 14:40:00,2011-07-06 11:54:00,4.0,323.58,157.0,2.0,3.0,1.0,Loyal
17441,United Kingdom,2009-12-07 13:32:00,2009-12-07 13:32:00,1.0,293.35,732.0,1.0,1.0,1.0,Hibernating
17442,United Kingdom,2010-02-15 15:54:00,2011-11-03 09:17:00,15.0,4620.3,37.0,3.0,4.0,4.0,Champions
17443,Canada,2011-05-04 10:47:00,2011-05-04 10:47:00,1.0,534.24,220.0,2.0,1.0,2.0,Hibernating
17444,Canada,2011-06-20 09:04:00,2011-07-11 10:33:00,2.0,2389.1,152.0,2.0,2.0,4.0,Hibernating
17446,United Kingdom,2011-02-02 14:40:00,2011-06-16 10:42:00,2.0,120.9,177.0,2.0,2.0,1.0,Hibernating
17447,United Kingdom,2011-09-29 10:10:00,2011-10-30 14:18:00,2.0,541.53,40.0,3.0,2.0,2.0,Recent / Promising
17448,United Kingdom,2010-03-04 17:29:00,2010-06-28 13:58:00,41.0,14448.67,529.0,1.0,4.0,4.0,Loyal
17449,United Kingdom,2009-12-09 14:16:00,2011-12-07 16:56:00,13.0,4865.15,2.0,4.0,4.0,4.0,Champions
17450,United Kingdom,2010-09-27 16:59:00,2011-12-01 13:29:00,51.0,241616.25,8.0,4.0,4.0,4.0,Champions
17451,United Kingdom,2011-08-26 11:54:00,2011-12-08 15:02:00,7.0,1721.4,1.0,4.0,4.0,3.0,Champions
17453,United Kingdom,2011-10-06 17:02:00,2011-11-22 09:42:00,2.0,486.72,18.0,4.0,2.0,2.0,Recent / Promising
17454,United Kingdom,2010-01-15 15:40:00,2011-05-31 13:58:00,10.0,1547.94,192.0,2.0,4.0,3.0,Loyal
17455,United Kingdom,2011-05-20 12:31:00,2011-05-20 12:31:00,1.0,131.7,204.0,2.0,1.0,1.0,Hibernating
17456,United Kingdom,2010-09-09 15:28:00,2010-12-09 15:23:00,2.0,975.56,365.0,2.0,2.0,3.0,Hibernating
17457,United Kingdom,2009-12-07 14:52:00,2011-08-05 12:48:00,14.0,5984.81,127.0,2.0,4.0,4.0,Loyal
17458,United Kingdom,2010-11-23 11:43:00,2011-11-24 13:01:00,2.0,529.58,15.0,4.0,2.0,2.0,Recent / Promising
17459,United Kingdom,2011-10-10 17:00:00,2011-10-27 13:25:00,2.0,657.3,43.0,3.0,2.0,2.0,Recent / Promising
17460,United Kingdom,2010-01-22 13:25:00,2011-09-06 15:04:00,16.0,2157.97,94.0,3.0,4.0,3.0,Champions
17461,United Kingdom,2011-11-10 12:01:00,2011-11-17 10:21:00,3.0,735.82,23.0,4.0,3.0,2.0,Loyal
17462,United Kingdom,2011-02-28 17:01:00,2011-10-10 13:56:00,2.0,675.69,60.0,3.0,2.0,2.0,Recent / Promising
17463,United Kingdom,2010-04-29 17:57:00,2011-11-23 13:40:00,7.0,2535.26,16.0,4.0,4.0,4.0,Champions
17464,United Kingdom,2010-03-30 13:15:00,2011-07-04 13:19:00,3.0,907.14,158.0,2.0,3.0,3.0,Loyal
17465,United Kingdom,2009-12-03 13:25:00,2010-10-10 11:56:00,7.0,2542.79,426.0,1.0,4.0,4.0,Loyal
17466,United Kingdom,2011-09-22 09:16:00,2011-11-29 13:15:00,2.0,763.28,10.0,4.0,2.0,2.0,Recent / Promising
17467,United Kingdom,2010-11-09 12:58:00,2010-11-09 12:58:00,1.0,102.6,395.0,1.0,1.0,1.0,Hibernating
17468,United Kingdom,2010-11-29 17:25:00,2011-11-29 15:33:00,3.0,194.8,10.0,4.0,3.0,1.0,Loyal
17469,United Kingdom,2009-12-16 15:06:00,2011-11-23 13:15:00,17.0,5051.25,16.0,4.0,4.0,4.0,Champions
17470,United Kingdom,2010-07-19 16:16:00,2011-10-26 12:42:00,11.0,2626.47,45.0,3.0,4.0,4.0,Champions
17471,United Kingdom,2010-08-22 11:53:00,2010-08-22 11:53:00,1.0,321.65,475.0,1.0,1.0,1.0,Hibernating
17472,United Kingdom,2010-03-21 13:27:00,2011-06-01 14:57:00,4.0,922.35,191.0,2.0,3.0,3.0,Loyal
17473,United Kingdom,2010-09-09 19:03:00,2010-10-27 11:45:00,2.0,607.0,409.0,1.0,2.0,2.0,At Risk
17474,United Kingdom,2010-04-19 10:43:00,2010-04-19 10:43:00,1.0,1047.0,600.0,1.0,1.0,3.0,Hibernating
17475,United Kingdom,2011-09-21 14:55:00,2011-09-21 14:55:00,1.0,194.37,79.0,3.0,1.0,1.0,Recent / Promising
17476,United Kingdom,2009-12-02 12:09:00,2010-11-09 10:21:00,2.0,489.86,396.0,1.0,2.0,2.0,At Risk
17477,United Kingdom,2010-03-02 11:53:00,2010-04-06 10:06:00,2.0,1144.3,613.0,1.0,2.0,3.0,At Risk
17478,United Kingdom,2010-03-16 14:19:00,2010-10-27 15:01:00,2.0,1272.8,408.0,1.0,2.0,3.0,At Risk
17479,United Kingdom,2010-03-17 09:26:00,2010-03-17 09:26:00,1.0,389.26,633.0,1.0,1.0,2.0,Hibernating
17480,United Kingdom,2010-09-21 12:31:00,2011-09-23 11:39:00,2.0,882.23,78.0,3.0,2.0,3.0,Recent / Promising
17481,United Kingdom,2011-09-07 09:57:00,2011-12-06 12:28:00,4.0,1255.59,4.0,4.0,3.0,3.0,Champions
17482,United Kingdom,2010-05-10 14:10:00,2010-08-09 15:33:00,2.0,775.64,487.0,1.0,2.0,2.0,At Risk
17483,United Kingdom,2010-10-21 12:43:00,2011-10-05 13:10:00,4.0,591.73,65.0,3.0,3.0,2.0,Loyal
17484,United Kingdom,2010-03-25 16:17:00,2010-05-12 15:41:00,2.0,209.57,576.0,1.0,2.0,1.0,At Risk
17486,United Kingdom,2011-03-23 14:00:00,2011-03-23 14:00:00,1.0,396.87,261.0,2.0,1.0,2.0,Hibernating
17487,United Kingdom,2009-12-11 15:06:00,2009-12-11 15:06:00,1.0,160.55,728.0,1.0,1.0,1.0,Hibernating
17488,United Kingdom,2010-03-08 14:07:00,2010-03-08 14:07:00,1.0,336.5,641.0,1.0,1.0,1.0,Hibernating
17489,United Kingdom,2011-05-11 11:34:00,2011-10-12 08:56:00,2.0,376.64,59.0,3.0,2.0,2.0,Recent / Promising
17490,United Kingdom,2010-05-19 12:40:00,2011-12-09 09:08:00,9.0,2750.5,1.0,4.0,4.0,4.0,Champions
17491,United Kingdom,2010-04-28 11:57:00,2011-12-08 16:18:00,17.0,5653.67,1.0,4.0,4.0,4.0,Champions
17492,United Kingdom,2010-07-09 13:27:00,2011-04-05 15:21:00,3.0,1122.42,248.0,2.0,3.0,3.0,Loyal
17493,United Kingdom,2010-11-19 16:57:00,2010-11-19 16:57:00,1.0,100.91,385.0,1.0,1.0,1.0,Hibernating
17494,United Kingdom,2010-07-26 10:06:00,2010-07-26 10:06:00,1.0,54.7,502.0,1.0,1.0,1.0,Hibernating
17495,United Kingdom,2010-11-14 11:50:00,2011-12-02 12:08:00,3.0,806.72,8.0,4.0,3.0,2.0,Loyal
17496,United Kingdom,2010-01-14 13:36:00,2010-12-16 08:39:00,4.0,1412.89,359.0,2.0,3.0,3.0,Loyal
17497,United Kingdom,2010-04-08 08:01:00,2010-11-14 14:17:00,2.0,287.25,390.0,1.0,2.0,1.0,At Risk
17498,United Kingdom,2011-09-25 12:25:00,2011-09-25 12:25:00,1.0,272.22,76.0,3.0,1.0,1.0,Recent / Promising
17499,United Kingdom,2010-05-27 09:59:00,2011-02-23 09:14:00,2.0,1341.39,290.0,2.0,2.0,3.0,Hibernating
17500,United Kingdom,2011-11-10 09:08:00,2011-11-22 14:25:00,3.0,1138.0,17.0,4.0,3.0,3.0,Champions
17501,United Kingdom,2011-05-03 09:46:00,2011-05-03 09:47:00,2.0,288.6,221.0,2.0,2.0,1.0,Hibernating
17502,United Kingdom,2011-11-10 16:39:00,2011-11-30 13:13:00,4.0,689.1,9.0,4.0,3.0,2.0,Loyal
17503,United Kingdom,2011-11-01 11:12:00,2011-12-07 09:18:00,2.0,558.96,3.0,4.0,2.0,2.0,Recent / Promising
17504,United Kingdom,2010-02-08 09:22:00,2011-05-17 12:59:00,18.0,9490.17,206.0,2.0,4.0,4.0,Loyal
17505,United Kingdom,2010-04-13 16:33:00,2011-07-01 12:50:00,5.0,2435.48,162.0,2.0,3.0,4.0,Loyal
17506,United Kingdom,2011-09-25 11:39:00,2011-09-25 11:39:00,1.0,302.2,76.0,3.0,1.0,1.0,Recent / Promising
17507,United Kingdom,2011-02-03 18:08:00,2011-03-23 11:48:00,2.0,605.58,262.0,2.0,2.0,2.0,Hibernating
17508,Greece,2009-12-07 11:46:00,2011-03-04 08:10:00,8.0,4579.23,281.0,2.0,4.0,4.0,Loyal
17509,United Kingdom,2011-10-07 13:14:00,2011-10-13 10:26:00,8.0,6083.64,58.0,3.0,4.0,4.0,Champions
17510,United Kingdom,2010-10-15 10:20:00,2011-11-15 10:00:00,2.0,514.56,25.0,4.0,2.0,2.0,Recent / Promising
17511,United Kingdom,2009-12-02 10:52:00,2011-12-07 10:12:00,60.0,172132.87,3.0,4.0,4.0,4.0,Champions
17512,United Kingdom,2009-12-10 19:35:00,2011-11-11 12:11:00,18.0,5467.82,29.0,3.0,4.0,4.0,Champions
17513,United Kingdom,2010-08-17 15:08:00,2011-09-28 16:42:00,3.0,1158.8,72.0,3.0,3.0,3.0,Champions
17514,United Kingdom,2010-02-08 14:00:00,2011-08-03 15:45:00,2.0,522.0,128.0,2.0,2.0,2.0,Hibernating
17515,United Kingdom,2010-06-07 13:29:00,2011-11-08 14:04:00,9.0,1602.51,31.0,3.0,4.0,3.0,Champions
17516,United Kingdom,2010-11-26 12:50:00,2011-11-24 16:51:00,6.0,947.5,15.0,4.0,3.0,3.0,Champions
17517,United Kingdom,2011-02-04 11:48:00,2011-02-04 11:48:00,1.0,153.94,309.0,2.0,1.0,1.0,Hibernating
17518,United Kingdom,2010-03-28 13:31:00,2010-10-10 12:40:00,2.0,329.42,426.0,1.0,2.0,1.0,At Risk
17519,United Kingdom,2009-12-01 09:57:00,2011-11-22 16:43:00,15.0,4774.17,17.0,4.0,4.0,4.0,Champions
17520,United Kingdom,2011-10-17 12:04:00,2011-10-17 12:04:00,1.0,546.81,54.0,3.0,1.0,2.0,Recent / Promising
17521,United Kingdom,2010-10-01 11:49:00,2011-11-10 11:22:00,5.0,1278.06,30.0,3.0,3.0,3.0,Champions
17522,United Kingdom,2011-05-05 16:31:00,2011-12-08 12:31:00,5.0,1066.15,2.0,4.0,3.0,3.0,Champions
17523,United Kingdom,2011-11-20 13:40:00,2011-11-28 13:20:00,4.0,652.74,11.0,4.0,3.0,2.0,Loyal
17524,United Kingdom,2010-09-27 16:20:00,2010-12-13 14:32:00,3.0,539.14,361.0,2.0,3.0,2.0,Loyal
17525,United Kingdom,2010-10-07 09:12:00,2010-12-15 12:05:00,3.0,1161.9,360.0,2.0,3.0,3.0,Loyal
17526,United Kingdom,2009-12-17 16:18:00,2011-12-05 11:05:00,12.0,3939.24,5.0,4.0,4.0,4.0,Champions
17527,United Kingdom,2011-05-05 13:43:00,2011-10-17 12:32:00,4.0,939.37,54.0,3.0,3.0,3.0,Champions
17528,United Kingdom,2011-09-29 13:04:00,2011-12-08 13:27:00,8.0,3628.5,1.0,4.0,4.0,4.0,Champions
17529,United Kingdom,2010-01-11 12:29:00,2010-04-08 17:51:00,2.0,1240.25,610.0,1.0,2.0,3.0,At Risk
17530,United Kingdom,2009-12-06 16:17:00,2011-12-08 18:42:00,12.0,2787.1,1.0,4.0,4.0,4.0,Champions
17531,United Kingdom,2010-03-31 12:57:00,2011-06-02 19:17:00,3.0,1266.82,190.0,2.0,3.0,3.0,Loyal
17532,United Kingdom,2010-11-19 08:13:00,2010-11-19 08:13:00,1.0,65.34,386.0,1.0,1.0,1.0,Hibernating
17533,United Kingdom,2010-10-01 09:14:00,2010-10-01 09:14:00,1.0,34.8,435.0,1.0,1.0,1.0,Hibernating
17534,United Kingdom,2010-02-25 16:55:00,2011-10-17 12:47:00,5.0,1668.83,54.0,3.0,3.0,3.0,Champions
17535,United Kingdom,2011-03-04 15:20:00,2011-03-04 15:20:00,1.0,164.4,280.0,2.0,1.0,1.0,Hibernating
17536,United Kingdom,2010-01-26 12:00:00,2011-06-15 13:23:00,3.0,364.83,177.0,2.0,3.0,2.0,Loyal
17537,United Kingdom,2011-02-09 13:37:00,2011-11-10 10:56:00,2.0,887.67,30.0,3.0,2.0,3.0,Recent / Promising
17538,United Kingdom,2011-11-14 12:12:00,2011-11-14 12:12:00,1.0,98.42,26.0,3.0,1.0,1.0,Recent / Promising
17539,United Kingdom,2009-12-13 12:36:00,2010-03-21 15:23:00,3.0,1161.84,628.0,1.0,3.0,3.0,Loyal
17540,United Kingdom,2010-04-19 09:47:00,2011-11-15 11:56:00,6.0,1590.6,25.0,4.0,3.0,3.0,Champions
17541,United Kingdom,2010-07-18 11:36:00,2010-07-18 11:36:00,1.0,119.86,510.0,1.0,1.0,1.0,Hibernating
17542,United Kingdom,2010-03-08 12:08:00,2011-03-15 11:45:00,3.0,340.85,270.0,2.0,3.0,2.0,Loyal
17543,United Kingdom,2010-06-08 12:41:00,2010-06-08 12:41:00,1.0,120.05,550.0,1.0,1.0,1.0,Hibernating
17544,United Kingdom,2010-11-14 14:47:00,2010-11-14 15:08:00,3.0,944.82,390.0,1.0,3.0,3.0,Loyal
17545,United Kingdom,2010-05-11 10:04:00,2011-10-27 14:04:00,6.0,1409.86,43.0,3.0,3.0,3.0,Champions
17547,United Kingdom,2010-02-12 14:34:00,2010-11-29 09:41:00,2.0,727.85,376.0,2.0,2.0,2.0,Hibernating
17548,United Kingdom,2010-11-08 16:19:00,2011-04-20 12:01:00,4.0,731.26,234.0,2.0,3.0,2.0,Loyal
17549,United Kingdom,2011-10-19 10:05:00,2011-11-16 09:59:00,2.0,148.86,24.0,4.0,2.0,1.0,Recent / Promising
17550,United Kingdom,2010-02-07 15:07:00,2011-05-26 14:09:00,9.0,2506.64,197.0,2.0,4.0,4.0,Loyal
17551,United Kingdom,2010-12-15 14:12:00,2010-12-15 14:12:00,1.0,290.34,359.0,2.0,1.0,1.0,Hibernating
17552,United Kingdom,2010-03-22 09:19:00,2011-10-10 17:00:00,12.0,2786.77,60.0,3.0,4.0,4.0,Champions
17553,United Kingdom,2010-04-08 09:44:00,2011-08-02 10:00:00,4.0,3757.6,130.0,2.0,3.0,4.0,Loyal
17554,United Kingdom,2011-07-14 20:01:00,2011-12-08 14:15:00,5.0,1952.45,1.0,4.0,3.0,3.0,Champions
17555,United Kingdom,2010-05-02 16:02:00,2011-11-20 12:22:00,5.0,1045.74,20.0,4.0,3.0,3.0,Champions
17556,United Kingdom,2010-11-25 17:00:00,2011-05-18 10:48:00,2.0,300.67,206.0,2.0,2.0,1.0,Hibernating
17557,United Kingdom,2009-12-07 10:15:00,2011-11-25 12:57:00,4.0,575.46,14.0,4.0,3.0,2.0,Loyal
17558,United Kingdom,2010-11-11 14:36:00,2010-11-11 14:36:00,1.0,259.17,393.0,1.0,1.0,1.0,Hibernating
17559,United Kingdom,2010-07-15 12:02:00,2010-07-15 12:02:00,1.0,167.62,513.0,1.0,1.0,1.0,Hibernating
17560,United Kingdom,2010-02-17 12:11:00,2011-09-06 09:18:00,8.0,1895.8,95.0,3.0,4.0,3.0,Champions
17561,United Kingdom,2009-12-06 13:29:00,2011-11-20 12:53:00,4.0,703.02,19.0,4.0,3.0,2.0,Loyal
17562,United Kingdom,2011-06-19 13:06:00,2011-11-25 14:21:00,7.0,1122.38,14.0,4.0,4.0,3.0,Champions
17563,United Kingdom,2010-04-07 10:02:00,2010-05-10 14:54:00,2.0,392.38,578.0,1.0,2.0,2.0,At Risk
17564,United Kingdom,2011-09-20 14:00:00,2011-11-15 13:27:00,3.0,454.01,24.0,4.0,3.0,2.0,Loyal
17565,United Kingdom,2010-05-02 11:54:00,2010-05-02 11:54:00,1.0,131.83,587.0,1.0,1.0,1.0,Hibernating
17566,United Kingdom,2011-11-14 13:42:00,2011-12-01 19:54:00,2.0,869.77,8.0,4.0,2.0,3.0,Recent / Promising
17567,United Kingdom,2010-09-24 10:48:00,2011-12-02 15:48:00,9.0,4838.08,7.0,4.0,4.0,4.0,Champions
17568,United Kingdom,2010-03-16 16:45:00,2010-03-16 16:45:00,1.0,374.45,633.0,1.0,1.0,2.0,Hibernating
17569,United Kingdom,2011-01-11 14:15:00,2011-01-11 14:15:00,1.0,344.14,332.0,2.0,1.0,2.0,Hibernating
17571,United Kingdom,2010-06-15 12:50:00,2011-10-20 15:57:00,5.0,1629.66,50.0,3.0,3.0,3.0,Champions
17572,United Kingdom,2009-12-15 10:00:00,2011-09-29 17:53:00,10.0,652.21,71.0,3.0,4.0,2.0,Loyal
17573,United Kingdom,2011-09-07 10:36:00,2011-11-10 13:01:00,3.0,380.6,29.0,3.0,3.0,2.0,Loyal
17574,United Kingdom,2011-04-11 09:47:00,2011-04-11 09:47:00,1.0,185.65,243.0,2.0,1.0,1.0,Hibernating
17575,United Kingdom,2010-02-10 13:48:00,2010-02-10 13:48:00,1.0,171.7,667.0,1.0,1.0,1.0,Hibernating
17576,United Kingdom,2009-12-03 16:54:00,2011-12-01 17:56:00,41.0,8705.6,8.0,4.0,4.0,4.0,Champions
17577,United Kingdom,2010-02-09 10:10:00,2010-03-04 13:01:00,2.0,348.75,645.0,1.0,2.0,2.0,At Risk
17578,United Kingdom,2010-06-28 11:55:00,2011-05-05 18:38:00,7.0,1047.33,218.0,2.0,4.0,3.0,Loyal
17579,United Kingdom,2010-05-10 14:28:00,2011-12-05 12:28:00,4.0,753.28,5.0,4.0,3.0,2.0,Loyal
17580,United Kingdom,2010-10-13 14:28:00,2011-04-01 12:41:00,5.0,538.07,253.0,2.0,3.0,2.0,Loyal
17581,United Kingdom,2009-12-03 12:34:00,2011-12-09 12:21:00,43.0,17951.17,1.0,4.0,4.0,4.0,Champions
17582,United Kingdom,2010-03-26 12:23:00,2011-04-17 13:18:00,5.0,1446.95,236.0,2.0,3.0,3.0,Loyal
17583,United Kingdom,2010-05-28 14:24:00,2010-05-28 14:24:00,1.0,135.95,560.0,1.0,1.0,1.0,Hibernating
17584,United Kingdom,2010-01-25 08:17:00,2011-12-02 17:12:00,6.0,5309.42,7.0,4.0,3.0,4.0,Champions
17585,United Kingdom,2010-08-18 16:39:00,2011-08-22 13:30:00,7.0,2064.71,109.0,2.0,4.0,3.0,Loyal
17586,United Kingdom,2010-03-30 13:12:00,2010-03-30 13:12:00,1.0,167.4,619.0,1.0,1.0,1.0,Hibernating
17587,United Kingdom,2010-03-21 14:16:00,2010-03-21 14:16:00,1.0,173.76,628.0,1.0,1.0,1.0,Hibernating
17588,United Kingdom,2010-03-12 12:34:00,2011-08-31 13:37:00,7.0,2939.55,100.0,2.0,4.0,4.0,Loyal
17589,United Kingdom,2010-03-07 13:48:00,2011-10-10 16:58:00,18.0,13806.27,60.0,3.0,4.0,4.0,Champions
17590,United Kingdom,2011-10-30 14:05:00,2011-12-07 12:55:00,3.0,1466.77,2.0,4.0,3.0,3.0,Champions
17591,United Kingdom,2010-01-17 16:09:00,2011-09-27 13:42:00,8.0,2339.32,73.0,3.0,4.0,4.0,Champions
17592,United Kingdom,2009-12-01 10:49:00,2009-12-01 10:49:00,1.0,148.3,739.0,1.0,1.0,1.0,Hibernating
17593,United Kingdom,2009-12-04 14:35:00,2011-12-06 10:30:00,11.0,8092.32,4.0,4.0,4.0,4.0,Champions
17594,United Kingdom,2010-04-14 08:53:00,2011-09-15 16:34:00,4.0,2497.88,85.0,3.0,3.0,4.0,Champions
17595,United Kingdom,2011-11-02 16:19:00,2011-11-27 16:08:00,2.0,386.69,12.0,4.0,2.0,2.0,Recent / Promising
17596,United Kingdom,2009-12-15 13:21:00,2011-11-16 14:11:00,13.0,4491.46,23.0,4.0,4.0,4.0,Champions
17597,United Kingdom,2010-05-05 15:33:00,2011-05-10 11:54:00,5.0,3484.09,214.0,2.0,3.0,4.0,Loyal
17598,United Kingdom,2010-11-23 17:43:00,2010-11-23 17:43:00,1.0,409.98,381.0,1.0,1.0,2.0,Hibernating
17599,United Kingdom,2010-08-19 12:50:00,2010-08-19 12:50:00,1.0,52.05,478.0,1.0,1.0,1.0,Hibernating
17600,United Kingdom,2011-11-22 09:43:00,2011-11-22 09:43:00,1.0,161.67,18.0,4.0,1.0,1.0,Recent / Promising
17601,United Kingdom,2010-11-24 14:29:00,2011-04-14 18:02:00,2.0,412.66,239.0,2.0,2.0,2.0,Hibernating
17602,United Kingdom,2010-03-30 17:25:00,2011-12-07 13:53:00,14.0,7354.43,2.0,4.0,4.0,4.0,Champions
17603,United Kingdom,2009-12-10 09:44:00,2011-09-22 14:18:00,4.0,1788.38,78.0,3.0,3.0,3.0,Champions
17604,United Kingdom,2010-01-27 12:19:00,2011-05-06 13:43:00,6.0,942.38,217.0,2.0,3.0,3.0,Loyal
17605,United Kingdom,2010-04-28 14:45:00,2010-04-28 14:45:00,1.0,160.75,590.0,1.0,1.0,1.0,Hibernating
17606,United Kingdom,2009-12-02 13:32:00,2009-12-02 13:32:00,1.0,87.3,737.0,1.0,1.0,1.0,Hibernating
17607,United Kingdom,2010-11-28 13:11:00,2010-11-28 13:11:00,1.0,333.81,376.0,2.0,1.0,1.0,Hibernating
17608,United Kingdom,2010-04-11 13:37:00,2011-11-06 13:06:00,4.0,488.06,33.0,3.0,3.0,2.0,Loyal
17609,United Kingdom,2010-04-09 16:54:00,2011-10-30 12:28:00,11.0,1875.36,41.0,3.0,4.0,3.0,Champions
17610,United Kingdom,2009-12-06 16:07:00,2010-06-17 16:34:00,5.0,1511.94,540.0,1.0,3.0,3.0,Loyal
17611,United Kingdom,2009-12-01 13:29:00,2011-12-02 13:29:00,28.0,8287.53,7.0,4.0,4.0,4.0,Champions
17612,United Kingdom,2009-12-17 11:59:00,2011-10-17 14:59:00,18.0,5394.86,53.0,3.0,4.0,4.0,Champions
17613,United Kingdom,2011-02-07 11:20:00,2011-11-17 10:51:00,14.0,4544.55,23.0,4.0,4.0,4.0,Champions
17614,United Kingdom,2011-10-13 16:01:00,2011-10-13 16:01:00,1.0,386.32,57.0,3.0,1.0,2.0,Recent / Promising
17615,United Kingdom,2010-08-11 12:54:00,2011-08-01 14:06:00,6.0,721.8,130.0,2.0,3.0,2.0,Loyal
17616,United Kingdom,2010-09-14 10:43:00,2011-06-19 10:11:00,4.0,734.4,174.0,2.0,3.0,2.0,Loyal
17617,United Kingdom,2010-05-30 12:48:00,2010-05-30 12:48:00,1.0,385.19,559.0,1.0,1.0,2.0,Hibernating
17618,United Kingdom,2010-01-24 11:03:00,2011-12-04 11:50:00,11.0,4001.64,6.0,4.0,4.0,4.0,Champions
17619,United Kingdom,2011-01-31 14:18:00,2011-01-31 14:18:00,1.0,214.37,312.0,2.0,1.0,1.0,Hibernating
17620,United Kingdom,2011-10-11 12:08:00,2011-10-11 12:08:00,1.0,81.44,60.0,3.0,1.0,1.0,Recent / Promising
17621,United Kingdom,2010-10-04 09:37:00,2011-11-18 17:11:00,6.0,3175.12,21.0,4.0,3.0,4.0,Champions
17622,United Kingdom,2010-04-20 13:38:00,2010-04-21 12:36:00,2.0,1130.21,598.0,1.0,2.0,3.0,At Risk
17623,United Kingdom,2009-12-14 14:36:00,2011-11-07 11:32:00,7.0,2365.77,33.0,3.0,4.0,4.0,Champions
17624,United Kingdom,2009-12-20 12:35:00,2011-11-25 10:52:00,4.0,1568.63,15.0,4.0,3.0,3.0,Champions
17625,United Kingdom,2009-12-15 11:49:00,2011-11-21 13:36:00,8.0,5978.9,18.0,4.0,4.0,4.0,Champions
17626,United Kingdom,2010-04-16 12:15:00,2010-04-16 12:15:00,1.0,254.0,603.0,1.0,1.0,1.0,Hibernating
17627,United Kingdom,2010-08-18 11:27:00,2010-08-18 11:27:00,1.0,296.36,479.0,1.0,1.0,1.0,Hibernating
17628,United Kingdom,2011-09-19 15:21:00,2011-09-19 15:21:00,1.0,75.75,81.0,3.0,1.0,1.0,Recent / Promising
17629,United Kingdom,2010-10-14 13:35:00,2011-12-04 10:56:00,10.0,2455.52,6.0,4.0,4.0,4.0,Champions
17630,United Kingdom,2011-04-21 14:03:00,2011-06-23 11:58:00,2.0,503.6,170.0,2.0,2.0,2.0,Hibernating
17631,United Kingdom,2009-12-09 14:15:00,2011-12-08 09:47:00,7.0,998.49,2.0,4.0,4.0,3.0,Champions
17633,United Kingdom,2010-11-15 14:55:00,2011-11-08 13:25:00,7.0,2057.39,31.0,3.0,4.0,3.0,Champions
17634,United Kingdom,2011-01-06 12:45:00,2011-11-03 13:09:00,9.0,2358.59,36.0,3.0,4.0,4.0,Champions
17635,United Kingdom,2010-04-28 10:51:00,2010-10-11 15:12:00,3.0,1265.58,424.0,1.0,3.0,3.0,Loyal
17636,United Kingdom,2011-11-20 14:40:00,2011-11-20 14:40:00,1.0,285.56,19.0,4.0,1.0,1.0,Recent / Promising
17637,United Kingdom,2011-08-16 13:25:00,2011-11-08 12:51:00,2.0,547.06,31.0,3.0,2.0,2.0,Recent / Promising
17638,United Kingdom,2009-12-18 09:58:00,2010-03-02 14:32:00,2.0,842.4,647.0,1.0,2.0,2.0,At Risk
17639,United Kingdom,2010-08-13 11:59:00,2011-03-08 15:22:00,6.0,615.17,276.0,2.0,3.0,2.0,Loyal
17640,United Kingdom,2010-03-23 09:15:00,2011-09-14 09:13:00,6.0,3168.94,87.0,3.0,3.0,4.0,Champions
17642,United Kingdom,2009-12-05 16:01:00,2011-08-12 09:11:00,5.0,1824.49,120.0,2.0,3.0,3.0,Loyal
17643,United Kingdom,2010-07-22 13:07:00,2010-12-01 14:38:00,2.0,439.7,373.0,2.0,2.0,2.0,Hibernating
17644,United Kingdom,2010-02-16 08:44:00,2011-12-08 13:43:00,20.0,6028.6,1.0,4.0,4.0,4.0,Champions
17646,United Kingdom,2009-12-16 09:37:00,2011-05-04 13:17:00,12.0,3898.79,219.0,2.0,4.0,4.0,Loyal
17647,United Kingdom,2010-02-08 14:39:00,2011-10-05 15:38:00,3.0,331.66,65.0,3.0,3.0,1.0,Loyal
17648,United Kingdom,2010-11-19 16:41:00,2011-10-10 09:41:00,5.0,2216.37,61.0,3.0,3.0,3.0,Champions
17649,United Kingdom,2010-08-24 13:01:00,2011-07-24 15:53:00,3.0,1578.89,138.0,2.0,3.0,3.0,Loyal
17650,United Kingdom,2011-11-18 14:52:00,2011-11-18 14:52:00,1.0,166.08,21.0,4.0,1.0,1.0,Recent / Promising
17651,United Kingdom,2010-07-01 12:17:00,2011-11-28 10:29:00,16.0,5703.52,12.0,4.0,4.0,4.0,Champions
17652,United Kingdom,2011-03-03 14:05:00,2011-11-14 12:55:00,12.0,4867.72,25.0,4.0,4.0,4.0,Champions
17653,United Kingdom,2011-08-11 15:24:00,2011-11-03 12:46:00,4.0,1207.56,37.0,3.0,3.0,3.0,Champions
17654,United Kingdom,2011-03-07 13:17:00,2011-03-07 13:17:00,1.0,117.55,277.0,2.0,1.0,1.0,Hibernating
17655,United Kingdom,2010-10-19 10:20:00,2011-11-29 11:34:00,9.0,2976.38,11.0,4.0,4.0,4.0,Champions
17656,United Kingdom,2011-08-03 10:45:00,2011-09-27 13:04:00,5.0,1674.69,73.0,3.0,3.0,3.0,Champions
17657,United Kingdom,2010-10-05 14:52:00,2010-10-05 14:52:00,1.0,126.0,430.0,1.0,1.0,1.0,Hibernating
17658,United Kingdom,2011-05-12 15:23:00,2011-11-14 12:07:00,2.0,595.42,26.0,3.0,2.0,2.0,Recent / Promising
17659,United Kingdom,2010-11-18 14:20:00,2011-11-22 13:29:00,14.0,3586.99,17.0,4.0,4.0,4.0,Champions
17660,United Kingdom,2009-12-02 16:02:00,2011-07-21 13:37:00,2.0,342.22,141.0,2.0,2.0,2.0,Hibernating
17662,United Kingdom,2009-12-17 09:54:00,2010-02-16 09:38:00,2.0,412.92,662.0,1.0,2.0,2.0,At Risk
17663,United Kingdom,2010-03-04 11:42:00,2011-11-14 08:56:00,17.0,5175.83,26.0,3.0,4.0,4.0,Champions
17664,United Kingdom,2010-03-29 17:17:00,2011-11-21 11:29:00,4.0,1166.23,19.0,4.0,3.0,3.0,Champions
17665,United Kingdom,2010-08-03 13:12:00,2010-08-03 13:12:00,1.0,563.1,493.0,1.0,1.0,2.0,Hibernating
17666,United Kingdom,2010-06-30 12:03:00,2011-12-06 09:06:00,5.0,2047.8,4.0,4.0,3.0,3.0,Champions
17667,United Kingdom,2010-02-23 09:57:00,2011-10-04 14:32:00,9.0,3950.7,66.0,3.0,4.0,4.0,Champions
17668,United Kingdom,2011-11-01 14:45:00,2011-12-08 13:25:00,2.0,347.75,1.0,4.0,2.0,2.0,Recent / Promising
17669,United Kingdom,2010-04-01 18:48:00,2011-10-28 08:53:00,10.0,6142.35,43.0,3.0,4.0,4.0,Champions
17670,United Kingdom,2011-04-26 09:12:00,2011-04-26 09:12:00,1.0,205.7,228.0,2.0,1.0,1.0,Hibernating
17671,United Kingdom,2010-11-29 11:53:00,2011-11-24 12:21:00,5.0,2009.16,16.0,4.0,3.0,3.0,Champions
17672,United Kingdom,2010-03-08 13:17:00,2011-10-20 14:18:00,6.0,5663.74,50.0,3.0,3.0,4.0,Champions
17673,United Kingdom,2010-03-19 14:02:00,2011-12-08 12:50:00,13.0,4173.88,2.0,4.0,4.0,4.0,Champions
17674,United Kingdom,2010-12-06 10:20:00,2011-09-26 13:35:00,2.0,551.04,74.0,3.0,2.0,2.0,Recent / Promising
17675,United Kingdom,2009-12-10 16:10:00,2011-12-08 18:03:00,70.0,37642.48,1.0,4.0,4.0,4.0,Champions
17676,United Kingdom,2010-03-30 10:49:00,2011-12-05 15:16:00,10.0,2448.64,4.0,4.0,4.0,4.0,Champions
17677,United Kingdom,2009-12-16 11:23:00,2011-12-08 09:56:00,54.0,35058.46,2.0,4.0,4.0,4.0,Champions
17678,United Kingdom,2010-04-15 13:54:00,2011-03-21 11:52:00,2.0,599.76,264.0,2.0,2.0,2.0,Hibernating
17679,United Kingdom,2009-12-03 17:32:00,2011-10-18 07:43:00,7.0,3577.61,53.0,3.0,4.0,4.0,Champions
17680,United Kingdom,2010-07-16 16:07:00,2011-11-16 12:42:00,3.0,497.45,24.0,4.0,3.0,2.0,Loyal
17681,United Kingdom,2010-01-15 11:53:00,2010-04-21 17:22:00,5.0,731.2,597.0,1.0,3.0,2.0,Loyal
17682,United Kingdom,2010-03-08 09:49:00,2011-11-29 15:59:00,11.0,4065.28,10.0,4.0,4.0,4.0,Champions
17683,United Kingdom,2010-06-03 17:15:00,2010-11-19 10:11:00,3.0,819.01,386.0,1.0,3.0,2.0,Loyal
17684,United Kingdom,2011-10-27 11:10:00,2011-10-27 11:10:00,1.0,239.41,44.0,3.0,1.0,1.0,Recent / Promising
17685,United Kingdom,2010-02-11 13:44:00,2011-11-23 11:36:00,12.0,5454.95,17.0,4.0,4.0,4.0,Champions
17686,United Kingdom,2010-06-24 09:49:00,2011-12-02 15:39:00,9.0,8296.81,7.0,4.0,4.0,4.0,Champions
17687,United Kingdom,2010-10-15 12:30:00,2010-10-15 12:30:00,1.0,432.68,421.0,1.0,1.0,2.0,Hibernating
17688,United Kingdom,2010-11-11 10:41:00,2010-11-11 10:41:00,1.0,304.2,394.0,1.0,1.0,1.0,Hibernating
17689,United Kingdom,2010-08-22 13:54:00,2010-11-16 13:22:00,2.0,317.08,388.0,1.0,2.0,1.0,At Risk
17690,United Kingdom,2010-02-03 14:26:00,2011-11-09 15:17:00,20.0,6963.8,30.0,3.0,4.0,4.0,Champions
17691,United Kingdom,2010-06-11 11:50:00,2010-12-16 17:20:00,4.0,637.55,358.0,2.0,3.0,2.0,Loyal
17692,United Kingdom,2010-06-17 11:14:00,2011-08-04 14:01:00,12.0,2960.44,127.0,2.0,4.0,4.0,Loyal
17693,United Kingdom,2011-07-25 15:48:00,2011-07-25 15:48:00,1.0,200.47,137.0,2.0,1.0,1.0,Hibernating
17694,United Kingdom,2010-05-26 08:27:00,2011-07-21 12:00:00,3.0,1695.97,142.0,2.0,3.0,3.0,Loyal
17695,United Kingdom,2010-01-28 09:27:00,2011-07-31 10:40:00,5.0,1746.04,132.0,2.0,3.0,3.0,Loyal
17696,United Kingdom,2009-12-10 17:09:00,2011-11-01 13:43:00,27.0,7679.59,38.0,3.0,4.0,4.0,Champions
17697,United Kingdom,2011-04-17 15:40:00,2011-04-17 15:40:00,1.0,338.95,236.0,2.0,1.0,1.0,Hibernating
17698,United Kingdom,2011-03-24 11:34:00,2011-03-24 11:34:00,1.0,154.95,261.0,2.0,1.0,1.0,Hibernating
17699,United Kingdom,2010-05-27 11:53:00,2010-08-20 09:39:00,2.0,442.0,477.0,1.0,2.0,2.0,At Risk
17700,United Kingdom,2009-12-01 11:37:00,2011-11-23 11:51:00,14.0,6679.97,17.0,4.0,4.0,4.0,Champions
17701,United Kingdom,2011-04-01 12:25:00,2011-04-01 12:25:00,1.0,417.95,253.0,2.0,1.0,2.0,Hibernating
17702,United Kingdom,2010-11-04 12:09:00,2011-11-09 16:03:00,6.0,3144.04,30.0,3.0,3.0,4.0,Champions
17703,United Kingdom,2010-10-17 16:16:00,2011-11-04 15:51:00,4.0,1094.84,35.0,3.0,3.0,3.0,Champions
17704,United Kingdom,2011-04-14 09:28:00,2011-06-24 09:40:00,2.0,885.19,169.0,2.0,2.0,3.0,Hibernating
17705,United Kingdom,2010-05-12 09:47:00,2011-12-06 13:45:00,11.0,2083.9,3.0,4.0,4.0,3.0,Champions
17706,United Kingdom,2010-01-19 12:13:00,2011-12-05 13:34:00,31.0,20272.15,4.0,4.0,4.0,4.0,Champions
17707,United Kingdom,2009-12-07 12:19:00,2011-06-07 15:03:00,8.0,609.3,185.0,2.0,4.0,2.0,Loyal
17708,United Kingdom,2010-10-12 12:13:00,2011-06-05 10:12:00,4.0,884.18,188.0,2.0,3.0,3.0,Loyal
17709,United Kingdom,2010-04-15 14:48:00,2011-06-23 11:55:00,5.0,671.01,170.0,2.0,3.0,2.0,Loyal
17710,United Kingdom,2010-10-12 07:49:00,2010-10-12 07:49:00,1.0,293.5,424.0,1.0,1.0,1.0,Hibernating
17711,United Kingdom,2011-02-23 11:32:00,2011-11-29 11:40:00,2.0,385.1,11.0,4.0,2.0,2.0,Recent / Promising
17712,United Kingdom,2011-10-26 12:28:00,2011-10-26 12:28:00,1.0,522.91,45.0,3.0,1.0,2.0,Recent / Promising
17713,United Kingdom,2010-06-09 09:33:00,2010-11-22 16:50:00,4.0,1198.09,382.0,1.0,3.0,3.0,Loyal
17714,United Kingdom,2010-07-14 10:41:00,2011-01-23 10:32:00,5.0,1410.18,321.0,2.0,3.0,3.0,Loyal
17715,United Kingdom,2010-04-26 12:17:00,2011-05-23 12:32:00,2.0,489.6,201.0,2.0,2.0,2.0,Hibernating
17716,United Kingdom,2009-12-02 17:18:00,2011-11-17 12:00:00,24.0,15956.97,23.0,4.0,4.0,4.0,Champions
17717,United Kingdom,2010-10-14 12:54:00,2010-10-14 12:54:00,1.0,376.92,421.0,1.0,1.0,2.0,Hibernating
17718,United Kingdom,2010-03-05 08:01:00,2011-04-21 13:39:00,2.0,439.18,232.0,2.0,2.0,2.0,Hibernating
17719,United Kingdom,2011-03-29 11:29:00,2011-11-02 10:36:00,15.0,5396.04,38.0,3.0,4.0,4.0,Champions
17720,United Kingdom,2010-05-10 09:58:00,2011-11-13 15:04:00,10.0,2666.91,26.0,3.0,4.0,4.0,Champions
17721,United Kingdom,2010-02-18 15:18:00,2010-02-18 15:18:00,1.0,307.21,659.0,1.0,1.0,1.0,Hibernating
17722,United Kingdom,2010-11-29 09:44:00,2011-09-04 15:22:00,5.0,3520.22,96.0,2.0,3.0,4.0,Loyal
17723,United Kingdom,2010-11-29 10:35:00,2011-08-04 18:37:00,7.0,3378.4,127.0,2.0,4.0,4.0,Loyal
17724,United Kingdom,2011-07-24 13:26:00,2011-09-29 15:26:00,3.0,1033.0,71.0,3.0,3.0,3.0,Champions
17725,United Kingdom,2011-03-17 19:47:00,2011-11-23 16:34:00,11.0,3439.08,16.0,4.0,4.0,4.0,Champions
17726,United Kingdom,2010-01-26 14:58:00,2010-11-09 13:37:00,7.0,1092.06,395.0,1.0,4.0,3.0,Loyal
17727,United Kingdom,2011-11-24 17:06:00,2011-11-24 17:06:00,1.0,1060.25,15.0,4.0,1.0,3.0,Recent / Promising
17728,United Kingdom,2010-09-12 14:58:00,2011-12-06 08:52:00,5.0,4238.76,4.0,4.0,3.0,4.0,Champions
17729,United Kingdom,2010-04-22 15:03:00,2010-04-22 15:03:00,1.0,438.65,596.0,1.0,1.0,2.0,Hibernating
17730,United Kingdom,2010-04-29 11:48:00,2011-12-06 15:43:00,20.0,7773.8,3.0,4.0,4.0,4.0,Champions
17731,United Kingdom,2010-02-09 12:37:00,2011-09-21 15:02:00,6.0,1708.99,79.0,3.0,3.0,3.0,Champions
17732,United Kingdom,2010-08-09 08:41:00,2010-12-02 09:29:00,8.0,2166.42,373.0,2.0,4.0,3.0,Loyal
17733,United Kingdom,2011-03-23 09:54:00,2011-11-01 08:16:00,2.0,692.19,39.0,3.0,2.0,2.0,Recent / Promising
17734,United Kingdom,2010-03-07 13:55:00,2011-10-17 12:33:00,6.0,1442.32,54.0,3.0,3.0,3.0,Champions
17735,United Kingdom,2010-07-30 13:25:00,2011-12-07 16:47:00,26.0,16790.33,2.0,4.0,4.0,4.0,Champions
17736,United Kingdom,2011-08-18 14:33:00,2011-11-30 15:36:00,3.0,377.44,9.0,4.0,3.0,2.0,Loyal
17737,United Kingdom,2011-10-12 14:42:00,2011-11-30 15:16:00,2.0,168.24,9.0,4.0,2.0,1.0,Recent / Promising
17738,United Kingdom,2010-03-19 10:07:00,2011-11-20 15:05:00,13.0,4183.56,19.0,4.0,4.0,4.0,Champions
17739,United Kingdom,2009-12-07 10:48:00,2011-11-28 09:12:00,18.0,7730.59,12.0,4.0,4.0,4.0,Champions
17740,United Kingdom,2010-01-11 13:11:00,2010-11-15 16:33:00,6.0,426.9,389.0,1.0,3.0,2.0,Loyal
17741,United Kingdom,2010-05-28 12:11:00,2010-10-29 11:59:00,2.0,101.1,407.0,1.0,2.0,1.0,At Risk
17742,United Kingdom,2009-12-01 13:16:00,2011-08-18 15:28:00,11.0,2098.48,113.0,2.0,4.0,3.0,Loyal
17743,United Kingdom,2010-09-17 14:54:00,2010-09-17 14:54:00,1.0,229.2,448.0,1.0,1.0,1.0,Hibernating
17744,United Kingdom,2010-11-24 09:34:00,2011-12-06 12:11:00,7.0,2649.14,4.0,4.0,4.0,4.0,Champions
17745,United Kingdom,2010-06-02 09:03:00,2010-08-19 12:30:00,2.0,600.34,478.0,1.0,2.0,2.0,At Risk
17746,United Kingdom,2010-04-08 12:54:00,2011-04-13 14:31:00,4.0,904.18,240.0,2.0,3.0,3.0,Loyal
17747,United Kingdom,2011-08-19 08:13:00,2011-08-19 08:13:00,1.0,71.4,113.0,2.0,1.0,1.0,Hibernating
17748,United Kingdom,2010-06-30 13:49:00,2010-06-30 13:49:00,1.0,358.15,527.0,1.0,1.0,2.0,Hibernating
17749,United Kingdom,2010-06-11 14:56:00,2011-06-14 15:45:00,3.0,1026.18,178.0,2.0,3.0,3.0,Loyal
17750,United Kingdom,2011-06-28 15:44:00,2011-12-04 14:09:00,9.0,1694.16,5.0,4.0,4.0,3.0,Champions
17751,United Kingdom,2010-10-14 13:57:00,2010-10-14 13:57:00,1.0,157.86,421.0,1.0,1.0,1.0,Hibernating
17752,United Kingdom,2010-12-15 16:19:00,2010-12-15 16:19:00,1.0,80.64,359.0,2.0,1.0,1.0,Hibernating
17753,United Kingdom,2010-01-06 14:20:00,2010-09-01 15:49:00,4.0,382.06,464.0,1.0,3.0,2.0,Loyal
17754,United Kingdom,2009-12-11 15:52:00,2011-12-09 11:20:00,13.0,4451.22,1.0,4.0,4.0,4.0,Champions
17756,United Kingdom,2010-11-10 12:54:00,2010-11-29 12:20:00,3.0,728.75,376.0,2.0,3.0,2.0,Loyal
17757,United Kingdom,2010-01-13 15:56:00,2011-12-08 15:31:00,56.0,9070.1,1.0,4.0,4.0,4.0,Champions
17758,United Kingdom,2010-05-20 13:18:00,2011-11-20 14:45:00,12.0,4964.03,19.0,4.0,4.0,4.0,Champions
17759,United Kingdom,2010-05-05 11:40:00,2011-11-22 16:02:00,5.0,1260.63,17.0,4.0,3.0,3.0,Champions
17760,United Kingdom,2010-02-28 12:15:00,2011-11-18 10:56:00,6.0,746.39,22.0,4.0,3.0,2.0,Loyal
17761,United Kingdom,2011-11-07 10:23:00,2011-11-07 10:23:00,1.0,712.78,33.0,3.0,1.0,2.0,Recent / Promising
17762,United Kingdom,2010-09-09 17:40:00,2010-09-09 17:40:00,1.0,129.75,456.0,1.0,1.0,1.0,Hibernating
17763,United Kingdom,2010-02-18 14:32:00,2011-03-21 14:25:00,4.0,86.15,263.0,2.0,3.0,1.0,Loyal
17764,United Kingdom,2009-12-03 14:28:00,2011-10-20 11:03:00,5.0,1513.57,51.0,3.0,3.0,3.0,Champions
17765,United Kingdom,2010-09-17 12:45:00,2011-07-04 12:41:00,4.0,524.0,159.0,2.0,3.0,2.0,Loyal
17766,United Kingdom,2010-11-23 14:17:00,2010-11-23 14:29:00,2.0,299.61,381.0,1.0,2.0,1.0,At Risk
17767,United Kingdom,2010-10-25 16:22:00,2011-11-24 14:42:00,2.0,413.05,15.0,4.0,2.0,2.0,Recent / Promising
17768,United Kingdom,2009-12-02 12:26:00,2011-12-01 13:22:00,7.0,3292.73,8.0,4.0,4.0,4.0,Champions
17769,United Kingdom,2010-01-19 11:33:00,2011-11-27 11:18:00,17.0,7053.38,13.0,4.0,4.0,4.0,Champions
17770,United Kingdom,2011-03-02 13:35:00,2011-05-25 12:34:00,5.0,1143.27,199.0,2.0,3.0,3.0,Loyal
17771,United Kingdom,2010-04-29 13:21:00,2011-10-14 11:43:00,4.0,386.93,57.0,3.0,3.0,2.0,Loyal
17772,United Kingdom,2010-11-12 11:31:00,2011-11-29 11:05:00,3.0,360.75,11.0,4.0,3.0,2.0,Loyal
17773,United Kingdom,2010-01-18 14:32:00,2010-07-13 14:07:00,2.0,575.37,514.0,1.0,2.0,2.0,At Risk
17774,United Kingdom,2010-02-08 16:06:00,2011-09-04 12:49:00,9.0,3272.83,97.0,2.0,4.0,4.0,Loyal
17775,United Kingdom,2011-03-30 10:50:00,2011-03-30 10:50:00,1.0,56.4,255.0,2.0,1.0,1.0,Hibernating
17776,United Kingdom,2009-12-16 14:59:00,2010-11-18 12:14:00,2.0,329.3,387.0,1.0,2.0,1.0,At Risk
17777,United Kingdom,2011-08-31 14:35:00,2011-11-15 12:02:00,3.0,647.56,25.0,4.0,3.0,2.0,Loyal
17778,United Kingdom,2010-02-16 12:44:00,2010-02-16 12:44:00,1.0,197.7,662.0,1.0,1.0,1.0,Hibernating
17779,United Kingdom,2011-07-19 12:19:00,2011-11-18 14:15:00,3.0,650.32,21.0,4.0,3.0,2.0,Loyal
17780,United Kingdom,2010-01-24 11:21:00,2010-02-10 13:43:00,3.0,346.56,667.0,1.0,3.0,2.0,Loyal
17781,United Kingdom,2011-03-31 19:54:00,2011-07-03 16:00:00,2.0,188.02,159.0,2.0,2.0,1.0,Hibernating
17782,United Kingdom,2010-11-22 10:03:00,2010-11-22 11:15:00,2.0,679.02,383.0,1.0,2.0,2.0,At Risk
17783,United Kingdom,2010-07-15 12:50:00,2011-09-28 16:07:00,3.0,376.96,72.0,3.0,3.0,2.0,Loyal
17784,United Kingdom,2010-06-07 16:08:00,2010-06-07 16:08:00,1.0,112.86,550.0,1.0,1.0,1.0,Hibernating
17785,United Kingdom,2010-05-23 13:01:00,2011-10-17 13:43:00,3.0,403.38,53.0,3.0,3.0,2.0,Loyal
17786,United Kingdom,2011-01-26 14:35:00,2011-09-15 12:51:00,2.0,266.85,85.0,3.0,2.0,1.0,Recent / Promising
17787,United Kingdom,2010-12-03 13:43:00,2011-07-10 11:24:00,4.0,1817.54,153.0,2.0,3.0,3.0,Loyal
17788,United Kingdom,2011-08-02 10:38:00,2011-09-27 10:09:00,2.0,1112.95,74.0,3.0,2.0,3.0,Recent / Promising
17789,United Kingdom,2010-02-16 13:16:00,2011-03-03 13:14:00,2.0,397.15,281.0,2.0,2.0,2.0,Hibernating
17790,United Kingdom,2010-06-13 13:30:00,2011-11-13 11:30:00,20.0,2779.41,27.0,3.0,4.0,4.0,Champions
17791,United Kingdom,2011-11-10 12:09:00,2011-11-10 12:09:00,1.0,106.1,30.0,3.0,1.0,1.0,Recent / Promising
17792,United Kingdom,2010-08-18 13:08:00,2010-08-29 14:30:00,2.0,368.35,467.0,1.0,2.0,2.0,At Risk
17793,United Kingdom,2011-11-14 14:24:00,2011-11-14 14:24:00,1.0,300.34,25.0,4.0,1.0,1.0,Recent / Promising
17794,United Kingdom,2010-01-20 12:17:00,2010-01-22 10:18:00,2.0,147.3,687.0,1.0,2.0,1.0,At Risk
17795,United Kingdom,2011-03-20 12:02:00,2011-06-13 12:36:00,2.0,342.83,180.0,2.0,2.0,2.0,Hibernating
17796,United Kingdom,2010-10-14 13:37:00,2011-10-30 15:38:00,7.0,1236.39,40.0,3.0,4.0,3.0,Champions
17797,United Kingdom,2009-12-15 14:30:00,2011-11-17 13:21:00,8.0,1971.87,22.0,4.0,4.0,3.0,Champions
17798,United Kingdom,2010-05-07 11:42:00,2010-05-07 11:42:00,1.0,172.17,582.0,1.0,1.0,1.0,Hibernating
17799,United Kingdom,2009-12-13 16:03:00,2011-11-17 15:16:00,20.0,6246.93,22.0,4.0,4.0,4.0,Champions
17800,United Kingdom,2011-01-09 13:50:00,2011-11-02 12:57:00,9.0,1186.21,37.0,3.0,4.0,3.0,Champions
17801,United Kingdom,2010-01-17 11:31:00,2010-09-14 14:32:00,3.0,770.03,451.0,1.0,3.0,2.0,Loyal
17802,United Kingdom,2009-12-13 13:39:00,2011-09-18 14:56:00,10.0,4946.22,82.0,3.0,4.0,4.0,Champions
17803,United Kingdom,2010-11-12 13:53:00,2010-11-12 13:53:00,1.0,184.66,392.0,1.0,1.0,1.0,Hibernating
17804,United Kingdom,2009-12-01 12:22:00,2010-11-28 14:01:00,3.0,383.78,376.0,2.0,3.0,2.0,Loyal
17805,United Kingdom,2010-04-08 14:36:00,2011-09-27 11:49:00,2.0,927.03,74.0,3.0,2.0,3.0,Recent / Promising
17806,United Kingdom,2011-11-28 14:12:00,2011-11-28 14:12:00,1.0,546.04,11.0,4.0,1.0,2.0,Recent / Promising
17807,United Kingdom,2010-01-04 14:00:00,2010-11-09 16:21:00,3.0,437.87,395.0,1.0,3.0,2.0,Loyal
17808,United Kingdom,2010-05-07 16:26:00,2010-06-09 10:44:00,4.0,262.64,549.0,1.0,3.0,1.0,Loyal
17809,United Kingdom,2009-12-02 14:52:00,2011-11-23 12:59:00,20.0,10085.89,16.0,4.0,4.0,4.0,Champions
17810,United Kingdom,2010-01-25 10:26:00,2010-02-09 10:47:00,2.0,343.21,669.0,1.0,2.0,2.0,At Risk
17811,United Kingdom,2010-09-20 11:24:00,2011-12-05 13:46:00,47.0,9513.1,4.0,4.0,4.0,4.0,Champions
17812,United Kingdom,2010-06-27 13:34:00,2011-11-27 11:47:00,7.0,911.99,13.0,4.0,4.0,3.0,Champions
17813,United Kingdom,2011-09-29 15:57:00,2011-11-25 16:13:00,5.0,1698.07,14.0,4.0,3.0,3.0,Champions
17814,United Kingdom,2010-10-13 14:03:00,2010-11-29 14:21:00,2.0,1609.37,375.0,2.0,2.0,3.0,Hibernating
17815,United Kingdom,2010-11-11 14:39:00,2010-11-11 14:39:00,1.0,591.96,393.0,1.0,1.0,2.0,Hibernating
17816,United Kingdom,2009-12-15 15:27:00,2011-11-03 11:34:00,6.0,96.11,37.0,3.0,3.0,1.0,Loyal
17817,United Kingdom,2010-10-13 15:07:00,2011-12-05 14:39:00,6.0,788.15,4.0,4.0,3.0,2.0,Loyal
17818,United Kingdom,2009-12-02 11:34:00,2009-12-02 11:34:00,1.0,124.78,738.0,1.0,1.0,1.0,Hibernating
17819,United Kingdom,2009-12-13 15:24:00,2011-09-29 10:52:00,12.0,6021.05,72.0,3.0,4.0,4.0,Champions
17820,United Kingdom,2010-11-30 17:43:00,2010-11-30 17:43:00,1.0,180.61,374.0,2.0,1.0,1.0,Hibernating
17821,United Kingdom,2010-10-29 13:20:00,2010-10-29 13:20:00,1.0,334.62,406.0,1.0,1.0,1.0,Hibernating
17822,United Kingdom,2010-05-28 12:15:00,2010-10-15 13:47:00,5.0,2154.08,420.0,1.0,3.0,3.0,Loyal
17823,United Kingdom,2010-10-14 16:14:00,2010-10-14 16:24:00,2.0,449.25,421.0,1.0,2.0,2.0,At Risk
17824,United Kingdom,2011-10-19 14:14:00,2011-10-19 14:14:00,1.0,298.4,51.0,3.0,1.0,1.0,Recent / Promising
17825,United Kingdom,2009-12-14 12:09:00,2010-04-20 12:01:00,4.0,701.96,599.0,1.0,3.0,2.0,Loyal
17826,United Kingdom,2010-11-30 13:23:00,2010-11-30 13:23:00,1.0,133.34,374.0,2.0,1.0,1.0,Hibernating
17827,United Kingdom,2010-03-28 12:20:00,2011-12-04 15:00:00,6.0,2376.17,5.0,4.0,3.0,4.0,Champions
17828,Malta,2011-06-08 08:31:00,2011-11-17 08:41:00,4.0,1165.09,23.0,4.0,3.0,3.0,Champions
17829,United Arab Emirates,2010-02-22 15:39:00,2011-02-14 12:46:00,5.0,4756.74,299.0,2.0,3.0,4.0,Loyal
17830,United Kingdom,2011-02-24 10:15:00,2011-12-08 12:28:00,3.0,398.7,2.0,4.0,3.0,2.0,Loyal
17831,United Kingdom,2011-11-06 15:09:00,2011-11-06 15:09:00,1.0,35.4,33.0,3.0,1.0,1.0,Recent / Promising
17832,United Kingdom,2011-10-21 11:43:00,2011-10-21 11:43:00,1.0,155.37,50.0,3.0,1.0,1.0,Recent / Promising
17833,United Kingdom,2009-12-16 13:40:00,2009-12-16 13:40:00,1.0,338.46,723.0,1.0,1.0,1.0,Hibernating
17834,United Kingdom,2010-09-20 15:32:00,2010-10-21 12:09:00,2.0,689.67,415.0,1.0,2.0,2.0,At Risk
17835,United Kingdom,2011-11-16 16:30:00,2011-12-07 11:48:00,3.0,342.24,3.0,4.0,3.0,2.0,Loyal
17836,United Kingdom,2011-10-23 16:13:00,2011-10-23 16:13:00,1.0,109.83,47.0,3.0,1.0,1.0,Recent / Promising
17837,United Kingdom,2011-06-29 16:44:00,2011-10-28 16:13:00,8.0,1535.33,42.0,3.0,4.0,3.0,Champions
17838,United Kingdom,2010-03-19 09:53:00,2011-11-13 11:20:00,13.0,5604.64,27.0,3.0,4.0,4.0,Champions
17839,United Kingdom,2011-10-28 17:27:00,2011-10-28 17:27:00,1.0,318.15,42.0,3.0,1.0,1.0,Recent / Promising
17840,United Kingdom,2010-09-22 12:24:00,2010-09-22 12:24:00,1.0,175.9,444.0,1.0,1.0,1.0,Hibernating
17841,United Kingdom,2009-12-02 15:41:00,2011-12-08 12:07:00,211.0,68508.15,2.0,4.0,4.0,4.0,Champions
17842,United Kingdom,2010-04-16 14:23:00,2010-04-16 14:23:00,1.0,430.69,602.0,1.0,1.0,2.0,Hibernating
17843,United Kingdom,2010-10-24 10:56:00,2011-02-09 15:33:00,2.0,312.65,303.0,2.0,2.0,1.0,Hibernating
17844,Canada,2011-08-25 11:27:00,2011-08-25 11:27:00,1.0,51.56,107.0,2.0,1.0,1.0,Hibernating
17845,United Kingdom,2010-05-12 13:04:00,2010-06-02 15:20:00,4.0,596.09,555.0,1.0,3.0,2.0,Loyal
17847,United Kingdom,2010-03-04 12:57:00,2010-07-12 10:00:00,2.0,125.74,516.0,1.0,2.0,1.0,At Risk
17848,United Kingdom,2009-12-06 13:19:00,2011-09-19 16:49:00,30.0,3538.46,81.0,3.0,4.0,4.0,Champions
17849,United Kingdom,2010-03-14 15:17:00,2011-05-05 13:46:00,8.0,1063.76,218.0,2.0,4.0,3.0,Loyal
17850,United Kingdom,2009-12-05 12:28:00,2010-12-02 15:27:00,155.0,51208.87,372.0,2.0,4.0,4.0,Loyal
17851,United Kingdom,2009-12-03 17:46:00,2010-10-13 15:13:00,6.0,1552.35,422.0,1.0,3.0,3.0,Loyal
17852,United Kingdom,2009-12-08 12:51:00,2011-11-28 12:36:00,5.0,657.81,12.0,4.0,3.0,2.0,Loyal
17853,United Kingdom,2009-12-03 15:09:00,2010-10-28 15:29:00,3.0,1596.29,407.0,1.0,3.0,3.0,Loyal
17854,United Kingdom,2009-12-08 11:13:00,2011-06-07 16:21:00,6.0,1068.5,185.0,2.0,3.0,3.0,Loyal
17855,United Kingdom,2010-12-02 09:44:00,2010-12-02 09:44:00,1.0,208.97,373.0,2.0,1.0,1.0,Hibernating
17856,United Kingdom,2011-03-03 11:40:00,2011-12-08 09:40:00,4.0,1418.03,2.0,4.0,3.0,3.0,Champions
17857,United Kingdom,2010-03-08 12:09:00,2011-12-05 13:13:00,23.0,25769.54,4.0,4.0,4.0,4.0,Champions
17858,United Kingdom,2009-12-06 15:41:00,2011-12-04 11:56:00,30.0,12518.65,6.0,4.0,4.0,4.0,Champions
17859,United Kingdom,2011-02-08 10:32:00,2011-02-08 10:32:00,1.0,141.92,305.0,2.0,1.0,1.0,Hibernating
17860,United Kingdom,2009-12-11 16:48:00,2010-12-06 12:41:00,4.0,717.39,369.0,2.0,3.0,2.0,Loyal
17861,United Kingdom,2009-12-10 11:27:00,2011-12-06 16:21:00,18.0,5088.29,3.0,4.0,4.0,4.0,Champions
17862,United Kingdom,2010-05-25 17:22:00,2011-01-20 12:23:00,4.0,1254.89,324.0,2.0,3.0,3.0,Loyal
17863,United Kingdom,2010-02-25 12:01:00,2011-10-11 13:45:00,12.0,5360.48,59.0,3.0,4.0,4.0,Champions
17864,United Kingdom,2010-10-08 11:49:00,2011-11-27 11:15:00,5.0,876.57,13.0,4.0,3.0,3.0,Champions
17865,United Kingdom,2009-12-01 10:49:00,2011-11-09 12:08:00,46.0,26310.09,31.0,3.0,4.0,4.0,Champions
17866,United Kingdom,2009-12-14 16:01:00,2011-07-20 11:07:00,3.0,1134.95,143.0,2.0,3.0,3.0,Loyal
17867,United Kingdom,2009-12-02 13:39:00,2011-11-09 14:15:00,14.0,1560.72,30.0,3.0,4.0,3.0,Champions
17868,United Kingdom,2010-11-18 18:55:00,2010-11-18 18:55:00,1.0,227.15,386.0,1.0,1.0,1.0,Hibernating
17869,United Kingdom,2010-06-10 13:47:00,2011-08-24 16:16:00,7.0,813.64,107.0,2.0,4.0,2.0,Loyal
17870,United Kingdom,2010-11-23 11:39:00,2011-12-07 15:07:00,13.0,2753.29,2.0,4.0,4.0,4.0,Champions
17871,United Kingdom,2010-01-15 14:48:00,2011-05-19 11:32:00,5.0,1068.95,205.0,2.0,3.0,3.0,Loyal
17872,United Kingdom,2010-11-23 12:02:00,2010-11-23 12:02:00,1.0,235.87,382.0,1.0,2.0,1.0,At Risk
17873,United Kingdom,2009-12-16 15:11:00,2011-09-20 16:41:00,18.0,6135.95,80.0,3.0,4.0,4.0,Champions
17874,United Kingdom,2011-03-29 11:25:00,2011-06-07 12:54:00,6.0,683.46,185.0,2.0,3.0,2.0,Loyal
17875,United Kingdom,2010-01-20 15:30:00,2010-01-20 15:30:00,1.0,167.1,688.0,1.0,2.0,1.0,At Risk
17876,United Kingdom,2010-02-02 13:00:00,2010-11-05 10:52:00,3.0,3424.02,400.0,1.0,3.0,4.0,Loyal
17877,United Kingdom,2011-06-22 13:00:00,2011-06-22 13:00:00,1.0,237.61,170.0,2.0,2.0,1.0,Hibernating
17878,United Kingdom,2010-11-09 13:50:00,2011-10-27 11:24:00,3.0,1378.93,44.0,3.0,3.0,3.0,Champions
17879,United Kingdom,2011-06-19 12:36:00,2011-06-19 12:36:00,1.0,178.52,174.0,2.0,2.0,1.0,Hibernating
17880,United Kingdom,2009-12-09 16:13:00,2010-12-10 10:21:00,3.0,824.92,365.0,2.0,3.0,2.0,Loyal
17881,United Kingdom,2011-02-08 17:16:00,2011-02-08 17:16:00,1.0,133.35,304.0,2.0,2.0,1.0,Hibernating
17882,United Kingdom,2010-11-25 14:35:00,2010-11-25 14:40:00,2.0,291.56,379.0,2.0,2.0,1.0,Hibernating
17883,United Kingdom,2010-02-25 20:07:00,2011-12-06 17:49:00,7.0,988.42,3.0,4.0,4.0,3.0,Champions
17884,United Kingdom,2009-12-04 16:23:00,2011-12-06 11:33:00,20.0,2693.47,4.0,4.0,4.0,4.0,Champions
17885,United Kingdom,2011-11-27 14:40:00,2011-11-27 14:40:00,1.0,156.34,12.0,4.0,2.0,1.0,Recent / Promising
17886,United Kingdom,2010-04-29 11:10:00,2011-11-08 10:09:00,6.0,1572.55,32.0,3.0,3.0,3.0,Champions
17887,United Kingdom,2011-08-02 17:29:00,2011-08-02 17:29:00,1.0,111.35,129.0,2.0,2.0,1.0,Hibernating
17888,United Kingdom,2009-12-21 16:34:00,2011-11-18 13:45:00,25.0,1807.44,21.0,4.0,4.0,3.0,Champions
17889,United Kingdom,2010-03-31 10:54:00,2011-05-11 16:26:00,7.0,746.42,212.0,2.0,4.0,2.0,Loyal
17890,United Kingdom,2010-12-13 15:12:00,2011-01-21 11:19:00,2.0,586.89,323.0,2.0,2.0,2.0,Hibernating
17891,United Kingdom,2011-06-30 20:08:00,2011-06-30 20:08:00,1.0,203.86,162.0,2.0,2.0,1.0,Hibernating
17892,United Kingdom,2011-07-07 12:56:00,2011-10-14 16:49:00,3.0,244.1,56.0,3.0,3.0,1.0,Loyal
17893,United Kingdom,2011-04-28 13:50:00,2011-04-28 13:50:00,1.0,107.21,225.0,2.0,2.0,1.0,Hibernating
17894,United Kingdom,2010-08-27 14:13:00,2011-09-29 09:23:00,18.0,2304.16,72.0,3.0,4.0,4.0,Champions
17895,United Kingdom,2011-10-26 17:00:00,2011-10-26 17:00:00,1.0,95.45,44.0,3.0,2.0,1.0,Recent / Promising
17896,United Kingdom,2011-11-16 13:59:00,2011-11-16 13:59:00,1.0,256.32,23.0,4.0,2.0,1.0,Recent / Promising
17897,United Kingdom,2010-05-12 16:03:00,2011-06-20 11:23:00,9.0,2053.04,173.0,2.0,4.0,3.0,Loyal
17898,United Kingdom,2010-05-21 17:22:00,2011-09-15 14:56:00,4.0,299.18,85.0,3.0,3.0,1.0,Loyal
17899,United Kingdom,2011-07-03 14:58:00,2011-07-03 14:58:00,1.0,154.55,159.0,2.0,2.0,1.0,Hibernating
17900,United Kingdom,2011-06-02 14:28:00,2011-06-02 14:38:00,2.0,112.2,190.0,2.0,2.0,1.0,Hibernating
17901,United Kingdom,2010-07-06 10:54:00,2011-11-10 17:29:00,3.0,260.08,29.0,3.0,3.0,1.0,Loyal
17902,United Kingdom,2010-06-11 12:25:00,2010-06-11 12:25:00,1.0,216.4,547.0,1.0,2.0,1.0,At Risk
17903,United Kingdom,2010-11-10 15:39:00,2010-11-10 15:39:00,1.0,381.09,394.0,1.0,2.0,2.0,At Risk
17904,United Kingdom,2011-11-18 12:57:00,2011-11-18 12:57:00,1.0,181.07,21.0,4.0,2.0,1.0,Recent / Promising
17905,United Kingdom,2010-01-28 17:54:00,2011-09-29 17:33:00,13.0,2168.37,71.0,3.0,4.0,3.0,Champions
17906,United Kingdom,2011-04-06 17:25:00,2011-04-06 17:25:00,1.0,72.9,247.0,2.0,2.0,1.0,Hibernating
17907,United Kingdom,2010-03-09 12:33:00,2010-03-09 12:33:00,1.0,291.76,641.0,1.0,2.0,1.0,At Risk
17908,United Kingdom,2009-12-14 12:24:00,2010-12-01 11:45:00,5.0,1142.47,374.0,2.0,3.0,3.0,Loyal
17909,United Kingdom,2009-12-02 13:10:00,2009-12-02 13:10:00,1.0,110.05,737.0,1.0,2.0,1.0,At Risk
17910,United Kingdom,2009-12-13 16:04:00,2009-12-13 16:04:00,1.0,261.7,726.0,1.0,2.0,1.0,At Risk
17911,United Kingdom,2011-11-30 14:52:00,2011-11-30 14:52:00,1.0,366.23,9.0,4.0,2.0,2.0,Recent / Promising
17912,United Kingdom,2010-11-29 13:53:00,2011-02-02 14:25:00,6.0,371.6,310.0,2.0,3.0,2.0,Loyal
17913,United Kingdom,2009-12-03 13:02:00,2011-10-12 10:45:00,14.0,3425.09,59.0,3.0,4.0,4.0,Champions
17914,United Kingdom,2011-12-06 11:58:00,2011-12-06 11:58:00,1.0,329.36,4.0,4.0,2.0,1.0,Recent / Promising
17915,United Kingdom,2010-06-06 13:22:00,2010-06-06 13:22:00,1.0,225.78,551.0,1.0,2.0,1.0,At Risk
17916,United Kingdom,2009-12-06 14:10:00,2010-03-21 12:26:00,2.0,43.87,629.0,1.0,2.0,1.0,At Risk
17917,United Kingdom,2010-12-12 12:08:00,2011-10-25 13:20:00,3.0,335.03,45.0,3.0,3.0,1.0,Loyal
17918,United Kingdom,2010-07-22 14:20:00,2010-07-27 11:51:00,3.0,388.44,501.0,1.0,3.0,2.0,Loyal
17919,United Kingdom,2010-09-27 10:40:00,2011-09-12 13:41:00,2.0,1840.32,88.0,3.0,2.0,3.0,Recent / Promising
17920,United Kingdom,2009-12-06 10:37:00,2011-12-05 14:29:00,54.0,23569.88,4.0,4.0,4.0,4.0,Champions
17921,United Kingdom,2010-07-15 20:05:00,2011-10-06 18:56:00,10.0,2394.36,64.0,3.0,4.0,4.0,Champions
17922,United Kingdom,2010-06-14 16:32:00,2010-06-14 16:32:00,1.0,170.4,543.0,1.0,2.0,1.0,At Risk
17923,United Kingdom,2010-06-13 13:58:00,2011-03-02 15:15:00,3.0,497.0,282.0,2.0,3.0,2.0,Loyal
17924,United Kingdom,2010-10-21 12:17:00,2011-11-28 09:11:00,8.0,3257.7,12.0,4.0,4.0,4.0,Champions
17925,United Kingdom,2010-12-02 10:10:00,2010-12-02 10:10:00,1.0,244.08,373.0,2.0,2.0,1.0,Hibernating
17926,United Kingdom,2010-05-09 14:07:00,2011-07-29 14:39:00,5.0,1035.49,133.0,2.0,3.0,3.0,Loyal
17927,United Kingdom,2009-12-18 11:03:00,2009-12-18 11:03:00,1.0,294.0,722.0,1.0,2.0,1.0,At Risk
17928,United Kingdom,2010-05-17 15:30:00,2011-10-25 13:52:00,3.0,313.16,45.0,3.0,3.0,1.0,Loyal
17929,United Kingdom,2009-12-09 11:40:00,2011-11-28 16:01:00,12.0,3082.1,11.0,4.0,4.0,4.0,Champions
17930,United Kingdom,2010-03-04 10:41:00,2011-11-04 10:23:00,13.0,4275.22,36.0,3.0,4.0,4.0,Champions
17931,United Kingdom,2010-02-16 15:47:00,2011-07-28 18:33:00,14.0,3402.24,134.0,2.0,4.0,4.0,Loyal
17932,United Kingdom,2011-05-12 13:58:00,2011-11-10 19:49:00,3.0,1331.57,29.0,3.0,3.0,3.0,Champions
17933,United Kingdom,2010-03-17 15:11:00,2010-03-17 15:11:00,1.0,105.99,632.0,1.0,2.0,1.0,At Risk
17934,United Kingdom,2010-10-29 12:23:00,2011-10-19 11:16:00,3.0,1049.15,52.0,3.0,3.0,3.0,Champions
17935,United Kingdom,2009-12-04 14:33:00,2011-07-24 13:18:00,7.0,683.24,138.0,2.0,4.0,2.0,Loyal
17936,United Kingdom,2011-12-04 13:32:00,2011-12-04 13:32:00,1.0,380.13,5.0,4.0,2.0,2.0,Recent / Promising
17937,United Kingdom,2010-12-12 14:43:00,2011-12-01 11:45:00,7.0,4301.22,9.0,4.0,4.0,4.0,Champions
17938,United Kingdom,2010-10-15 14:27:00,2010-10-15 14:27:00,1.0,144.29,420.0,1.0,2.0,1.0,At Risk
17939,United Kingdom,2011-07-03 12:27:00,2011-07-03 12:27:00,1.0,99.14,160.0,2.0,2.0,1.0,Hibernating
17940,United Kingdom,2009-12-03 12:31:00,2011-10-21 13:27:00,14.0,28389.58,49.0,3.0,4.0,4.0,Champions
17941,United Kingdom,2010-01-06 15:37:00,2011-08-01 08:30:00,4.0,1433.28,131.0,2.0,3.0,3.0,Loyal
17942,United Kingdom,2011-12-02 10:45:00,2011-12-02 10:45:00,1.0,77.5,8.0,4.0,2.0,1.0,Recent / Promising
17944,United Kingdom,2010-10-12 16:25:00,2010-10-12 16:25:00,1.0,74.99,423.0,1.0,2.0,1.0,At Risk
17945,United Kingdom,2010-01-12 11:33:00,2010-01-12 11:40:00,3.0,359.5,697.0,1.0,3.0,2.0,Loyal
17946,United Kingdom,2011-03-25 14:34:00,2011-04-20 17:00:00,2.0,149.58,233.0,2.0,2.0,1.0,Hibernating
17947,United Kingdom,2011-11-02 13:05:00,2011-11-02 13:05:00,1.0,176.68,37.0,3.0,2.0,1.0,Recent / Promising
17948,United Kingdom,2011-07-15 12:58:00,2011-07-15 12:58:00,1.0,358.56,147.0,2.0,2.0,2.0,Hibernating
17949,United Kingdom,2009-12-02 11:07:00,2011-12-08 18:46:00,116.0,107833.48,1.0,4.0,4.0,4.0,Champions
17950,United Kingdom,2010-01-04 17:39:00,2011-09-28 15:18:00,7.0,1166.29,72.0,3.0,4.0,3.0,Champions
17951,United Kingdom,2010-10-31 15:15:00,2011-10-31 12:30:00,4.0,1340.58,40.0,3.0,3.0,3.0,Champions
17952,United Kingdom,2010-06-16 11:54:00,2010-11-26 13:54:00,4.0,788.46,378.0,2.0,3.0,2.0,Loyal
17953,United Kingdom,2010-06-17 15:08:00,2010-06-17 15:08:00,1.0,148.67,540.0,1.0,2.0,1.0,At Risk
17954,United Kingdom,2009-12-09 13:22:00,2011-12-04 14:15:00,19.0,3801.83,5.0,4.0,4.0,4.0,Champions
17955,United Kingdom,2010-02-12 16:27:00,2011-05-25 12:00:00,6.0,949.9,199.0,2.0,3.0,3.0,Loyal
17956,United Kingdom,2011-04-04 13:47:00,2011-04-04 13:47:00,1.0,12.75,249.0,2.0,2.0,1.0,Hibernating
17957,United Kingdom,2011-10-04 14:58:00,2011-10-04 14:58:00,1.0,110.72,66.0,3.0,2.0,1.0,Recent / Promising
17958,United Kingdom,2009-12-11 15:37:00,2011-08-15 12:19:00,2.0,973.88,117.0,2.0,2.0,3.0,Hibernating
17959,United Kingdom,2010-04-26 14:12:00,2010-04-26 14:12:00,1.0,140.75,592.0,1.0,2.0,1.0,At Risk
17960,United Kingdom,2010-03-08 12:22:00,2011-06-21 14:15:00,3.0,135.08,171.0,2.0,3.0,1.0,Loyal
17961,United Kingdom,2009-12-01 14:48:00,2011-11-18 16:55:00,100.0,2866.74,21.0,4.0,4.0,4.0,Champions
17962,United Kingdom,2010-01-13 15:24:00,2011-07-20 14:16:00,4.0,665.91,142.0,2.0,3.0,2.0,Loyal
17963,United Kingdom,2010-01-19 17:25:00,2010-08-25 15:58:00,4.0,643.16,471.0,1.0,3.0,2.0,Loyal
17964,United Kingdom,2010-12-02 13:32:00,2011-11-08 10:44:00,2.0,463.21,32.0,3.0,2.0,2.0,Recent / Promising
17965,United Kingdom,2009-12-14 13:19:00,2011-11-02 09:31:00,29.0,7002.9,38.0,3.0,4.0,4.0,Champions
17966,United Kingdom,2010-01-18 13:24:00,2011-11-02 10:26:00,10.0,1963.92,38.0,3.0,4.0,3.0,Champions
17967,United Kingdom,2010-10-19 13:19:00,2010-12-03 11:19:00,2.0,223.42,372.0,2.0,2.0,1.0,Hibernating
17968,United Kingdom,2010-07-15 15:01:00,2010-12-01 12:23:00,4.0,590.44,374.0,2.0,3.0,2.0,Loyal
17969,United Kingdom,2009-12-06 13:53:00,2011-06-26 13:00:00,20.0,2354.29,166.0,2.0,4.0,4.0,Loyal
17970,United Kingdom,2011-05-12 20:03:00,2011-05-12 20:03:00,1.0,562.79,211.0,2.0,2.0,2.0,Hibernating
17971,United Kingdom,2010-06-09 14:04:00,2010-06-09 14:04:00,1.0,161.94,548.0,1.0,2.0,1.0,At Risk
17972,United Kingdom,2011-04-12 12:16:00,2011-04-12 12:16:00,1.0,135.19,242.0,2.0,2.0,1.0,Hibernating
17973,United Kingdom,2011-10-19 10:34:00,2011-10-19 10:34:00,1.0,337.04,52.0,3.0,2.0,1.0,Recent / Promising
17974,United Kingdom,2010-10-28 20:03:00,2011-11-15 11:37:00,6.0,1739.09,25.0,4.0,3.0,3.0,Champions
17975,United Kingdom,2010-08-06 11:24:00,2011-11-24 13:27:00,24.0,6693.03,15.0,4.0,4.0,4.0,Champions
17976,United Kingdom,2010-12-02 13:49:00,2010-12-02 13:49:00,1.0,321.79,372.0,2.0,2.0,1.0,Hibernating
17977,United Kingdom,2010-11-04 14:26:00,2011-11-10 13:28:00,2.0,1511.45,29.0,3.0,2.0,3.0,Recent / Promising
17978,United Kingdom,2009-12-08 13:27:00,2010-12-09 14:05:00,4.0,1159.99,365.0,2.0,3.0,3.0,Loyal
17979,United Kingdom,2011-03-25 11:34:00,2011-11-04 12:05:00,4.0,729.01,36.0,3.0,3.0,2.0,Loyal
17980,United Kingdom,2010-11-11 14:42:00,2011-06-27 12:01:00,4.0,1012.72,166.0,2.0,3.0,3.0,Loyal
17981,United Kingdom,2010-10-25 10:40:00,2010-10-25 10:40:00,1.0,239.12,411.0,1.0,2.0,1.0,At Risk
17982,United Kingdom,2010-01-28 09:38:00,2010-01-28 09:38:00,1.0,138.18,681.0,1.0,2.0,1.0,At Risk
17983,United Kingdom,2010-11-09 13:23:00,2010-11-09 13:24:00,1.0,171.71,395.0,1.0,2.0,1.0,At Risk
17984,United Kingdom,2009-12-01 11:51:00,2011-07-17 15:59:00,5.0,1148.69,145.0,2.0,3.0,3.0,Loyal
17985,United Kingdom,2011-11-17 14:24:00,2011-11-17 14:24:00,1.0,631.35,22.0,4.0,2.0,2.0,Recent / Promising
17986,United Kingdom,2011-10-14 14:22:00,2011-10-14 14:22:00,1.0,20.8,56.0,3.0,2.0,1.0,Recent / Promising
17987,United Kingdom,2010-06-07 11:23:00,2011-06-07 14:22:00,5.0,965.44,185.0,2.0,3.0,3.0,Loyal
17988,United Kingdom,2009-12-07 13:35:00,2011-11-28 11:00:00,13.0,485.69,12.0,4.0,4.0,2.0,Loyal
17989,United Kingdom,2010-11-25 13:49:00,2010-11-25 13:49:00,1.0,207.33,379.0,2.0,2.0,1.0,Hibernating
17990,United Kingdom,2009-12-07 15:19:00,2011-04-17 11:44:00,6.0,1527.61,237.0,2.0,3.0,3.0,Loyal
17991,United Kingdom,2010-04-27 12:46:00,2011-04-28 15:58:00,3.0,298.65,225.0,2.0,3.0,1.0,Loyal
17992,United Kingdom,2010-11-15 13:04:00,2010-11-15 13:04:00,1.0,252.88,389.0,1.0,2.0,1.0,At Risk
17993,United Kingdom,2010-04-01 14:23:00,2010-04-01 14:23:00,1.0,225.99,617.0,1.0,2.0,1.0,At Risk
17994,United Kingdom,2010-03-29 10:37:00,2011-08-10 11:41:00,11.0,2264.03,122.0,2.0,4.0,4.0,Loyal
17995,United Kingdom,2010-11-17 17:01:00,2011-03-03 12:30:00,3.0,495.48,282.0,2.0,3.0,2.0,Loyal
17996,United Kingdom,2010-06-11 11:48:00,2010-11-25 11:00:00,3.0,469.73,380.0,1.0,3.0,2.0,Loyal
17997,United Kingdom,2011-06-28 17:28:00,2011-09-26 16:13:00,8.0,1962.46,74.0,3.0,4.0,3.0,Champions
17998,United Kingdom,2009-12-01 13:07:00,2010-11-24 15:31:00,3.0,639.24,380.0,1.0,3.0,2.0,Loyal
17999,United Kingdom,2010-11-26 13:16:00,2011-11-02 15:56:00,3.0,528.46,37.0,3.0,3.0,2.0,Loyal
18000,United Kingdom,2010-05-24 17:34:00,2010-05-24 17:34:00,1.0,124.25,564.0,1.0,2.0,1.0,At Risk
18001,United Kingdom,2009-12-02 15:38:00,2011-11-27 16:02:00,6.0,924.14,12.0,4.0,3.0,3.0,Champions
18002,United Kingdom,2009-12-08 11:07:00,2010-11-29 10:57:00,4.0,237.62,376.0,2.0,3.0,1.0,Loyal
18003,United Kingdom,2010-11-28 15:09:00,2010-11-28 15:09:00,1.0,353.51,376.0,2.0,2.0,2.0,Hibernating
18004,United Kingdom,2010-12-12 13:47:00,2010-12-12 13:47:00,1.0,157.92,362.0,2.0,2.0,1.0,Hibernating
18005,United Kingdom,2011-10-23 14:40:00,2011-12-06 11:51:00,2.0,226.47,4.0,4.0,2.0,1.0,Recent / Promising
18006,United Kingdom,2009-12-17 12:27:00,2011-11-16 16:52:00,4.0,969.51,23.0,4.0,3.0,3.0,Champions
18007,United Kingdom,2010-11-12 11:08:00,2010-11-12 11:08:00,1.0,215.22,393.0,1.0,2.0,1.0,At Risk
18008,United Kingdom,2010-01-06 12:35:00,2011-09-30 15:17:00,23.0,19759.08,70.0,3.0,4.0,4.0,Champions
18009,United Kingdom,2010-02-25 11:49:00,2011-04-18 13:36:00,8.0,2144.23,235.0,2.0,4.0,3.0,Loyal
18010,United Kingdom,2011-03-28 12:27:00,2011-03-28 12:27:00,1.0,174.8,257.0,2.0,2.0,1.0,Hibernating
18011,United Kingdom,2010-05-21 13:28:00,2010-12-01 17:35:00,2.0,410.79,373.0,2.0,2.0,2.0,Hibernating
18012,United Kingdom,2009-12-16 13:16:00,2009-12-16 13:16:00,1.0,115.3,723.0,1.0,2.0,1.0,At Risk
18013,United Kingdom,2011-07-07 14:08:00,2011-07-07 14:11:00,2.0,187.29,155.0,2.0,2.0,1.0,Hibernating
18014,United Kingdom,2011-11-11 15:28:00,2011-11-11 15:28:00,1.0,154.27,28.0,3.0,2.0,1.0,Recent / Promising
18015,United Kingdom,2011-12-05 14:49:00,2011-12-05 14:49:00,1.0,120.03,4.0,4.0,2.0,1.0,Recent / Promising
18016,United Kingdom,2010-01-27 16:00:00,2011-11-07 13:25:00,7.0,1954.56,32.0,3.0,4.0,3.0,Champions
18017,United Kingdom,2010-10-04 15:11:00,2011-09-19 16:15:00,4.0,688.0,81.0,3.0,3.0,2.0,Loyal
18018,United Kingdom,2010-10-15 11:05:00,2011-08-23 17:37:00,4.0,297.99,108.0,2.0,3.0,1.0,Loyal
18019,United Kingdom,2011-10-19 12:10:00,2011-10-19 12:10:00,1.0,38.45,52.0,3.0,2.0,1.0,Recent / Promising
18020,United Kingdom,2010-06-14 12:31:00,2010-06-14 12:31:00,1.0,190.48,544.0,1.0,2.0,1.0,At Risk
18021,United Kingdom,2010-07-15 18:47:00,2010-07-18 10:52:00,2.0,216.41,510.0,1.0,2.0,1.0,At Risk
18022,United Kingdom,2010-06-11 13:59:00,2011-11-04 12:45:00,5.0,1506.62,36.0,3.0,3.0,3.0,Champions
18024,United Kingdom,2011-07-10 12:28:00,2011-07-10 12:40:00,2.0,389.78,153.0,2.0,2.0,2.0,Hibernating
18025,United Kingdom,2010-03-30 17:33:00,2010-11-25 12:37:00,6.0,1177.72,380.0,1.0,3.0,3.0,Loyal
18026,United Kingdom,2010-07-22 16:21:00,2010-07-27 10:37:00,2.0,2074.07,501.0,1.0,2.0,3.0,At Risk
18027,United Kingdom,2011-09-02 10:38:00,2011-09-02 10:38:00,1.0,115.31,99.0,2.0,2.0,1.0,Hibernating
18028,United Kingdom,2010-05-05 13:28:00,2010-05-05 13:28:00,1.0,192.05,583.0,1.0,2.0,1.0,At Risk
18029,United Kingdom,2010-03-07 15:30:00,2010-03-07 15:30:00,1.0,433.77,642.0,1.0,2.0,2.0,At Risk
18030,United Kingdom,2011-10-28 13:55:00,2011-12-05 16:37:00,2.0,230.65,4.0,4.0,2.0,1.0,Recent / Promising
18031,United Kingdom,2010-11-26 11:00:00,2010-11-26 11:00:00,1.0,451.3,379.0,2.0,2.0,2.0,Hibernating
18032,United Kingdom,2011-01-09 15:32:00,2011-01-09 15:32:00,1.0,73.5,334.0,2.0,2.0,1.0,Hibernating
18033,United Kingdom,2011-10-05 17:28:00,2011-10-05 17:28:00,1.0,93.82,65.0,3.0,2.0,1.0,Recent / Promising
18034,United Kingdom,2010-11-29 12:36:00,2011-11-18 12:22:00,3.0,753.35,22.0,4.0,3.0,2.0,Loyal
18035,United Kingdom,2010-11-19 13:42:00,2011-11-04 12:39:00,5.0,1260.23,36.0,3.0,3.0,3.0,Champions
18036,United Kingdom,2009-12-18 12:04:00,2011-11-07 14:40:00,11.0,1545.49,32.0,3.0,4.0,3.0,Champions
18037,United Kingdom,2009-12-01 13:48:00,2011-07-08 13:39:00,15.0,167.42,154.0,2.0,4.0,1.0,Loyal
18038,United Kingdom,2010-06-01 15:59:00,2010-06-01 15:59:00,1.0,141.48,556.0,1.0,2.0,1.0,At Risk
18039,United Kingdom,2010-03-09 11:19:00,2010-11-30 13:07:00,4.0,548.22,374.0,2.0,3.0,2.0,Loyal
18040,United Kingdom,2011-04-08 08:27:00,2011-11-20 14:20:00,2.0,357.2,19.0,4.0,2.0,2.0,Recent / Promising
18041,United Kingdom,2010-01-14 10:04:00,2011-11-28 11:39:00,38.0,8018.77,12.0,4.0,4.0,4.0,Champions
18042,United Kingdom,2010-06-16 10:53:00,2011-10-17 11:49:00,2.0,281.15,54.0,3.0,2.0,1.0,Recent / Promising
18043,United Kingdom,2010-12-08 12:35:00,2011-11-15 12:48:00,3.0,529.29,25.0,4.0,3.0,2.0,Loyal
18044,United Kingdom,2010-05-28 15:31:00,2011-12-05 14:26:00,18.0,3505.61,4.0,4.0,4.0,4.0,Champions
18045,United Kingdom,2011-10-25 13:07:00,2011-10-25 13:07:00,1.0,178.34,45.0,3.0,2.0,1.0,Recent / Promising
18046,United Kingdom,2010-02-28 11:36:00,2010-02-28 11:36:00,1.0,189.63,650.0,1.0,2.0,1.0,At Risk
18047,United Kingdom,2010-11-23 12:57:00,2010-11-23 13:11:00,2.0,326.09,381.0,1.0,2.0,1.0,At Risk
18048,United Kingdom,2010-08-03 13:03:00,2011-05-20 14:58:00,3.0,394.93,203.0,2.0,3.0,2.0,Loyal
18049,United Kingdom,2010-04-28 13:24:00,2010-09-28 14:26:00,2.0,500.5,437.0,1.0,2.0,2.0,At Risk
18050,United Kingdom,2010-11-11 15:51:00,2010-12-15 14:25:00,2.0,412.06,359.0,2.0,2.0,2.0,Hibernating
18051,United Kingdom,2009-12-09 12:17:00,2010-03-15 13:58:00,7.0,2282.28,634.0,1.0,4.0,4.0,Loyal
18052,United Kingdom,2010-05-24 11:11:00,2010-05-24 11:11:00,1.0,10877.18,565.0,1.0,2.0,4.0,At Risk
18053,United Kingdom,2010-06-30 12:36:00,2011-09-30 09:05:00,3.0,571.07,71.0,3.0,3.0,2.0,Loyal
18054,United Kingdom,2010-11-12 08:18:00,2010-11-12 08:18:00,1.0,176.5,393.0,1.0,2.0,1.0,At Risk
18055,United Kingdom,2010-10-22 13:27:00,2011-12-02 14:25:00,14.0,10142.64,7.0,4.0,4.0,4.0,Champions
18056,United Kingdom,2010-03-31 12:29:00,2011-02-24 14:27:00,2.0,554.6,288.0,2.0,2.0,2.0,Hibernating
18057,United Kingdom,2010-01-18 12:42:00,2010-11-11 16:55:00,3.0,1168.14,393.0,1.0,3.0,3.0,Loyal
18058,United Kingdom,2010-02-10 09:38:00,2011-11-30 08:38:00,3.0,774.06,10.0,4.0,3.0,2.0,Loyal
18059,United Kingdom,2011-10-03 09:30:00,2011-11-16 16:49:00,3.0,306.46,23.0,4.0,3.0,1.0,Loyal
18060,United Kingdom,2010-05-24 08:34:00,2010-10-27 16:41:00,2.0,1185.46,408.0,1.0,2.0,3.0,At Risk
18061,United Kingdom,2009-12-04 11:36:00,2011-11-18 11:20:00,28.0,6083.81,22.0,4.0,4.0,4.0,Champions
18062,United Kingdom,2010-04-21 08:55:00,2011-06-19 14:47:00,6.0,1632.67,173.0,2.0,3.0,3.0,Loyal
18063,United Kingdom,2010-03-16 13:05:00,2010-11-14 10:46:00,2.0,186.6,391.0,1.0,2.0,1.0,At Risk
18064,United Kingdom,2010-02-01 15:01:00,2011-07-29 16:39:00,11.0,4481.83,133.0,2.0,4.0,4.0,Loyal
18065,United Kingdom,2009-12-09 16:00:00,2011-12-04 10:30:00,28.0,5846.63,6.0,4.0,4.0,4.0,Champions
18066,United Kingdom,2010-10-20 11:42:00,2011-09-25 15:30:00,3.0,1440.4,75.0,3.0,3.0,3.0,Champions
18067,United Kingdom,2011-10-30 15:58:00,2011-10-30 15:58:00,1.0,396.33,40.0,3.0,2.0,2.0,Recent / Promising
18068,United Kingdom,2011-02-23 14:50:00,2011-02-23 14:50:00,1.0,101.7,289.0,2.0,2.0,1.0,Hibernating
18069,United Kingdom,2010-02-28 16:14:00,2011-11-13 16:03:00,11.0,4449.02,26.0,3.0,4.0,4.0,Champions
18070,United Kingdom,2010-02-08 13:28:00,2010-02-08 13:28:00,1.0,314.1,669.0,1.0,2.0,1.0,At Risk
18071,United Kingdom,2009-12-05 10:31:00,2011-03-27 11:59:00,6.0,1169.68,258.0,2.0,3.0,3.0,Loyal
18072,United Kingdom,2011-06-07 10:44:00,2011-06-07 10:44:00,1.0,247.44,186.0,2.0,2.0,1.0,Hibernating
18073,United Kingdom,2011-05-26 19:38:00,2011-08-17 14:02:00,12.0,3859.82,114.0,2.0,4.0,4.0,Loyal
18074,United Kingdom,2010-07-22 10:31:00,2010-12-01 09:53:00,2.0,1019.44,374.0,2.0,2.0,3.0,Hibernating
18075,United Kingdom,2010-07-29 11:47:00,2011-11-16 15:21:00,20.0,5783.29,23.0,4.0,4.0,4.0,Champions
18076,United Kingdom,2010-11-24 14:02:00,2010-11-24 14:02:00,1.0,151.49,380.0,1.0,2.0,1.0,At Risk
18077,United Kingdom,2009-12-07 11:40:00,2011-12-01 13:32:00,18.0,4078.79,8.0,4.0,4.0,4.0,Champions
18078,United Kingdom,2010-03-21 15:50:00,2011-05-06 14:32:00,4.0,725.53,217.0,2.0,3.0,2.0,Loyal
18079,United Kingdom,2010-08-05 12:19:00,2011-10-25 15:27:00,5.0,4203.93,45.0,3.0,3.0,4.0,Champions
18080,United Kingdom,2011-04-11 10:10:00,2011-11-21 08:02:00,2.0,1231.5,19.0,4.0,2.0,3.0,Recent / Promising
18081,United Kingdom,2011-07-29 11:56:00,2011-11-03 16:30:00,3.0,343.45,36.0,3.0,3.0,2.0,Loyal
18082,United Kingdom,2011-11-14 12:45:00,2011-11-14 12:45:00,1.0,680.84,26.0,3.0,2.0,2.0,Recent / Promising
18083,United Kingdom,2010-11-07 11:44:00,2010-11-07 11:44:00,1.0,463.53,398.0,1.0,2.0,2.0,At Risk
18084,United Kingdom,2010-11-16 08:09:00,2011-11-23 13:57:00,3.0,795.23,16.0,4.0,3.0,2.0,Loyal
18085,United Kingdom,2010-03-21 11:57:00,2011-01-13 15:17:00,4.0,1341.85,330.0,2.0,3.0,3.0,Loyal
18086,United Kingdom,2011-03-10 13:34:00,2011-03-10 13:34:00,1.0,101.34,274.0,2.0,2.0,1.0,Hibernating
18087,United Kingdom,2009-12-01 09:43:00,2011-02-22 10:43:00,16.0,13908.72,291.0,2.0,4.0,4.0,Loyal
18088,United Kingdom,2011-10-09 13:41:00,2011-10-09 13:41:00,1.0,166.03,61.0,3.0,2.0,1.0,Recent / Promising
18089,United Kingdom,2010-09-19 11:57:00,2010-09-19 11:57:00,1.0,428.45,447.0,1.0,2.0,2.0,At Risk
18090,United Kingdom,2010-10-14 12:32:00,2010-10-14 12:32:00,1.0,321.9,422.0,1.0,2.0,1.0,At Risk
18091,United Kingdom,2010-04-25 13:18:00,2010-04-25 13:18:00,1.0,360.85,593.0,1.0,2.0,2.0,At Risk
18092,United Kingdom,2009-12-04 12:37:00,2011-12-07 13:14:00,18.0,14693.72,2.0,4.0,4.0,4.0,Champions
18093,United Kingdom,2010-03-31 10:27:00,2011-09-07 15:43:00,8.0,4452.71,93.0,3.0,4.0,4.0,Champions
18094,United Kingdom,2010-01-07 11:16:00,2011-09-19 09:28:00,13.0,6391.52,82.0,3.0,4.0,4.0,Champions
18095,United Kingdom,2010-04-19 14:09:00,2011-01-31 12:50:00,5.0,2303.09,313.0,2.0,3.0,4.0,Loyal
18096,United Kingdom,2010-07-14 14:30:00,2011-11-28 12:44:00,6.0,1638.16,12.0,4.0,3.0,3.0,Champions
18097,United Kingdom,2009-12-17 11:06:00,2011-12-02 11:16:00,11.0,4627.92,8.0,4.0,4.0,4.0,Champions
18098,United Kingdom,2010-11-08 16:31:00,2010-11-08 16:31:00,1.0,527.94,396.0,1.0,2.0,2.0,At Risk
18099,United Kingdom,2011-08-04 15:52:00,2011-08-04 15:52:00,1.0,168.31,127.0,2.0,2.0,1.0,Hibernating
18100,United Kingdom,2010-06-07 14:19:00,2010-06-07 14:19:00,1.0,451.56,550.0,1.0,2.0,2.0,At Risk
18101,United Kingdom,2010-02-03 13:52:00,2011-11-28 13:37:00,5.0,622.01,11.0,4.0,3.0,2.0,Loyal
18102,United Kingdom,2009-12-01 09:24:00,2011-12-09 11:50:00,145.0,580987.04,1.0,4.0,4.0,4.0,Champions
18103,United Kingdom,2010-06-08 13:36:00,2010-06-08 13:36:00,1.0,105.8,549.0,1.0,2.0,1.0,At Risk
18104,United Kingdom,2011-11-02 14:07:00,2011-11-02 14:07:00,1.0,754.64,37.0,3.0,2.0,2.0,Recent / Promising
18105,United Kingdom,2011-11-02 12:04:00,2011-11-02 12:04:00,1.0,113.48,38.0,3.0,2.0,1.0,Recent / Promising
18106,United Kingdom,2010-01-15 11:36:00,2011-01-14 12:23:00,6.0,1441.06,330.0,2.0,3.0,3.0,Loyal
18107,United Kingdom,2010-09-23 13:03:00,2010-09-23 13:03:00,1.0,165.88,442.0,1.0,2.0,1.0,At Risk
18108,United Kingdom,2009-12-02 12:47:00,2011-03-30 13:56:00,3.0,848.81,254.0,2.0,3.0,2.0,Loyal
18109,United Kingdom,2010-07-01 12:13:00,2011-12-08 11:36:00,38.0,9555.71,2.0,4.0,4.0,4.0,Champions
18110,United Kingdom,2010-10-24 14:21:00,2011-11-20 12:34:00,2.0,392.28,20.0,4.0,2.0,2.0,Recent / Promising
18111,United Kingdom,2010-04-29 12:58:00,2010-04-29 12:58:00,1.0,405.85,589.0,1.0,2.0,2.0,At Risk
18112,United Kingdom,2010-06-06 12:40:00,2011-11-27 14:43:00,4.0,773.36,12.0,4.0,3.0,2.0,Loyal
18113,United Kingdom,2010-12-06 12:31:00,2010-12-06 12:31:00,1.0,76.32,369.0,2.0,2.0,1.0,Hibernating
18114,United Kingdom,2011-02-22 13:20:00,2011-02-22 13:20:00,1.0,220.1,290.0,2.0,2.0,1.0,Hibernating
18115,United Kingdom,2010-01-11 11:57:00,2010-01-11 11:57:00,1.0,9.7,698.0,1.0,2.0,1.0,At Risk
18116,United Kingdom,2010-10-24 15:29:00,2011-10-03 11:00:00,13.0,2130.89,68.0,3.0,4.0,3.0,Champions
18117,United Kingdom,2011-11-14 12:47:00,2011-11-14 12:47:00,1.0,314.4,26.0,3.0,2.0,1.0,Recent / Promising
18118,United Kingdom,2010-11-23 13:36:00,2011-11-29 11:32:00,29.0,6218.62,11.0,4.0,4.0,4.0,Champions
18119,United Kingdom,2010-12-07 11:59:00,2010-12-07 11:59:00,1.0,180.7,368.0,2.0,2.0,1.0,Hibernating
18120,United Kingdom,2011-05-09 13:45:00,2011-05-09 13:45:00,1.0,111.15,214.0,2.0,2.0,1.0,Hibernating
18121,United Kingdom,2011-07-08 12:14:00,2011-07-13 12:53:00,2.0,653.3,149.0,2.0,2.0,2.0,Hibernating
18122,United Kingdom,2011-07-12 11:37:00,2011-12-01 13:08:00,6.0,1791.84,8.0,4.0,3.0,3.0,Champions
18123,United Kingdom,2010-07-14 12:47:00,2011-11-15 14:23:00,3.0,666.64,24.0,4.0,3.0,2.0,Loyal
18124,United Kingdom,2010-08-24 17:21:00,2010-08-24 17:21:00,1.0,102.65,472.0,1.0,2.0,1.0,At Risk
18125,United Kingdom,2011-01-27 15:02:00,2011-11-10 12:29:00,4.0,1131.75,30.0,3.0,3.0,3.0,Champions
18126,United Kingdom,2011-10-10 12:19:00,2011-10-10 12:19:00,1.0,198.58,61.0,3.0,2.0,1.0,Recent / Promising
18127,United Kingdom,2010-11-01 13:56:00,2011-11-20 14:05:00,4.0,556.13,19.0,4.0,3.0,2.0,Loyal
18128,United Kingdom,2010-06-20 13:19:00,2010-06-20 13:19:00,1.0,399.29,537.0,1.0,2.0,2.0,At Risk
18129,United Kingdom,2011-04-10 14:16:00,2011-04-10 14:16:00,1.0,112.55,243.0,2.0,2.0,1.0,Hibernating
18130,United Kingdom,2011-10-13 15:58:00,2011-11-24 14:40:00,3.0,1059.39,15.0,4.0,3.0,3.0,Champions
18131,United Kingdom,2010-03-18 08:48:00,2010-03-18 08:48:00,1.0,222.96,632.0,1.0,2.0,1.0,At Risk
18132,United Kingdom,2010-07-23 16:54:00,2010-07-23 16:54:00,1.0,220.13,504.0,1.0,2.0,1.0,At Risk
18133,United Kingdom,2011-05-11 14:14:00,2011-05-11 14:14:00,1.0,931.5,212.0,2.0,2.0,3.0,Hibernating
18134,United Kingdom,2010-01-14 11:59:00,2010-04-20 14:02:00,2.0,445.0,598.0,1.0,2.0,2.0,At Risk
18135,United Kingdom,2010-03-15 13:55:00,2011-11-10 19:32:00,10.0,1249.62,29.0,3.0,4.0,3.0,Champions
18136,United Kingdom,2010-09-14 15:50:00,2011-10-07 15:40:00,5.0,1631.36,63.0,3.0,3.0,3.0,Champions
18137,United Kingdom,2010-06-06 13:45:00,2010-06-06 14:18:00,2.0,145.99,551.0,1.0,2.0,1.0,At Risk
18138,United Kingdom,2011-02-17 14:51:00,2011-02-17 14:51:00,1.0,152.65,295.0,2.0,2.0,1.0,Hibernating
18139,United Kingdom,2011-11-21 14:06:00,2011-11-22 10:44:00,6.0,8438.34,18.0,4.0,3.0,4.0,Champions
18140,West Indies,2010-08-23 11:58:00,2010-08-23 11:58:00,1.0,536.41,474.0,1.0,2.0,2.0,At Risk
18141,United Kingdom,2010-04-29 15:32:00,2010-11-03 11:44:00,2.0,882.47,402.0,1.0,2.0,3.0,At Risk
18142,United Kingdom,2011-05-08 12:31:00,2011-07-05 13:19:00,2.0,1019.52,157.0,2.0,2.0,3.0,Hibernating
18143,United Kingdom,2011-07-21 10:44:00,2011-08-15 12:07:00,2.0,1000.16,117.0,2.0,2.0,3.0,Hibernating
18144,United Kingdom,2009-12-16 15:57:00,2011-12-02 12:46:00,19.0,4892.95,8.0,4.0,4.0,4.0,Champions
18145,United Kingdom,2009-12-08 12:30:00,2011-11-27 11:22:00,11.0,5609.74,13.0,4.0,4.0,4.0,Champions
18146,United Kingdom,2011-05-03 16:35:00,2011-07-22 12:08:00,2.0,160.35,141.0,2.0,2.0,1.0,Hibernating
18147,United Kingdom,2011-08-23 12:22:00,2011-10-25 11:46:00,2.0,179.34,46.0,3.0,2.0,1.0,Recent / Promising
18148,United Kingdom,2010-03-03 11:40:00,2010-03-03 11:40:00,1.0,112.85,647.0,1.0,2.0,1.0,At Risk
18149,United Kingdom,2010-03-14 12:41:00,2011-10-20 12:04:00,7.0,1553.96,51.0,3.0,4.0,3.0,Champions
18150,United Kingdom,2011-05-22 10:47:00,2011-11-07 16:49:00,3.0,566.58,32.0,3.0,3.0,2.0,Loyal
18151,United Kingdom,2010-03-04 10:47:00,2011-07-28 11:35:00,6.0,1879.44,135.0,2.0,3.0,3.0,Loyal
18152,United Kingdom,2010-03-03 15:26:00,2010-03-03 15:26:00,1.0,426.69,646.0,1.0,2.0,2.0,At Risk
18153,United Kingdom,2010-02-18 15:50:00,2010-02-18 15:50:00,1.0,246.22,659.0,1.0,2.0,1.0,At Risk
18154,United Kingdom,2010-08-06 09:18:00,2011-12-06 16:41:00,5.0,932.6,3.0,4.0,3.0,3.0,Champions
18155,United Kingdom,2011-02-21 10:36:00,2011-09-25 13:32:00,3.0,371.62,75.0,3.0,3.0,2.0,Loyal
18156,United Kingdom,2010-12-05 12:29:00,2011-11-27 12:24:00,2.0,675.64,13.0,4.0,2.0,2.0,Recent / Promising
18157,United Kingdom,2010-05-17 14:09:00,2010-05-17 14:09:00,1.0,213.9,571.0,1.0,2.0,1.0,At Risk
18158,United Kingdom,2011-09-12 09:03:00,2011-11-30 16:19:00,2.0,453.4,9.0,4.0,2.0,2.0,Recent / Promising
18159,United Kingdom,2011-02-11 14:26:00,2011-02-11 14:26:00,1.0,530.15,301.0,2.0,2.0,2.0,Hibernating
18160,United Kingdom,2010-11-18 16:33:00,2011-10-13 15:50:00,3.0,1003.88,57.0,3.0,3.0,3.0,Champions
18161,United Kingdom,2010-11-25 15:55:00,2011-11-24 16:40:00,6.0,1803.1,15.0,4.0,3.0,3.0,Champions
18162,United Kingdom,2009-12-07 13:24:00,2009-12-07 13:24:00,1.0,371.51,732.0,1.0,2.0,2.0,At Risk
18163,United Kingdom,2010-05-04 14:51:00,2010-05-04 14:51:00,1.0,728.84,584.0,1.0,2.0,2.0,At Risk
18164,United Kingdom,2011-11-02 12:56:00,2011-11-02 12:56:00,1.0,399.65,37.0,3.0,2.0,2.0,Recent / Promising
18165,United Kingdom,2011-06-15 13:23:00,2011-06-15 13:23:00,1.0,302.46,177.0,2.0,2.0,1.0,Hibernating
18166,United Kingdom,2010-03-26 12:26:00,2010-03-26 12:26:00,1.0,175.5,624.0,1.0,2.0,1.0,At Risk
18167,United Kingdom,2011-08-26 11:40:00,2011-11-16 15:56:00,3.0,1384.86,23.0,4.0,3.0,3.0,Champions
18168,United Kingdom,2009-12-03 17:29:00,2011-06-16 19:21:00,16.0,3435.5,176.0,2.0,4.0,4.0,Loyal
18169,United Kingdom,2011-10-10 12:18:00,2011-10-10 12:18:00,1.0,202.65,61.0,3.0,2.0,1.0,Recent / Promising
18170,United Kingdom,2010-01-08 14:10:00,2011-11-06 14:35:00,9.0,2878.0,33.0,3.0,4.0,4.0,Champions
18171,United Kingdom,2010-01-05 10:46:00,2011-10-12 09:13:00,9.0,2437.31,59.0,3.0,4.0,4.0,Champions
18172,United Kingdom,2009-12-11 09:58:00,2011-11-25 11:12:00,52.0,17467.24,15.0,4.0,4.0,4.0,Champions
18173,United Kingdom,2010-04-06 10:43:00,2011-09-14 11:26:00,5.0,2696.36,87.0,3.0,3.0,4.0,Champions
18174,United Kingdom,2010-04-15 12:17:00,2011-12-02 16:56:00,2.0,162.5,7.0,4.0,2.0,1.0,Recent / Promising
18175,United Kingdom,2010-02-02 10:25:00,2010-02-02 10:25:00,1.0,176.1,676.0,1.0,2.0,1.0,At Risk
18176,United Kingdom,2010-12-16 15:45:00,2010-12-16 15:45:00,1.0,476.35,358.0,2.0,2.0,2.0,Hibernating
18177,United Kingdom,2009-12-15 18:57:00,2011-11-08 14:44:00,9.0,2216.32,31.0,3.0,4.0,3.0,Champions
18178,United Kingdom,2010-02-18 14:25:00,2011-08-03 09:30:00,11.0,6103.74,129.0,2.0,4.0,4.0,Loyal
18179,United Kingdom,2010-02-14 15:51:00,2011-11-30 16:23:00,8.0,2547.55,9.0,4.0,4.0,4.0,Champions
18180,United Kingdom,2011-07-20 08:59:00,2011-12-05 08:39:00,6.0,1843.75,5.0,4.0,3.0,3.0,Champions
18181,United Kingdom,2009-12-04 15:30:00,2011-11-15 15:08:00,5.0,1188.34,24.0,4.0,3.0,3.0,Champions
18182,United Kingdom,2010-09-02 14:25:00,2010-09-02 14:25:00,1.0,291.13,463.0,1.0,2.0,1.0,At Risk
18183,United Kingdom,2011-03-10 10:08:00,2011-04-26 15:26:00,2.0,632.07,227.0,2.0,2.0,2.0,Hibernating
18184,United Kingdom,2011-11-24 15:28:00,2011-11-24 15:28:00,1.0,49.8,15.0,4.0,2.0,1.0,Recent / Promising
18185,United Kingdom,2011-04-04 13:42:00,2011-04-04 13:42:00,1.0,304.25,249.0,2.0,2.0,1.0,Hibernating
18186,United Kingdom,2009-12-17 10:22:00,2009-12-17 10:22:00,1.0,329.58,723.0,1.0,2.0,1.0,At Risk
18187,United Kingdom,2010-03-18 09:49:00,2010-03-18 09:49:00,1.0,724.89,632.0,1.0,2.0,2.0,At Risk
18188,United Kingdom,2010-03-26 11:37:00,2011-11-24 16:46:00,6.0,3280.59,15.0,4.0,3.0,4.0,Champions
18189,United Kingdom,2010-03-24 09:57:00,2011-09-23 12:40:00,3.0,1403.73,78.0,3.0,3.0,3.0,Champions
18190,United Kingdom,2009-12-22 12:05:00,2011-05-31 14:48:00,5.0,745.62,192.0,2.0,3.0,2.0,Loyal
18191,United Kingdom,2010-08-19 17:42:00,2011-03-23 12:08:00,2.0,529.4,262.0,2.0,2.0,2.0,Hibernating
18192,United Kingdom,2011-09-29 09:53:00,2011-09-29 09:53:00,1.0,957.97,72.0,3.0,2.0,3.0,Recent / Promising
18193,United Kingdom,2010-09-23 13:33:00,2011-06-27 13:58:00,3.0,1207.35,165.0,2.0,3.0,3.0,Loyal
18194,United Kingdom,2010-01-28 15:30:00,2011-09-18 13:29:00,6.0,4162.04,82.0,3.0,3.0,4.0,Champions
18195,United Kingdom,2010-11-17 15:03:00,2010-11-17 15:03:00,1.0,101.16,387.0,1.0,2.0,1.0,At Risk
18196,United Kingdom,2010-03-17 14:55:00,2011-09-05 16:22:00,4.0,1455.27,95.0,3.0,3.0,3.0,Champions
18197,United Kingdom,2010-05-13 10:46:00,2010-05-13 10:46:00,1.0,230.1,576.0,1.0,2.0,1.0,At Risk
18198,United Kingdom,2011-01-07 13:39:00,2011-12-05 14:49:00,17.0,5425.56,4.0,4.0,4.0,4.0,Champions
18199,United Kingdom,2010-01-25 11:32:00,2010-01-25 11:32:00,1.0,344.75,684.0,1.0,2.0,2.0,At Risk
18200,United Kingdom,2011-08-25 18:45:00,2011-08-25 18:45:00,1.0,150.35,106.0,2.0,2.0,1.0,Hibernating
18201,United Kingdom,2009-12-17 08:55:00,2009-12-17 08:55:00,1.0,447.53,723.0,1.0,2.0,2.0,At Risk
18202,United Kingdom,2011-02-01 13:36:00,2011-05-24 12:12:00,3.0,1396.99,200.0,2.0,3.0,3.0,Loyal
18203,United Kingdom,2009-12-08 13:19:00,2011-07-05 13:07:00,4.0,482.52,157.0,2.0,3.0,2.0,Loyal
18204,United Kingdom,2011-05-31 15:26:00,2011-09-29 16:44:00,3.0,1975.35,71.0,3.0,3.0,3.0,Champions
18205,United Kingdom,2011-09-26 12:02:00,2011-11-03 13:22:00,2.0,517.36,36.0,3.0,2.0,2.0,Recent / Promising
18206,United Kingdom,2010-06-04 13:47:00,2010-06-04 13:47:00,1.0,314.66,553.0,1.0,2.0,1.0,At Risk
18207,United Kingdom,2010-07-28 14:26:00,2010-07-28 14:26:00,1.0,544.47,499.0,1.0,2.0,2.0,At Risk
18208,United Kingdom,2010-05-23 11:54:00,2010-05-23 11:54:00,1.0,360.08,566.0,1.0,2.0,2.0,At Risk
18209,United Kingdom,2011-11-11 12:07:00,2011-11-11 12:07:00,1.0,139.1,29.0,3.0,2.0,1.0,Recent / Promising
18210,United Kingdom,2010-11-22 09:39:00,2011-12-08 11:02:00,7.0,2768.83,2.0,4.0,4.0,4.0,Champions
18211,United Kingdom,2011-03-06 12:09:00,2011-11-14 08:10:00,5.0,600.07,26.0,3.0,3.0,2.0,Loyal
18212,United Kingdom,2010-01-31 14:42:00,2011-01-17 16:14:00,2.0,514.37,326.0,2.0,2.0,2.0,Hibernating
18213,United Kingdom,2011-04-17 10:21:00,2011-04-17 10:21:00,1.0,232.48,237.0,2.0,2.0,1.0,Hibernating
18214,United Kingdom,2010-06-03 19:47:00,2010-06-27 11:21:00,4.0,1780.34,531.0,1.0,3.0,3.0,Loyal
18215,United Kingdom,2010-03-26 13:03:00,2011-09-11 16:05:00,5.0,2232.49,89.0,3.0,3.0,3.0,Champions
18216,United Kingdom,2011-11-08 16:55:00,2011-11-08 16:55:00,1.0,481.75,31.0,3.0,2.0,2.0,Recent / Promising
18217,United Kingdom,2010-07-01 15:39:00,2011-11-10 13:18:00,4.0,945.04,29.0,3.0,3.0,3.0,Champions
18218,United Kingdom,2010-02-17 15:11:00,2011-05-12 12:53:00,4.0,1121.84,211.0,2.0,3.0,3.0,Loyal
18219,United Kingdom,2009-12-07 13:17:00,2011-12-07 11:43:00,17.0,3352.7,3.0,4.0,4.0,4.0,Champions
18220,United Kingdom,2009-12-15 11:42:00,2011-04-27 09:03:00,6.0,1921.76,227.0,2.0,3.0,3.0,Loyal
18221,United Kingdom,2010-11-14 15:46:00,2011-11-17 14:40:00,6.0,1424.94,22.0,4.0,3.0,3.0,Champions
18222,United Kingdom,2011-09-08 10:45:00,2011-09-08 10:45:00,1.0,443.0,93.0,3.0,2.0,2.0,Recent / Promising
18223,United Kingdom,2009-12-04 12:20:00,2011-12-05 09:11:00,26.0,14000.85,5.0,4.0,4.0,4.0,Champions
18224,United Kingdom,2011-03-21 10:30:00,2011-03-21 10:30:00,1.0,158.95,264.0,2.0,2.0,1.0,Hibernating
18225,United Kingdom,2009-12-04 16:52:00,2011-12-06 13:27:00,26.0,13014.8,3.0,4.0,4.0,4.0,Champions
18226,United Kingdom,2010-03-05 10:05:00,2011-10-26 13:36:00,26.0,11878.88,44.0,3.0,4.0,4.0,Champions
18227,United Kingdom,2010-08-12 16:45:00,2011-05-06 12:23:00,2.0,388.75,218.0,2.0,2.0,2.0,Hibernating
18228,United Kingdom,2011-09-21 10:48:00,2011-10-14 09:21:00,2.0,779.9,57.0,3.0,2.0,2.0,Recent / Promising
18229,United Kingdom,2009-12-03 14:42:00,2011-11-28 09:48:00,28.0,10150.51,12.0,4.0,4.0,4.0,Champions
18230,United Kingdom,2010-07-02 10:01:00,2011-11-30 13:22:00,9.0,4291.06,9.0,4.0,4.0,4.0,Champions
18231,United Kingdom,2010-01-10 12:13:00,2011-05-31 14:18:00,28.0,6848.27,192.0,2.0,4.0,4.0,Loyal
18232,United Kingdom,2011-05-26 16:30:00,2011-09-19 11:49:00,4.0,592.97,82.0,3.0,3.0,2.0,Loyal
18233,United Kingdom,2011-01-18 08:44:00,2011-01-18 08:44:00,1.0,440.0,326.0,2.0,2.0,2.0,Hibernating
18234,United Kingdom,2010-06-06 11:22:00,2010-06-06 11:22:00,1.0,179.6,552.0,1.0,2.0,1.0,At Risk
18235,United Kingdom,2011-05-06 13:35:00,2011-09-29 08:27:00,3.0,1796.48,72.0,3.0,3.0,3.0,Champions
18236,United Kingdom,2010-04-15 13:39:00,2011-11-10 08:06:00,12.0,1795.35,30.0,3.0,4.0,3.0,Champions
18237,United Kingdom,2011-07-28 13:05:00,2011-12-07 12:49:00,5.0,987.1,3.0,4.0,3.0,3.0,Champions
18238,United Kingdom,2010-07-12 12:51:00,2010-07-12 12:51:00,1.0,270.92,515.0,1.0,2.0,1.0,At Risk
18239,United Kingdom,2010-10-13 10:11:00,2011-05-05 12:38:00,6.0,1712.26,219.0,2.0,3.0,3.0,Loyal
18240,United Kingdom,2011-10-24 13:06:00,2011-10-24 13:06:00,1.0,422.58,46.0,3.0,2.0,2.0,Recent / Promising
18241,United Kingdom,2010-04-01 11:55:00,2011-11-30 12:10:00,21.0,2986.99,10.0,4.0,4.0,4.0,Champions
18242,United Kingdom,2010-01-11 08:49:00,2011-09-28 13:43:00,8.0,3605.21,72.0,3.0,4.0,4.0,Champions
18243,United Kingdom,2010-10-21 14:29:00,2010-10-21 14:29:00,1.0,515.78,414.0,1.0,2.0,2.0,At Risk
18244,United Kingdom,2010-07-25 10:30:00,2010-10-05 11:15:00,2.0,568.64,431.0,1.0,2.0,2.0,At Risk
18245,United Kingdom,2010-03-08 15:26:00,2011-12-02 14:48:00,20.0,6324.98,7.0,4.0,4.0,4.0,Champions
18246,United Kingdom,2010-04-09 10:19:00,2011-11-16 11:49:00,3.0,758.82,24.0,4.0,3.0,2.0,Loyal
18247,United Kingdom,2010-03-18 15:52:00,2010-10-21 09:49:00,3.0,839.73,415.0,1.0,3.0,2.0,Loyal
18248,United Kingdom,2011-06-06 13:18:00,2011-08-09 10:19:00,2.0,804.02,123.0,2.0,2.0,2.0,Hibernating
18249,United Kingdom,2011-11-22 15:07:00,2011-11-22 15:07:00,1.0,95.34,17.0,4.0,2.0,1.0,Recent / Promising
18250,United Kingdom,2011-02-02 13:16:00,2011-02-02 13:16:00,1.0,349.27,310.0,2.0,2.0,2.0,Hibernating
18251,United Kingdom,2009-12-22 12:01:00,2011-09-13 15:03:00,9.0,26278.86,87.0,3.0,4.0,4.0,Champions
18252,United Kingdom,2009-12-18 16:13:00,2011-10-20 12:43:00,7.0,1533.69,51.0,3.0,4.0,3.0,Champions
18253,United Kingdom,2010-03-07 12:38:00,2010-03-07 12:38:00,1.0,317.88,643.0,1.0,2.0,1.0,At Risk
18254,United Kingdom,2010-05-07 14:37:00,2010-05-07 14:37:00,1.0,267.9,581.0,1.0,2.0,1.0,At Risk
18255,United Kingdom,2010-09-09 16:31:00,2011-09-11 13:16:00,2.0,303.15,89.0,3.0,2.0,1.0,Recent / Promising
18256,United Kingdom,2010-11-17 08:53:00,2010-11-17 08:53:00,1.0,110.7,388.0,1.0,2.0,1.0,At Risk
18257,United Kingdom,2010-02-18 16:20:00,2011-10-31 14:48:00,12.0,4585.15,39.0,3.0,4.0,4.0,Champions
18258,United Kingdom,2010-05-16 11:35:00,2010-09-01 14:20:00,6.0,2059.67,464.0,1.0,3.0,3.0,Loyal
18259,United Kingdom,2009-12-08 08:38:00,2011-11-15 12:34:00,7.0,3941.9,25.0,4.0,4.0,4.0,Champions
18260,United Kingdom,2009-12-15 13:50:00,2011-06-20 12:37:00,23.0,9947.26,173.0,2.0,4.0,4.0,Loyal
18261,United Kingdom,2011-09-05 09:34:00,2011-10-27 15:36:00,2.0,324.24,43.0,3.0,2.0,1.0,Recent / Promising
18262,United Kingdom,2010-04-16 09:05:00,2011-07-22 16:04:00,3.0,577.54,140.0,2.0,3.0,2.0,Loyal
18263,United Kingdom,2011-04-01 11:48:00,2011-11-14 09:00:00,3.0,1213.16,26.0,3.0,3.0,3.0,Champions
18264,United Kingdom,2010-07-29 10:02:00,2010-07-29 10:02:00,1.0,603.25,499.0,1.0,2.0,2.0,At Risk
18265,United Kingdom,2011-07-04 15:26:00,2011-09-28 14:10:00,2.0,801.51,72.0,3.0,2.0,2.0,Recent / Promising
18266,United Kingdom,2010-10-01 15:33:00,2010-10-01 15:33:00,1.0,251.1,434.0,1.0,2.0,1.0,At Risk
18267,United Kingdom,2010-02-05 08:43:00,2010-02-05 08:43:00,1.0,269.37,673.0,1.0,2.0,1.0,At Risk
18268,United Kingdom,2009-12-11 10:27:00,2011-07-28 19:13:00,6.0,1490.23,134.0,2.0,3.0,3.0,Loyal
18269,United Kingdom,2010-12-08 13:53:00,2010-12-08 13:53:00,1.0,168.6,366.0,2.0,2.0,1.0,Hibernating
18270,United Kingdom,2010-10-03 10:49:00,2011-11-01 13:57:00,3.0,444.55,38.0,3.0,3.0,2.0,Loyal
18271,United Kingdom,2009-12-08 11:27:00,2010-04-09 09:26:00,2.0,680.85,610.0,1.0,2.0,2.0,At Risk
18272,United Kingdom,2010-03-04 12:53:00,2011-12-07 12:43:00,9.0,4385.98,3.0,4.0,4.0,4.0,Champions
18273,United Kingdom,2010-04-28 12:24:00,2011-12-07 13:16:00,4.0,357.0,2.0,4.0,3.0,2.0,Loyal
18274,United Kingdom,2011-11-09 17:03:00,2011-11-09 17:03:00,1.0,175.92,30.0,3.0,2.0,1.0,Recent / Promising
18275,United Kingdom,2009-12-08 16:23:00,2010-05-10 15:46:00,2.0,741.85,578.0,1.0,2.0,2.0,At Risk
18276,United Kingdom,2009-12-10 17:14:00,2011-10-27 10:54:00,6.0,1656.52,44.0,3.0,3.0,3.0,Champions
18277,United Kingdom,2010-08-02 10:26:00,2011-10-12 15:22:00,5.0,1180.05,58.0,3.0,3.0,3.0,Champions
18278,United Kingdom,2010-10-31 12:13:00,2011-09-27 11:58:00,2.0,414.2,74.0,3.0,2.0,2.0,Recent / Promising
18279,United Kingdom,2010-07-08 14:48:00,2010-07-08 14:48:00,1.0,231.34,519.0,1.0,2.0,1.0,At Risk
18280,United Kingdom,2010-11-10 15:51:00,2011-03-07 09:52:00,2.0,488.15,278.0,2.0,2.0,2.0,Hibernating
18281,United Kingdom,2010-05-11 10:49:00,2011-06-12 10:53:00,2.0,201.14,181.0,2.0,2.0,1.0,Hibernating
18282,United Kingdom,2011-08-05 13:35:00,2011-12-02 11:43:00,2.0,178.05,8.0,4.0,2.0,1.0,Recent / Promising
18283,United Kingdom,2010-02-19 17:16:00,2011-12-06 12:02:00,22.0,2658.95,4.0,4.0,4.0,4.0,Champions
18284,United Kingdom,2010-10-04 11:33:00,2010-10-04 11:33:00,1.0,411.68,432.0,1.0,2.0,2.0,At Risk
18285,United Kingdom,2010-02-17 10:24:00,2010-02-17 10:24:00,1.0,377.0,661.0,1.0,2.0,2.0,At Risk
18286,United Kingdom,2009-12-16 10:45:00,2010-08-20 11:57:00,2.0,1246.43,477.0,1.0,2.0,3.0,At Risk
18287,United Kingdom,2010-05-17 11:55:00,2011-10-28 09:29:00,7.0,4132.99,43.0,3.0,4.0,4.0,Champions
0,Unknown,,,,,,,,,Guest
