StockCode,Description,AvgPrice,PriceBand
10002,INFLATABLE POLITICAL GLOBE,0.85,Under 2
10002R,ROBOT PENCIL SHARPNER,5.17,5-10
10080,GROOVY CACTUS INFLATABLE,0.39,Under 2
10109,BENDY COLOUR PENCILS,0.42,Under 2
10120,DOGGY RUBBER,0.21,Under 2
10123C,HEARTS WRAPPING TAPE,0.65,Under 2
10123G,ARMY CAMO WRAPPING TAPE,0.65,Under 2
10124A,SPOTS ON RED BOOKCOVER TAPE,0.42,Under 2
10124G,ARMY CAMO BOOKCOVER TAPE,0.42,Under 2
10125,MINI FUNKY DESIGN TAPES,0.85,Under 2
10133,COLOURING PENCILS BROWN TUBE,0.83,Under 2
10134,COLOURING PENCILS BROWN TUBE,1.25,Under 2
10135,COLOURING PENCILS BROWN TUBE,1.25,Under 2
10138,ASSORTED COLOUR JUMBO PEN,0.42,Under 2
11001,ASSTD DESIGN RACING CAR PEN,1.69,Under 2
15030,FAN BLACK FRAME,0.29,Under 2
15034,PAPER POCKET TRAVELING FAN,0.14,Under 2
15036,ASSORTED COLOURS SILK FAN,0.83,Under 2
15039,SANDALWOOD FAN,0.85,Under 2
15044A,PINK PAPER PARASOL,2.95,2-5
15044B,BLUE PAPER PARASOL,2.95,2-5
15044C,PURPLE PAPER PARASOL,2.95,2-5
15044D,RED PAPER PARASOL,2.95,2-5
15056BL,EDWARDIAN PARASOL BLACK,5.95,5-10
15056N,EDWARDIAN PARASOL NATURAL,5.95,5-10
15056P,EDWARDIAN PARASOL PINK,5.95,5-10
15058A,BLUE POLKADOT GARDEN PARASOL,7.95,5-10
15058B,PINK POLKADOT GARDEN PARASOL,7.95,5-10
15058C,ICE CREAM DESIGN GARDEN PARASOL,7.95,5-10
15059A,ENGLISH ROSE EDWARDIAN PARASOL,13.0,10+
15060B,FAIRY CAKE DESIGN UMBRELLA,3.75,2-5
16008,SMALL FOLDING SCISSOR(POINTED EDGE),0.12,Under 2
16010,FOLDING CAMPING SCISSOR W/KNIF & S,0.12,Under 2
16011,ANIMAL STICKERS,0.21,Under 2
16012,FOOD/DRINK SPONGE STICKERS,0.21,Under 2
16014,SMALL CHINESE STYLE SCISSOR,0.42,Under 2
16015,MEDIUM CHINESE STYLE SCISSOR,0.5,Under 2
16016,LARGE CHINESE STYLE SCISSOR,0.85,Under 2
16020C,CLEAR STATIONERY BOX SET,0.85,Under 2
16033,MINI HIGHLIGHTER PENS,0.12,Under 2
16043,POP ART PUSH DOWN RUBBER,0.42,Under 2
16044,POP-ART FLUORESCENT PENS,0.42,Under 2
16045,POPART WOODEN PENCILS ASST,0.04,Under 2
16046,TEATIME PEN CASE & PENS,0.85,Under 2
16047,POP ART PEN CASE & PENS,0.85,Under 2
16048,TEATIME ROUND PENCIL SHARPENER,0.12,Under 2
16049,TEATIME GEL PENS ASST,0.42,Under 2
16050,TEATIME PENCIL WITH RUBBER,0.4,Under 2
16051,TEATIME PENCIL W STAMP ASST,0.42,Under 2
16052,TEATIME PUSH DOWN RUBBER,0.42,Under 2
16053,POPART COL BALLPOINT PEN ASST,0.21,Under 2
16054,POPART RECT PENCIL SHARPENER ASST,0.12,Under 2
16119,FUNKY GIRL ADDRESS BOOK,1.25,Under 2
16151A,FLOWERS HANDBAG BLUE AND ORANGE,1.25,Under 2
16156L,WRAP CAROUSEL,0.42,Under 2
16156N,"WRAP, FRIENDSHIP ON GREEN",0.42,Under 2
16156S,WRAP PINK FAIRY CAKES,0.42,Under 2
16161C,WRAP SPEED DEMONS,0.1,Under 2
16161E,WRAP BOUDOIR,0.1,Under 2
16161G,WRAP BAD HAIR DAY,0.1,Under 2
16161M,WRAP  PINK FLOCK,0.42,Under 2
16161P,WRAP ENGLISH ROSE,0.42,Under 2
16161U,WRAP SUKI AND FRIENDS,0.42,Under 2
16162L,THE KING GIFT BAG,0.65,Under 2
16162M,THE KING GIFT BAG 25X24X12CM,0.42,Under 2
16168M,FUNKY MONKEY GIFT BAG MEDIUM,0.42,Under 2
16168S,FUNKY MONKEY GIFT BAG SMALL,0.29,Under 2
16169A,WRAP CHRISTMAS DECOUPAGE,0.42,Under 2
16169C,WRAP BLUE REINDEER,0.42,Under 2
16169D,WRAP WINTER FOREST,0.42,Under 2
16169E,WRAP 50'S  CHRISTMAS,0.42,Under 2
16169F,WRAP BLIZZARD,0.42,Under 2
16169G,WRAP ROMANTIC DECOUPAGE,0.42,Under 2
16169K,WRAP FOLK ART,0.42,Under 2
16169M,WRAP DAISY CARPET,0.42,Under 2
16169N,WRAP BLUE RUSSIAN FOLKART,0.42,Under 2
16169P,WRAP GREEN RUSSIAN FOLKART,0.42,Under 2
16192,PINK BALLET OPENING CUBE BOX,4.3,2-5
16201A,PASTEL PINK PHOTO ALBUM,1.95,Under 2
16201B,PASTEL BLUE PHOTO ALBUM,3.43,2-5
16202A,PASTEL PINK PHOTO ALBUM,5.55,5-10
16202B,PASTEL BLUE PHOTO ALBUM,5.55,5-10
16202C,BEIGE PHOTO ALBUM,1.95,Under 2
16202E,BLACK PHOTO ALBUM,1.95,Under 2
16206B,RED PURSE WITH PINK HEART,1.25,Under 2
16207A,PINK STRAWBERRY HANDBAG,2.95,2-5
16207B,PINK HEART RED HANDBAG,2.51,2-5
16212,FUNKY GIRLZ ASST MAGNETIC MEMO PAD,0.65,Under 2
16215,FUNKY GIRLZ MAGNETIC TO DO LIST,0.65,Under 2
16216,LETTER SHAPE PENCIL SHARPENER,0.16,Under 2
16218,CARTOON  PENCIL SHARPENERS,0.16,Under 2
16219,HOUSE SHAPE PENCIL SHARPENER,0.21,Under 2
16225,RATTLE SNAKE EGGS,1.25,Under 2
16235,RECYCLED PENCIL WITH RABBIT ERASER,0.21,Under 2
16236,KITTY PENCIL ERASERS,0.21,Under 2
16237,SLEEPING CAT ERASERS,0.21,Under 2
16238,PARTY TIME PENCIL ERASERS,0.21,Under 2
16239,BALLERINA HEART DECORATION.,2.95,2-5
16243B,BROWN COZY SQUARE PHOTO ALBUM,6.04,5-10
16244A,MAXWELL 2 TONE PINK 60 PAGE PHOTO A,4.21,2-5
16244B,MAXWELL 2 TONE BLUE 60 PAGE PHOTO A,4.21,2-5
16245A,PINK MINI STATIONERY SET W CASE,1.25,Under 2
16248B,BLUE HOLE PUNCH,1.25,Under 2
16254,TRANSPARENT ACRYLIC TAPE DISPENSER,1.63,Under 2
16256B,FLOWER PENCIL/RUBBER+5 MINI PENCILS,0.42,Under 2
16256C,HEARTS PENCIL/RUBBER+5 MINI PENCILS,0.42,Under 2
16258A,SWIRLY CIRCULAR RUBBERS IN BAG,0.42,Under 2
16258B,DAISY ERASERS IN BAG,0.305,Under 2
16259,PIECE OF CAMO STATIONERY SET,0.21,Under 2
17001,HEAVENS SCENT FRAGRANCE OILS ASSTD,0.29,Under 2
17003,BROCADE RING PURSE,0.29,Under 2
17007B,S/3 POT POURI CUSHIONS BLUE COLOURS,2.1,2-5
17011A,ORIGAMI VANILLA INCENSE+FLOWER,3.1550000000000002,2-5
17011B,ORIGAMI JASMINE INCENSE+FLOWER,1.2,Under 2
17011C,ORIGAMI LAVENDER INCENSE+FLOWER,2.475,2-5
17011D,ORIGAMI ROSE INCENSE+FLOWER,1.375,Under 2
17011E,ORIGAMI OPIUM SCENT INCENSE+FLOWER,0.65,Under 2
17011F,ORIGAMI SANDLEWOOD INCENSE+FLOWER,2.1,2-5
17012A,ORIGAMI VANILLA INCENSE/CANDLE SET,2.46,2-5
17012B,ORIGAMI JASMINE INCENSE/CANDLE SET,2.46,2-5
17012C,ORIGAMI LAVENDER INCENSE/CANDL SET,2.46,2-5
17012D,ORIGAMI ROSE INCENSE/CANDLE SET,2.46,2-5
17012E,ORIGAMI OPIUM INCENSE/CANDLE SET,2.51,2-5
17012F,ORIGAMI SANDLEWOOD INCENSE/CAND SET,2.46,2-5
17013B,ORIGAMI JASMINE INCENSE IN TUBE,1.27,Under 2
17013C,ORIGAMI LAVENDER INCENSE IN TUBE,0.42,Under 2
17013D,ORIGAMI ROSE INCENSE IN TUBE,1.65,Under 2
17013F,ORIGAMI SANDLEWOOD INCENSE IN TUBE,1.65,Under 2
17014A,ORIGAMI VANILLA INCENSE CONES,1.65,Under 2
17014C,ORIGAMI LAVENDER INCENSE CONES,1.925,Under 2
17014D,ORIGAMI ROSE INCENSE CONES,1.65,Under 2
17014E,ORIGAMI OPIUM INCENSE CONES,1.65,Under 2
17014F,ORIGAMI SANDLEWOOD INCENSE CONES,1.65,Under 2
17021,NAMASTE SWAGAT INCENSE,0.3,Under 2
17027A,INCENSE BAZAAR CANNABIS,0.355,Under 2
17028J,INCENSE BAZAAR PEACH,0.42,Under 2
17033,"BROCADE PURSE,SMALL ARCH BUTTON",0.29,Under 2
17038,PORCELAIN BUDAH INCENSE HOLDER,0.1,Under 2
17039,INLAID WOOD INCENSE HOLDER,0.29,Under 2
17061,ASSORTED SHAPED STENCIL FOR HENNA,0.04,Under 2
17084A,TRANQUILITY MASALA INCENSE,0.21,Under 2
17084G,MOON INCENSE,0.21,Under 2
17084J,LOVE POTION MASALA INCENSE,0.21,Under 2
17084N,FAIRY DREAMS INCENSE,0.42,Under 2
17084P,DRAGONS BLOOD INCENSE,0.42,Under 2
17084R,ASSORTED INCENSE PACK,0.21,Under 2
17090A,LAVENDER INCENSE 40 CONES IN TIN,1.25,Under 2
17090D,VANILLA INCENSE 40 CONES IN TIN,1.25,Under 2
17091A,LAVENDER INCENSE IN TIN,1.25,Under 2
17091B,JASMINE TEA INCENSE IN TIN,1.25,Under 2
17091F,SANDALWOOD INCENSE IN TIN,1.25,Under 2
17091J,VANILLA INCENSE IN TIN,0.38,Under 2
17096,ASSORTED LAQUERED INCENSE HOLDERS,0.42,Under 2
17107D,FLOWER FAIRY 5 DRAWER LINERS,2.55,2-5
17108D,FLOWER FAIRY SUMMER BOUQUET SACHET,0.42,Under 2
17109A,FLOWER FAIRY INCENSE LILY,1.69,Under 2
17109B,FLOWER FAIRY INCENSE LAVENDER,1.69,Under 2
17109C,FLOWER FAIRY INCENSE ROSE,1.69,Under 2
17109D,FLOWER FAIRY INCENSE BOUQUET,1.69,Under 2
17129C,SKY BLUE COLOUR GLASS GEMS IN BAG,0.85,Under 2
17129D,CLEAR COLOUR GLASS GEMS IN BAG,0.85,Under 2
17129F,BLUE GLASS GEMS IN BAG,1.63,Under 2
17136A,BLUE STONES ON WIRE FOR CANDLE,0.08,Under 2
17164B,ASS COL SMALL SAND GECKO P'WEIGHT,0.42,Under 2
17164D,ASS COL SMALL SAND FROG P'WEIGHT,0.42,Under 2
17165B,ASS COL LARGE SAND GECKO P'WEIGHT,1.05,Under 2
17165D,ASS COL LARGE SAND FROG P'WEIGHT,1.05,Under 2
17174,ASSTD RASTA KEY-CHAINS,0.42,Under 2
17178,FLAT PALM T-LIGHT HOLDER,1.25,Under 2
17181,CIRCLE OF FRIENDS CANDLE HOLDER,5.06,5-10
17191A,ROSE FLOWER CANDLE+INCENSE 16X16CM,3.75,2-5
18007,ESSENTIAL BALM 3.5G TIN IN ENVELOPE,0.18,Under 2
18010,ASSORTED FRAGRANCE BATH CONFETTI,0.42,Under 2
18094C,WHITE AND BLUE CERAMIC OIL BURNER,2.46,2-5
18096C,WHITE ROUND PORCELAIN TLIGHT HOLDER,3.8049999999999997,2-5
18097A,PINK TALL PORCELAIN T-LIGHT HOLDER,2.55,2-5
18097B,BLUE TALL PORCELAIN T-LIGHT HOLDER,2.55,2-5
18097C,WHITE TALL PORCELAIN T-LIGHT HOLDER,2.55,2-5
18098A,PINK PORCELAIN B'FLY OIL BURNER,2.95,2-5
18098B,BLUE PORCELAIN B'FLY OIL BURNER,2.95,2-5
18098C,PORCELAIN BUTTERFLY OIL BURNER,2.95,2-5
20615,BLUE POLKADOT PASSPORT COVER,2.1,2-5
20616,CHERRY BLOSSOM PASSPORT COVER,1.66,Under 2
20617,FIRST CLASS PASSPORT COVER,2.1,2-5
20618,QUEEN OF THE SKIES PASSPORT COVER,2.1,2-5
20619,TROPICAL PASSPORT COVER,2.1,2-5
20620,RED SPOTTY PASSPORT COVER,4.255,2-5
20621,ECONOMY PASSPORT COVER,2.1,2-5
20622,VIP PASSPORT COVER,2.1,2-5
20652,BLUE POLKADOT LUGGAGE TAG,1.25,Under 2
20653,CHERRY BLOSSOM LUGGAGE TAG,1.25,Under 2
20654,FIRST CLASS LUGGAGE TAG,1.25,Under 2
20655,QUEEN OF SKIES LUGGAGE TAG,1.25,Under 2
20657,TROPICAL LUGGAGE TAG,1.25,Under 2
20658,RED RETROSPOT LUGGAGE TAG,1.25,Under 2
20659,ECONOMY LUGGAGE TAG,1.25,Under 2
20660,VIP LUGGAGE TAG,1.25,Under 2
20661,BLUE POLKADOT PURSE,2.51,2-5
20662,FIRST CLASS HOLIDAY PURSE,2.51,2-5
20663,QUEEN OF THE SKIES HOLIDAY PURSE,2.51,2-5
20664,TROPICAL HOLIDAY PURSE,2.95,2-5
20665,RED RETROSPOT PURSE,2.95,2-5
20666,ECONOMY HOLIDAY PURSE,2.51,2-5
20667,CHERRY BLOSSOM PURSE,2.46,2-5
20668,DISCO BALL CHRISTMAS DECORATION,0.12,Under 2
20669,RED HEART LUGGAGE TAG,1.25,Under 2
20670,VIP HOLIDAY PURSE,2.51,2-5
20671,BLUE TEATIME PRINT BOWL,1.25,Under 2
20672,PINK TEATIME PRINT BOWL,1.25,Under 2
20673,STRAWBERRIES PRINT BOWL,1.25,Under 2
20674,GREEN POLKADOT BOWL,1.25,Under 2
20675,BLUE POLKADOT BOWL,1.25,Under 2
20676,RED RETROSPOT BOWL,1.25,Under 2
20677,PINK POLKADOT BOWL,1.25,Under 2
20678,LARGE BLACK DIAMANTE HAIRSLIDE,1.65,Under 2
20679,EDWARDIAN PARASOL RED,5.95,5-10
20680,PINK FLOWERS CHILDS UMBRELLA,3.25,2-5
20681,PINK POLKADOT CHILDRENS UMBRELLA,3.25,2-5
20682,RED RETROSPOT CHILDRENS UMBRELLA,3.25,2-5
20683,RAIN GIRL CHILDS UMBRELLA,3.25,2-5
20684,STRAWBERRY DREAM CHILDS UMBRELLA,3.25,2-5
20685,DOORMAT RED RETROSPOT,7.49,5-10
20686,DOLLY MIXTURE CHILDREN'S UMBRELLA,3.25,2-5
20688,BEAUTY SPEED EXPRESSO CUPS,5.95,5-10
20689,RETRO SISTERS EXPRESSO CUPS,5.95,5-10
20692,FLORAL ELEPHANT SOFT TOY,4.25,2-5
20693,FLORAL DINOSAUR GREEN,4.25,2-5
20694,FLORAL PINK MONSTER,3.75,2-5
20695,FLORAL BLUE MONSTER,4.25,2-5
20696,FLORAL SOFT CAR TOY,3.75,2-5
20697,LITTLE GREEN MONSTER SOFT TOY,2.55,2-5
20698,LITTLE PINK MONSTER SOFT TOY,2.55,2-5
20699,MOUSEY LONG LEGS SOFT TOY,2.55,2-5
20700,GREEN CAT FLORAL CUSHION COVER,4.13,2-5
20701,PINK CAT FLORAL CUSHION COVER,4.13,2-5
20702,PINK PADDED MOBILE,4.25,2-5
20703,BLUE PADDED SOFT MOBILE,4.25,2-5
20704,MR ROBOT SOFT TOY,6.95,5-10
20705,MRS ROBOT SOFT TOY,6.95,5-10
20707,CRAZY DAISY HEART DECORATION,0.83,Under 2
20711,JUMBO BAG TOYS,2.08,2-5
20712,JUMBO BAG WOODLAND ANIMALS,2.08,2-5
20713,JUMBO BAG OWLS,1.95,Under 2
20714,POSY SHOPPER BAG,0.87,Under 2
20715,LITTLE FLOWER SHOPPER BAG,1.06,Under 2
20716,PARTY FOOD SHOPPER BAG,1.25,Under 2
20717,STRAWBERRY SHOPPER BAG,1.25,Under 2
20718,RED RETROSPOT SHOPPER BAG,1.25,Under 2
20719,WOODLAND CHARLOTTE BAG,0.85,Under 2
20721,OWLS CHARLOTTE BAG,0.85,Under 2
20723,STRAWBERRY CHARLOTTE BAG,0.85,Under 2
20724,RED RETROSPOT CHARLOTTE BAG,0.85,Under 2
20725,LUNCH BAG RED RETROSPOT,1.65,Under 2
20726,LUNCH BAG WOODLAND,1.65,Under 2
20727,LUNCH BAG  BLACK SKULL.,1.65,Under 2
20728,LUNCH BAG CARS BLUE,1.65,Under 2
20729,RED SPOTTY CANDY BAG,1.25,Under 2
20730,STRAWBERRY CANDY BAG,0.87,Under 2
20731,POSY CANDY BAG,1.25,Under 2
20733,GOLD MINI TAPE MEASURE,0.83,Under 2
20734,SILVER MINI TAPE MEASURE,0.85,Under 2
20735,BLACK MINI TAPE MEASURE,0.85,Under 2
20736,PINK MINI TAPE MEASURE,0.85,Under 2
20737,RED MINI TAPE MEASURE,1.7,Under 2
20738,GREEN MINI TAPE MEASURE,0.85,Under 2
20739,*USB OFFICE GLITTER LAMP,8.65,5-10
20747,PICCADILLY TEA SET,14.95,10+
20748,KENSINGTON COFFEE SET,12.75,10+
20749,ASSORTED COLOUR MINI CASES,7.95,5-10
20750,RED RETROSPOT MINI CASES,7.95,5-10
20751,FUNKY WASHING UP GLOVES ASSORTED,2.1,2-5
20752,BLUE POLKADOT WASHING UP GLOVES,2.1,2-5
20753,RETRO PINK SPOT WASHING UP GLOVES,2.1,2-5
20754,RETROSPOT RED WASHING UP GLOVES,2.1,2-5
20755,BLUE PAISLEY POCKET BOOK,0.85,Under 2
20756,GREEN FERN POCKET BOOK,0.85,Under 2
20757,RED DAISY POCKET BOOK,0.85,Under 2
20758,ABSTRACT CIRCLES POCKET BOOK,0.85,Under 2
20759,CHRYSANTHEMUM POCKET BOOK,0.85,Under 2
20760,GARDEN PATH POCKET BOOK,0.85,Under 2
20761,BLUE PAISLEY SKETCHBOOK,3.75,2-5
20762,GREEN FERN SKETCHBOOK,3.75,2-5
20763,DAISY SKETCHBOOK,3.75,2-5
20764,ABSTRACT CIRCLES SKETCHBOOK,3.75,2-5
20765,CHRYSANTHEMUM SKETCHBOOK,3.75,2-5
20766,GARDEN PATH SKETCHBOOK,3.75,2-5
20767,BLUE PAISLEY JOURNAL,2.55,2-5
20768,GREEN FERN JOURNAL,2.55,2-5
20769,DAISY JOURNAL,2.55,2-5
20770,ABSTRACT CIRCLE JOURNAL,2.55,2-5
20771,CHRYSANTHEMUM  JOURNAL,2.55,2-5
20772,GARDEN PATH JOURNAL,2.55,2-5
20773,BLUE PAISLEY NOTEBOOK,1.65,Under 2
20774,GREEN FERN NOTEBOOK,1.65,Under 2
20775,DAISY NOTEBOOK,1.65,Under 2
20776,ABSTRACT CIRCLES NOTEBOOK,1.65,Under 2
20777,CHRYSANTHEMUM NOTEBOOK,1.65,Under 2
20778,GARDEN PATH NOTEBOOK,1.65,Under 2
20780,BLACK EAR MUFF HEADPHONES,5.49,5-10
20781,GOLD EAR MUFF HEADPHONES,5.49,5-10
20782,CAMOUFLAGE EAR MUFF HEADPHONES,5.49,5-10
20783,HEART EAR MUFF HEADPHONES,5.49,5-10
20784,RED RETRO BAR STOOL,34.0,10+
20785,FUSCHIA RETRO BAR STOOL,34.0,10+
20786,BLACK RETRO BAR STOOL,34.0,10+
20787,BLUE RETRO BAR STOOL,34.0,10+
20791,BLUE TILED SET OF 3 DRAWERS,12.75,10+
20793,BLUE TILED TRAY,6.75,5-10
20794,BLUE  TILE HOOK,2.55,2-5
20795,LARGE BLUE PROVENCAL CERAMIC BALL,2.1,2-5
20796,SMALL BLUE PROVENCAL CERAMIC BALL,1.65,Under 2
20798,CLEAR MILKSHAKE GLASS,2.1,2-5
20799,PINK MILKSHAKE GLASS,3.1550000000000002,2-5
20800,LARGE GLASS SUNDAE DISH CLEAR,5.06,5-10
20801,LARGE PINK GLASS SUNDAE DISH,2.46,2-5
20802,SMALL GLASS SUNDAE DISH CLEAR,1.65,Under 2
20803,SMALL PINK GLASS SUNDAE DISH,1.65,Under 2
20804,GLASS CHICKEN BUTTER DISH,3.36,2-5
20812,EMBOSSED FLOWER TRELLIS PHOTO FRAME,2.55,2-5
20814,SILVER FINCH DECORATION,1.25,Under 2
20816,GOLD FLOWER CUSHION COVER,6.75,5-10
20818,GOLD TEDDY BEAR,3.75,2-5
20819,SILVER TEDDY BEAR,3.75,2-5
20820,SILVER LOOKING MIRROR,4.95,2-5
20821,GOLDIE LOOKING MIRROR,10.17,10+
20822,SILVER WINE GOBLET,4.65,2-5
20823,GOLD WINE GOBLET,4.25,2-5
20825,GOLD WINE GLASS,3.75,2-5
20826,SILVER APERITIF GLASS,1.905,Under 2
20827,GOLD APERITIF GLASS,2.12,2-5
20828,GLITTER BUTTERFLY CLIPS,2.55,2-5
20829,GLITTER HANGING BUTTERFLY STRING,2.1,2-5
20830,SILVER PHOTO FRAME,2.1,2-5
20831,GOLD PHOTO FRAME,2.1,2-5
20832,RED FLOCK LOVE HEART PHOTO FRAME,0.85,Under 2
20833,SHAKER THROW  QUILTED,12.75,10+
20835,FRENCH LATTICE CUSHION COVER,0.83,Under 2
20836,FRENCH PAISLEY CUSHION COVER,0.83,Under 2
20837,FRENCH FLORAL CUSHION COVER,0.83,Under 2
20838,FRENCH LATTICE CUSHION COVER,0.85,Under 2
20839,FRENCH PAISLEY CUSHION COVER,2.95,2-5
20840,FRENCH FLORAL CUSHION COVER,1.7,Under 2
20845,ZINC HEART LATTICE 2 WALL PLANTER,6.35,5-10
20846,ZINC HEART LATTICE T-LIGHT HOLDER,1.25,Under 2
20847,ZINC HEART LATTICE CHARGER LARGE,3.75,2-5
20848,ZINC HEART LATTICE CHARGER SMALL,2.95,2-5
20849,ZINC HEART LATTICE DOUBLE PLANTER,3.75,2-5
20850,ZINC HEART LATTICE PLANTER BOWL,2.95,2-5
20851,ZINC HEART LATTICE TRAY OVAL,5.95,5-10
20854,BLUE PATCH PURSE PINK HEART,1.65,Under 2
20855,PINK PATCH PURSE BLUE HEART,1.65,Under 2
20856,DENIM PATCH PURSE PINK BUTTERFLY,1.65,Under 2
20857,BLUE ROSE PATCH PURSE PINK BUTTERFL,1.65,Under 2
20858,SILVER PURSE GOLD PINK BUTTERFLY,1.65,Under 2
20860,GOLD COSMETICS BAG WITH BUTTERFLY,2.1,2-5
20861,GOLD COSMETIC BAG PINK STAR,2.1,2-5
20862,PINK PATCH PENCIL CASE BLUE HEART,2.1,2-5
20863,BLUE PATCH PENCIL CASE PINK HEART,2.1,2-5
20864,DENIM PATCH PENCIL CASE BUTTERFLY,2.1,2-5
20865,PATCHWORK PENCIL CASE BUTTERFLY,2.1,2-5
20866,BLUE ROSE FABRIC MIRROR,1.25,Under 2
20867,PINK ROSE FABRIC MIRROR,1.25,Under 2
20868,SILVER FABRIC MIRROR,0.85,Under 2
20869,GOLD FABRIC MIRROR,0.85,Under 2
20870,OPULENT VELVET CANDLE IN BOX,2.1,2-5
20871,OPULENT VELVET SET/3 CANDLES,2.1,2-5
20877,MODERN CHRISTMAS BAUBLE CANDLE,0.42,Under 2
20878,SET/9 CHRISTMAS T-LIGHTS SCENTED,1.25,Under 2
20879,TREE OF NOAH FESTIVE SCENTED CANDLE,0.65,Under 2
20881,MODERN CHRISTMAS TREE CANDLE,0.85,Under 2
20882,MODERN CHRISTMAS TREE CANDLE,2.95,2-5
20884,MODERN CHRISTMAS TREE CANDLE,2.1,2-5
20885,BOX OF 3 PEBBLE CANDLES,2.95,2-5
20886,BOX OF 9 PEBBLE CANDLES,1.95,Under 2
20887,BOX OF 6 PEBBLE CANDLES,5.615,5-10
20888,SET 3 JARDIN DE FEMME SCENT CANDLES,3.75,2-5
20889,JARDIN DE FEMME SCENTED CANDLE,2.95,2-5
20890,SMALL GLASS ROSE SCENTED CANDLE,2.025,2-5
20891,LARGE GLASS ROSE SCENTED CANDLE,7.95,5-10
20892,SET/3 TALL GLASS CANDLE HOLDER PINK,12.75,10+
20893,HANGING BAUBLE T-LIGHT HOLDER SMALL,2.55,2-5
20894,HANGING BAUBLE T-LIGHT HOLDER LARGE,2.95,2-5
20895,VINTAGE NOTEBOOK FRENCH LETTER,2.95,2-5
20896,VINTAGE NOTEBOOK PINK FLOWER,2.95,2-5
20897,VINTAGE NOTEBOOK PARIS DAYS,2.95,2-5
20898,VINTAGE NOTEBOOK TRAVELOGUE,2.95,2-5
20899,VINTAGE NOTEBOOK RED ROSE,2.95,2-5
20901,VINTAGE KEEPSAKE BOX PINK FLOWER,12.72,10+
20902,VINTAGE KEEPSAKE BOX PARIS DAYS,12.72,10+
20903,VINTAGE KEEPSAKE BOX TRAVELOGUE,6.35,5-10
20905,VINTAGE KEEPSAKE BOX BEAUTY GIRL,6.35,5-10
20906,VINTAGE NOTEBOOK BEAUTY GIRL,2.95,2-5
20910,VINTAGE PHOTO ALBUM PARIS DAYS,6.35,5-10
20913,SET/5 BLUE SPOTTY LID GLASS BOWLS,2.95,2-5
20914,SET/5 RED RETROSPOT LID GLASS BOWLS,2.95,2-5
20931,BLUE POT PLANT CANDLE,3.75,2-5
20932,PINK POT PLANT CANDLE,3.75,2-5
20933,YELLOW POT PLANT CANDLE,3.75,2-5
20934,SET/3 POT PLANT CANDLES,5.45,5-10
20935,ROUND CACTUS CANDLE,2.95,2-5
20936,FORKED CACTUS CANDLE,2.95,2-5
20939,ORANGE CANDLE,0.85,Under 2
20940,SET/6 GARDEN GNOME T-LIGHT CANDLES,2.95,2-5
20941,FROG CANDLE,1.25,Under 2
20942,SET/6 GINGERBREAD TREE T-LIGHTS,1.25,Under 2
20943,SET/6 GINGERBREAD STAR T-LIGHTS,1.25,Under 2
20950,SET/6  ANGEL T-LIGHTS WHITE/GOLD,0.42,Under 2
20952,PORCELAIN CHERUB BELL SMALL,0.42,Under 2
20953,PORCELAIN CHERUB BELL LARGE,1.65,Under 2
20954,*USB OFFICE MIRROR BALL,8.47,5-10
20956,PORCELAIN T-LIGHT HOLDERS ASSORTED,1.25,Under 2
20957,PORCELAIN HANGING BELL SMALL,1.45,Under 2
20958,PORCELAIN HANGING BELL LARGE,1.95,Under 2
20960,WATERMELON BATH SPONGE,1.25,Under 2
20961,STRAWBERRY BATH SPONGE,1.25,Under 2
20963,APPLE BATH SPONGE,1.25,Under 2
20964,POLYESTER FILLER PAD 60X40CM,2.55,2-5
20966,SANDWICH BATH SPONGE,1.25,Under 2
20967,GREY FLORAL FELTCRAFT SHOULDER BAG,3.75,2-5
20968,GREEN FLORAL FELTCRAFT SHOULDER BAG,3.75,2-5
20969,RED FLORAL FELTCRAFT SHOULDER BAG,3.75,2-5
20970,PINK FLORAL FELTCRAFT SHOULDER BAG,3.75,2-5
20971,PINK BLUE FELT CRAFT TRINKET BOX,1.25,Under 2
20972,PINK CREAM FELT CRAFT TRINKET BOX,1.25,Under 2
20973,12 PENCIL SMALL TUBE WOODLAND,0.65,Under 2
20974,12 PENCILS SMALL TUBE SKULL,0.65,Under 2
20975,12 PENCILS SMALL TUBE RED RETROSPOT,0.65,Under 2
20976,12 PENCILS SMALL TUBE POSY,0.65,Under 2
20977,36 PENCILS TUBE WOODLAND,1.25,Under 2
20978,36 PENCILS TUBE SKULLS,1.25,Under 2
20979,36 PENCILS TUBE RED RETROSPOT,1.25,Under 2
20980,36 PENCILS TUBE POSY,1.25,Under 2
20981,12 PENCILS TALL TUBE WOODLAND,0.85,Under 2
20982,12 PENCILS TALL TUBE SKULLS,0.85,Under 2
20983,12 PENCILS TALL TUBE RED RETROSPOT,0.85,Under 2
20984,12 PENCILS TALL TUBE POSY,0.29,Under 2
20985,HEART CALCULATOR,1.25,Under 2
20986,BLUE CALCULATOR RULER,1.25,Under 2
20987,GEISHA GIRL CHOPSTICKS SET/5,1.95,Under 2
20988,TRELLIS FLOWER CHOPSTICKS SET/5,1.95,Under 2
20989,URBAN CHIC CHOPSTICKS SET/5,1.95,Under 2
20990,SPRING FLOWER CHOPSTICKS SET/5,1.95,Under 2
20991,JAZZ HEARTS MAGNETIC MEMO PAD,0.9650000000000001,Under 2
20992,JAZZ HEARTS PURSE NOTEBOOK,0.74,Under 2
20993,JAZZ HEARTS MEMO PAD,0.85,Under 2
20994,JAZZ HEARTS SPIRAL NOTEPAD,0.85,Under 2
20996,JAZZ HEARTS ADDRESS BOOK,0.42,Under 2
20997,ROSE DU SUD CUSHION COVER,4.21,2-5
20998,ROSE DU SUD OVEN GLOVE,2.95,2-5
21000,ROSE DU SUD COSMETICS BAG,3.36,2-5
21001,ROSE DU SUD WASHBAG,4.21,2-5
21002,ROSE DU SUD DRAWSTRING BAG,3.36,2-5
21003,ROSE DU SUD CUSHION COVER,5.79,5-10
21004,ROSE DU SUD CHILDRENS APRON,4.25,2-5
21007,ETCHED GLASS DROPLET DECORATION,0.38,Under 2
21008,ETCHED GLASS HEART TREE DECORATION,2.51,2-5
21009,ETCHED GLASS STAR TREE DECORATION,1.25,Under 2
21010,ETCHED GLASS BIRD TREE DECORATION,1.25,Under 2
21011,GLITTER SNOW PEAR TREE DECORATION,1.45,Under 2
21012,ANTIQUE ALL GLASS CANDLESTICK,2.46,2-5
21014,SWISS CHALET TREE DECORATION,0.85,Under 2
21015,DARK BIRD HOUSE TREE DECORATION,0.83,Under 2
21016,LIGHT BIRD HOUSE TREE DECORATION,0.85,Under 2
21017,RED BIRD HOUSE TREE DECORATION,1.28,Under 2
21018,BIRD BOX CHRISTMAS TREE DECORATION,0.85,Under 2
21025,SPACE FROG,1.25,Under 2
21026,SPACE OWL,1.25,Under 2
21027,NINJA RABBIT PINK,1.25,Under 2
21028,NINJA RABBIT BLACK,1.25,Under 2
21030,SPACE CADET RED,1.25,Under 2
21031,SPACE CADET BLACK,1.25,Under 2
21032,SPACE CADET WHITE,1.25,Under 2
21033,JUMBO BAG CHARLIE AND LOLA TOYS,2.95,2-5
21034,REX CASH+CARRY JUMBO SHOPPER,0.95,Under 2
21035,SET/2 RED RETROSPOT TEA TOWELS,3.25,2-5
21036,SET/2 TEA TOWELS MODERN VINTAGE,2.55,2-5
21038,SET/4 MODERN VINTAGE COTTON NAPKINS,2.95,2-5
21039,RED RETROSPOT SHOPPING BAG,2.55,2-5
21040,MODERN VINTAGE COTTON SHOPPING BAG,2.55,2-5
21041,RED RETROSPOT OVEN GLOVE DOUBLE,2.95,2-5
21042,RED RETROSPOT APRON,5.95,5-10
21043,APRON MODERN VINTAGE COTTON,4.13,2-5
21051,RIBBONS PURSE,2.1,2-5
21054,NURSE'S BAG SOFT TOY,8.95,5-10
21055,TOOL BOX SOFT TOY,8.95,5-10
21056,DOCTOR'S BAG SOFT TOY,8.95,5-10
21058,PARTY INVITES WOODLAND,0.85,Under 2
21059,PARTY INVITES DINOSAURS,0.85,Under 2
21060,PARTY INVITES BALLOON GIRL,0.85,Under 2
21061,PARTY INVITES FOOTBALL,0.85,Under 2
21062,PARTY INVITES SPACEMAN,0.85,Under 2
21063,PARTY INVITES JAZZ HEARTS,0.85,Under 2
21064,BOOM BOX SPEAKER BOYS,5.95,5-10
21065,BOOM BOX SPEAKER GIRLS,4.17,2-5
21066,VINTAGE RED MUG,1.25,Under 2
21067,VINTAGE RED TEATIME MUG,1.25,Under 2
21068,VINTAGE BILLBOARD LOVE/HATE MUG,1.25,Under 2
21069,VINTAGE BILLBOARD TEA MUG,1.25,Under 2
21070,VINTAGE BILLBOARD MUG,1.25,Under 2
21071,VINTAGE BILLBOARD DRINK ME MUG,1.25,Under 2
21076,SET/20 COLLAGE PAPER NAPKIN,0.85,Under 2
21077,SET/20 WOODLAND PAPER NAPKINS,0.85,Under 2
21078,SET/20 STRAWBERRY PAPER NAPKINS,0.85,Under 2
21080,SET/20 RED RETROSPOT PAPER NAPKINS,0.85,Under 2
21081,SET/20 POSIES PAPER NAPKINS,0.85,Under 2
21082,SET/20 FRUIT SALAD PAPER NAPKINS,0.85,Under 2
21084,SET/6 COLLAGE PAPER CUPS,0.65,Under 2
21085,SET/6 WOODLAND PAPER CUPS,0.65,Under 2
21086,SET/6 RED SPOTTY PAPER CUPS,0.65,Under 2
21087,SET/6 POSIES PAPER CUPS,0.65,Under 2
21088,SET/6 FRUIT SALAD PAPER CUPS,0.19,Under 2
21089,SET/6 GREEN SPRING PAPER CUPS,0.19,Under 2
21090,SET/6 COLLAGE PAPER PLATES,0.83,Under 2
21091,SET/6 WOODLAND PAPER PLATES,0.85,Under 2
21092,SET/6 STRAWBERRY PAPER PLATES,0.85,Under 2
21094,SET/6 RED SPOTTY PAPER PLATES,0.85,Under 2
21095,SET/6 POSIES PAPER PLATES,0.85,Under 2
21096,SET/6 FRUIT SALAD  PAPER PLATES,0.83,Under 2
21097,SET/6 GREEN SPRING  PAPER PLATE,0.85,Under 2
21098,CHRISTMAS TOILET ROLL,1.25,Under 2
21099,SET/6 STRAWBERRY PAPER CUPS,0.65,Under 2
21100,CHARLIE AND LOLA CHARLOTTE BAG,1.65,Under 2
21102,"CANDLE IN JAR COLLAGE , VANILLA",2.55,2-5
21106,CREAM SLICE FLANNEL CHOCOLATE SPOT,2.95,2-5
21107,CREAM SLICE FLANNEL PINK SPOT,2.95,2-5
21108,FAIRY CAKE FLANNEL ASSORTED COLOUR,2.55,2-5
21109,LARGE CAKE TOWEL CHOCOLATE SPOTS,6.75,5-10
21110,LARGE CAKE TOWEL PINK SPOTS,6.75,5-10
21111,"SWISS ROLL TOWEL, CHOCOLATE  SPOTS",2.95,2-5
21112,SWISS ROLL TOWEL PINK  SPOTS,2.95,2-5
21114,LAVENDER SCENTED FABRIC HEART,1.25,Under 2
21115,ROSE CARAVAN DOORSTOP,6.75,5-10
21116,OWL DOORSTOP,8.29,5-10
21117,BLOND DOLL DOORSTOP,1.25,Under 2
21118,SHOPPING BAG DOORSTOP,1.25,Under 2
21119,GLOW IN THE DARK SHOT GLASSES,13.57,10+
21120,*BOOMBOX IPOD CLASSIC,16.98,10+
21121,SET/10 RED POLKADOT PARTY CANDLES,1.25,Under 2
21122,SET/10 PINK POLKADOT PARTY CANDLES,1.25,Under 2
21123,SET/10 IVORY POLKADOT PARTY CANDLES,1.25,Under 2
21124,SET/10 BLUE POLKADOT PARTY CANDLES,1.25,Under 2
21125,SET 6 FOOTBALL CELEBRATION CANDLES,1.25,Under 2
21126,SET OF 6 GIRLS CELEBRATION CANDLES,1.25,Under 2
21127,COLOURFUL FISHING GNOME,5.95,5-10
21128,GOLD FISHING GNOME,12.46,10+
21129,SILVER FISHING GNOME,6.95,5-10
21130,COLOURFUL STANDING GNOME,3.45,2-5
21131,GOLD STANDING GNOME,4.25,2-5
21132,SILVER STANDING GNOME,4.25,2-5
21133,PAINTED BIRD ASSORTED CHRISTMAS,1.69,Under 2
21134,VICTORIAN METAL POSTCARD CHRISTMAS,1.65,Under 2
21135,VICTORIAN  METAL POSTCARD SPRING,1.69,Under 2
21136,PAINTED METAL PEARS ASSORTED,1.69,Under 2
21137,BLACK RECORD COVER FRAME,3.75,2-5
21143,ANTIQUE GLASS HEART DECORATION,1.95,Under 2
21144,PINK POODLE HANGING DECORATION,0.38,Under 2
21145,ANTIQUE GLASS PLACE SETTING,1.25,Under 2
21146,ANTIQUE GLASS RIDGED HANGING BALL,1.95,Under 2
21147,JINGLE BELLS TREE DECORATION,2.1,2-5
21153,RED SPOTTY TABLECLOTH,10.65,10+
21154,RED RETROSPOT OVEN GLOVE,1.25,Under 2
21155,RED RETROSPOT PEG BAG,2.55,2-5
21156,RETROSPOT CHILDRENS APRON,1.95,Under 2
21157,RED RETROSPOT WASHBAG,2.1,2-5
21158,MOODY GIRL DOOR HANGER,1.45,Under 2
21159,MOODY BOY  DOOR HANGER,1.45,Under 2
21160,KEEP OUT GIRLS DOOR HANGER,1.45,Under 2
21161,KEEP OUT BOYS DOOR HANGER,1.45,Under 2
21162,TOXIC AREA  DOOR HANGER,1.45,Under 2
21163,DO NOT TOUCH MY STUFF DOOR HANGER,1.45,Under 2
21164,HOME SWEET HOME METAL SIGN,2.95,2-5
21165,BEWARE OF THE CAT METAL SIGN,1.69,Under 2
21166,COOK WITH WINE METAL SIGN,1.95,Under 2
21167,WHITE SAGE INCENSE,0.42,Under 2
21169,YOU'RE CONFUSING ME METAL SIGN,1.69,Under 2
21171,BATHROOM METAL SIGN,1.45,Under 2
21172,PARTY METAL SIGN,1.45,Under 2
21173,LOO ROLL  METAL SIGN,1.65,Under 2
21174,POTTERING IN THE SHED METAL SIGN,2.08,2-5
21175,GIN AND TONIC DIET METAL SIGN,2.1,2-5
21179,NO JUNK MAIL METAL SIGN,1.25,Under 2
21181,PLEASE ONE PERSON METAL SIGN,2.1,2-5
21185,HOME SWEET HOME  BLACKBOARD,6.35,5-10
21186,WHITE DOVE HONEYCOMB PAPER GARLAND,1.65,Under 2
21187,WHITE BELL HONEYCOMB PAPER GARLAND,1.65,Under 2
21188,3D HEARTS  HONEYCOMB PAPER GARLAND,2.95,2-5
21189,WHITE HONEYCOMB PAPER GARLAND,1.65,Under 2
21190,PINK HEARTS PAPER GARLAND,1.65,Under 2
21191,LARGE WHITE HONEYCOMB PAPER BELL,2.1,2-5
21192,WHITE BELL HONEYCOMB PAPER,1.65,Under 2
21193,WHITE HONEYCOMB PAPER FAN,2.1,2-5
21194,PINK  HONEYCOMB PAPER FAN,2.1,2-5
21195,PINK  HONEYCOMB PAPER BALL,2.1,2-5
21196,ROUND WHITE CONFETTI IN TUBE,1.65,Under 2
21197,MULTICOLOUR  CONFETTI IN TUBE,1.65,Under 2
21198,WHITE HEART CONFETTI IN TUBE,1.65,Under 2
21199,PINK  HEART CONFETTI IN TUBE,1.65,Under 2
21200,MULTICOLOUR HONEYCOMB PAPER GARLAND,1.65,Under 2
21201,TROPICAL  HONEYCOMB PAPER GARLAND,2.55,2-5
21202,DOLLY HONEYCOMB GARLAND,1.65,Under 2
21203,BUTTERFLIES  HONEYCOMB GARLAND,1.65,Under 2
21204,DAISIES  HONEYCOMB GARLAND,1.65,Under 2
21205,MULTICOLOUR 3D BALLS GARLAND,2.55,2-5
21206,STRAWBERRY HONEYCOMB  GARLAND,1.65,Under 2
21207,SKULL AND CROSSBONES  GARLAND,1.65,Under 2
21208,PASTEL COLOUR HONEYCOMB FAN,1.65,Under 2
21209,MULTICOLOUR HONEYCOMB FAN,1.65,Under 2
21210,SET OF 72 RETROSPOT PAPER  DOILIES,1.45,Under 2
21211,SET OF 72 SKULL PAPER  DOILIES,1.45,Under 2
21212,PACK OF 72 RETROSPOT CAKE CASES,0.55,Under 2
21213,PACK OF 72 SKULL CAKE CASES,0.55,Under 2
21214,SET OF 72 IVORY PAPER DOILIES,1.45,Under 2
21215,IVORY PAPER CUP CAKE CASES,0.55,Under 2
21216,"SET 3 RETROSPOT TEA,COFFEE,SUGAR",4.95,2-5
21217,RED RETROSPOT ROUND CAKE TINS,9.95,5-10
21218,RED SPOTTY BISCUIT TIN,3.75,2-5
21219,SET/4 BADGES BALLOON GIRL,1.25,Under 2
21220,SET/4 BADGES DOGS,1.25,Under 2
21221,SET/4 BADGES CUTE CREATURES,1.25,Under 2
21222,SET/4 BADGES BEETLES,1.25,Under 2
21223,SET/4 BADGES WOODLAND ANIMAL,1.25,Under 2
21224,SET/4 SKULL BADGES,1.25,Under 2
21225,POCKET MIRROR BUTTERFLY,1.25,Under 2
21226,POCKET MIRROR WOODLAND,1.25,Under 2
21228,"POCKET MIRROR ""GLAMOROUS""",1.25,Under 2
21231,SWEETHEART CERAMIC TRINKET BOX,1.25,Under 2
21232,STRAWBERRY CERAMIC TRINKET POT,1.25,Under 2
21238,RED RETROSPOT CUP,0.85,Under 2
21239,PINK  POLKADOT CUP,0.85,Under 2
21240,BLUE POLKADOT CUP,0.85,Under 2
21241,GREEN POLKADOT CUP,0.85,Under 2
21242,RED RETROSPOT PLATE,1.69,Under 2
21243,PINK POLKADOT PLATE,1.69,Under 2
21244,BLUE POLKADOT PLATE,1.69,Under 2
21245,GREEN POLKADOT PLATE,1.69,Under 2
21246,RED RETROSPOT BIG BOWL,4.95,2-5
21247,SET OF RED SALAD SERVERS,1.49,Under 2
21248,DOOR HANGER  MUM + DADS ROOM,1.45,Under 2
21249,WOODLAND  HEIGHT CHART STICKERS,2.95,2-5
21250,SET OF SKULL WALL STICKERS,2.95,2-5
21251,DINOSAUR HEIGHT CHART STICKER SET,2.95,2-5
21252,SET OF MEADOW  FLOWER STICKERS,2.95,2-5
21253,SET OF PICTURE FRAME  STICKERS,5.79,5-10
21255,"FRENCH BOTTLE , LAVENDER",1.65,Under 2
21256,"FRENCH BOTTLE, BRASSERIE DES ARTIST",1.65,Under 2
21257,VICTORIAN SEWING BOX MEDIUM,7.95,5-10
21258,VICTORIAN SEWING BOX LARGE,12.75,10+
21259,VICTORIAN SEWING BOX SMALL,5.95,5-10
21260,FIRST AID TIN,3.25,2-5
21261,GREEN GOOSE FEATHER CHRISTMAS TREE,7.46,5-10
21262,WHITE GOOSE FEATHER CHRISTMAS TREE,2.95,2-5
21263,GREEN GOOSE FEATHER TREE 60CM,1.95,Under 2
21264,WHITE GOOSE FEATHER TREE 60CM,1.95,Under 2
21265,PINK GOOSE FEATHER TREE 60CM,1.95,Under 2
21266,VINTAGE SILVER TINSEL REEL,4.3,2-5
21267,VINTAGE PINK TINSEL REEL,4.3,2-5
21268,VINTAGE BLUE TINSEL REEL,0.42,Under 2
21269,ANTIQUE CREAM CUTLERY SHELF,8.5,5-10
21270,ANTIQUE CREAM CUTLERY CUPBOARD,12.75,10+
21272,SALLE DE BAIN HOOK,1.25,Under 2
21274,EMBOSSED HEART 3 DRAWER SHELF,12.75,10+
21275,ZINC TOP  2 DOOR WOODEN SHELF,16.95,10+
21276,TWO EMBOSSED HEART MINI DRAWERS,1.95,Under 2
21277,FRENCH STYLE EMBOSSED HEART CABINET,21.95,10+
21278,VINTAGE KITCHEN PRINT PUDDINGS,2.55,2-5
21279,VINTAGE KITCHEN PRINT FRUITS,2.55,2-5
21280,VINTAGE KITCHEN PRINT VEGETABLES,2.55,2-5
21281,VINTAGE KITCHEN PRINT SEAFOOD,2.55,2-5
21282,NATURAL BARK CANDLE LARGE,4.25,2-5
21283,NATURAL BARK CANDLE SMALL,3.25,2-5
21284,RETROSPOT CANDLE  SMALL,1.69,Under 2
21285,RETROSPOT CANDLE  MEDIUM,2.1,2-5
21286,RETROSPOT CANDLE  LARGE,2.55,2-5
21287,SCENTED VELVET LOUNGE CANDLE,0.38,Under 2
21288,STRIPEY CHOCOLATE NESTING BOXES,2.95,2-5
21289,LARGE STRIPES CHOCOLATE GIFT BAG,1.25,Under 2
21290,LARGE SPOTTY CHOCOLATE GIFT BAG,1.25,Under 2
21291,SMALL POLKADOT CHOCOLATE GIFT BAG,0.85,Under 2
21292,SMALL STRIPES CHOCOLATE GIFT BAG,0.85,Under 2
21293,MIRRORED DOVE WALL DECORATION,3.36,2-5
21294,ETCHED GLASS COASTER,1.25,Under 2
21298,EDWARDIAN 2 DRAWER WALL CABINET,12.75,10+
21299,EDWARDIAN TOILET ROLL UNIT,12.75,10+
21300,ANTIQUE EDWARDIAN DRESSER,12.75,10+
21303,FILIGREE WALL MIRROR  ANTIQUE WHITE,16.95,10+
21304,ARCHED GREY MIRROR,12.75,10+
21306,SET/4 DAISY MIRROR MAGNETS,1.24,Under 2
21307,SET/4 BUTTERFLY MIRROR MAGNETS,2.1,2-5
21308,LOUVRE VANITY MIRROR,12.65,10+
21309,LOUVRE CHALKBOARD,9.95,5-10
21310,CAPIZ CHANDELIER,29.95,10+
21311,SET/4 BIRD MIRROR MAGNETS,2.1,2-5
21312,LARGE CHUNKY GLASS ROMAN BOWL,6.75,5-10
21313,GLASS HEART T-LIGHT HOLDER,0.85,Under 2
21314,SMALL GLASS HEART TRINKET POT,2.1,2-5
21316,SMALL CHUNKY GLASS ROMAN  BOWL,2.95,2-5
21317,GLASS SPHERE CANDLE STAND MEDIUM,5.45,5-10
21318,GLASS CHALICE BLUE SMALL,1.65,Under 2
21319,GLASS CHALICE GREEN  SMALL,1.65,Under 2
21320,GLASS CHALICE GREEN  LARGE,2.55,2-5
21321,GLASS CHALICE BLUE  LARGE,2.55,2-5
21322,GLASS SPHERE CANDLE STAND LARGE,6.65,5-10
21323,HANGING MEDINA LANTERN LARGE,4.25,2-5
21324,HANGING MEDINA LANTERN SMALL,2.95,2-5
21326,AGED GLASS SILVER T-LIGHT HOLDER,0.65,Under 2
21327,SKULLS WRITING SET,1.65,Under 2
21328,BALLOONS  WRITING SET,1.65,Under 2
21329,DINOSAURS  WRITING SET,1.65,Under 2
21330,WOODLAND ANIMAL  WRITING SET,1.65,Under 2
21331,MOROCCAN BEATEN METAL DISH LARGE,12.75,10+
21332,MOROCCAN BEATEN METAL MIRROR,12.75,10+
21333,CLASSIC WHITE FRAME,2.95,2-5
21335,LIBRARY LAMP,21.95,10+
21336,GOLD WASHBAG,2.95,2-5
21337,SILVER WASHBAG,2.95,2-5
21338,MARAKESH LANTERN SMALL,5.95,5-10
21339,MARAKESH LANTERN LARGE,19.95,10+
21340,CLASSIC METAL BIRDCAGE PLANT HOLDER,12.75,10+
21341,KASBAH LANTERN WITH GLASS,4.65,2-5
21343,GOLD JEWELERY BOX,3.95,2-5
21344,MOROCCAN BEATEN METAL DISH,9.95,5-10
21347,GOTHIC CARRIAGE LANTERN,5.95,5-10
21348,PINK SPOTS CHOCOLATE NESTING BOXES,2.95,2-5
21349,IVY HEART WREATH,6.75,5-10
21350,GINGHAM HEART WREATH,2.95,2-5
21351,CINAMMON & ORANGE WREATH,6.75,5-10
21352,EUCALYPTUS & PINECONE  WREATH,5.91,5-10
21353,SILVER SLEIGHBELL  WREATH,7.95,5-10
21354,TOAST ITS - BEST MUM,1.25,Under 2
21355,TOAST ITS - I LOVE YOU,1.25,Under 2
21356,TOAST ITS - FAIRY FLOWER,1.25,Under 2
21357,TOAST ITS - DINOSAUR,1.25,Under 2
21358,TOAST ITS - HAPPY BIRTHDAY,1.25,Under 2
21359,RELAX LARGE WOOD LETTERS,15.95,10+
21360,JOY LARGE WOOD LETTERS,9.95,5-10
21361,LOVE LARGE WOOD LETTERS,12.75,10+
21363,HOME SMALL WOOD LETTERS,4.95,2-5
21364,PEACE SMALL WOOD LETTERS,6.75,5-10
21365,MIRRORED WALL ART STARS,2.95,2-5
21366,MIRRORED WALL ART PHOTO FRAMES,4.25,2-5
21367,MIRRORED WALL ART GENTS,2.55,2-5
21368,MIRRORED WALL ART LADIES,0.75,Under 2
21369,MIRRORED WALL ART SPLODGES,1.25,Under 2
21370,MIRRORED WALL ART FOXY,6.35,5-10
21371,MIRRORED WALL ART POPPIES,2.55,2-5
21372,MIRRORED WALL ART TABLE LAMP,2.46,2-5
21373,MIRRORED WALL ART SNOWFLAKES,0.75,Under 2
21374,MIRRORED WALL ART SKULLS,1.25,Under 2
21375,LARGE CAMPHOR WOOD FIELD MUSHROOM,10.79,10+
21376,LARGE  TALL CAMPHOR WOOD TOADSTOOL,5.45,5-10
21377,SMALL CAMPHOR WOOD FIELD  MUSHROOM,3.29,2-5
21378,SMALL TALL CAMPHOR WOOD TOADSTOOL,1.65,Under 2
21379,CAMPHOR WOOD PORTOBELLO MUSHROOM,2.46,2-5
21380,WOODEN HAPPY BIRTHDAY GARLAND,2.95,2-5
21381,MINI WOODEN HAPPY BIRTHDAY GARLAND,1.69,Under 2
21382,SET/4 SPRING FLOWER DECORATION,1.63,Under 2
21383,PACK OF 12 STICKY BUNNIES,0.65,Under 2
21384,IVORY HANGING DECORATION  BUTTERFLY,0.85,Under 2
21385,IVORY HANGING DECORATION  HEART,0.85,Under 2
21386,IVORY HANGING DECORATION  EGG,0.85,Under 2
21387,IVORY HANGING DECORATION  RABBIT,0.85,Under 2
21388,IVORY HANGING DECORATION  CHICKEN,0.85,Under 2
21389,IVORY HANGING DECORATION  BIRD,0.85,Under 2
21390,FILIGRIS HEART WITH BUTTERFLY,1.25,Under 2
21391,FRENCH LAVENDER SCENT HEART,2.1,2-5
21392,RED POLKADOT PUDDING BOWL,2.1,2-5
21393,BLUE POLKADOT PUDDING BOWL,2.1,2-5
21394,RED POLKADOT BEAKER,0.39,Under 2
21395,BLUE POLKADOT BEAKER,0.39,Under 2
21396,RED SPOTTY EGG CUP,1.25,Under 2
21397,BLUE POLKADOT EGG CUP,1.25,Under 2
21398,RED POLKADOT COFFEE  MUG,2.1,2-5
21399,BLUE POLKADOT COFFEE MUG,1.63,Under 2
21400,RED PUDDING SPOON,0.42,Under 2
21401,BLUE PUDDING SPOON,0.42,Under 2
21402,RED  EGG  SPOON,0.42,Under 2
21403,BLUE EGG  SPOON,0.42,Under 2
21406,SPOTTY CAT DOORSTOP,8.65,5-10
21407,BROWN CHECK CAT DOORSTOP,4.25,2-5
21408,SPOTTY PINK DUCK DOORSTOP,4.25,2-5
21409,SPOTTY COCKEREL DOORSTOP,4.25,2-5
21410,COUNTRY COTTAGE  DOORSTOP GREEN,4.25,2-5
21411,GINGHAM HEART  DOORSTOP RED,4.25,2-5
21412,VINTAGE GOLD TINSEL REEL,0.42,Under 2
21413,PERIWINKLE T-LIGHT HOLDER,1.25,Under 2
21414,SCALLOP SHELL SOAP DISH,2.1,2-5
21415,CLAM SHELL SMALL,2.1,2-5
21416,CLAM SHELL LARGE,3.75,2-5
21417,COCKLE SHELL DISH,2.1,2-5
21418,STARFISH SOAP DISH,2.55,2-5
21419,CONCH SHELL,3.75,2-5
21420,OYSTER TRINKET BOX,3.25,2-5
21421,PORCELAIN ROSE LARGE,1.25,Under 2
21422,PORCELAIN ROSE SMALL,0.85,Under 2
21424,WOODLAND STORAGE BOX LARGE,5.91,5-10
21425,SKULLS STORAGE BOX LARGE,2.95,2-5
21426,WOODLAND STORAGE BOX SMALL,2.1,2-5
21427,SKULLS STORAGE BOX SMALL,2.1,2-5
21428,SET3 BOOK BOX GREEN GINGHAM FLOWER,4.25,2-5
21429,RED GINGHAM ROSE JEWELLERY BOX,1.65,Under 2
21430,SET/3 RED GINGHAM ROSE STORAGE BOX,3.75,2-5
21431,GREEN GINGHAM FLOWER JEWELLERY BOX,1.65,Under 2
21432,SET OF 3 CASES WOODLAND DESIGN,5.95,5-10
21437,24 HANGING EASTER EGGS FLORAL TUB,3.75,2-5
21438,TUB 24 HANGING EASTER EGGS SPOTTY,3.75,2-5
21439,BASKET OF TOADSTOOLS,1.25,Under 2
21440,12 MINI TOADSTOOL PEGS,1.25,Under 2
21441,BLUE BIRDHOUSE DECORATION,0.85,Under 2
21442,GREEN BIRDHOUSE DECORATION,0.85,Under 2
21443,OLIVE CHALET BIRDFEEDER,3.75,2-5
21444,BLUE CHALET BIRDFEEDER,3.75,2-5
21445,12 PINK ROSE PEG PLACE SETTINGS,1.25,Under 2
21446,12 RED ROSE PEG PLACE SETTINGS,1.25,Under 2
21447,12 IVORY ROSE PEG PLACE SETTINGS,1.25,Under 2
21448,12 DAISY PEGS IN WOOD BOX,1.65,Under 2
21450,DISTRESSED CANDLE STICK WHITE,5.95,5-10
21452,TOADSTOOL MONEY BOX,2.95,2-5
21454,PAINTED PINK RABBIT,0.85,Under 2
21455,PAINTED YELLOW WOODEN DAISY,0.85,Under 2
21456,2 PICTURE BOOK EGGS EASTER CHICKS,1.25,Under 2
21457,2 PICTURE BOOK EGGS EASTER DUCKS,1.25,Under 2
21458,2 PICTURE BOOK EGGS EASTER BUNNY,1.25,Under 2
21459,YELLOW EASTER EGG HUNT START POST,1.95,Under 2
21460,GREEN EASTER EGG HUNT START POST,1.95,Under 2
21461,BLUE EASTER EGG HUNT START POST,1.95,Under 2
21462,"NURSERY A,B,C PAINTED LETTERS",6.75,5-10
21463,MIRRORED DISCO BALL,5.95,5-10
21464,DISCO BALL ROTATOR BATTERY OPERATED,4.25,2-5
21465,PINK FLOWER CROCHET FOOD COVER,3.75,2-5
21466,RED FLOWER CROCHET FOOD COVER,3.75,2-5
21467,CHERRY CROCHET FOOD COVER,3.75,2-5
21468,BUTTERFLY CROCHET FOOD COVER,3.75,2-5
21469,POLKA DOT RAFFIA FOOD COVER,3.75,2-5
21470,FLOWER VINE RAFFIA FOOD COVER,3.75,2-5
21471,STRAWBERRY RAFFIA FOOD COVER,3.75,2-5
21472,LADYBIRD + BEE RAFFIA FOOD COVER,3.75,2-5
21473,SWEETHEART CREAM STEEL TABLE RECT,19.95,10+
21474,SWEETHEART CREAM STEEL FOLDIN BENCH,19.95,10+
21475,SWEETHEART CREAM STEEL FOLDIN CHAIR,14.95,10+
21476,STEEL SWEETHEART ROUND TABLE CREAM,14.95,10+
21477,STRING OF 20 ROSE LIGHTS,12.75,10+
21478,SILVER SKULL HOT WATER BOTTLE,3.75,2-5
21479,WHITE SKULL HOT WATER BOTTLE,3.75,2-5
21480,PINK STRIPE HOT WATER BOTTLE,2.95,2-5
21481,FAWN BLUE HOT WATER BOTTLE,2.95,2-5
21482,MUSHROOM BLUE HOT WATER BOTTLE,2.95,2-5
21484,CHICK GREY HOT WATER BOTTLE,3.45,2-5
21485,RETROSPOT HEART HOT WATER BOTTLE,4.95,2-5
21486,PINK HEART DOTS HOT WATER BOTTLE,3.75,2-5
21488,RED WHITE SCARF  HOT WATER BOTTLE,3.95,2-5
21489,BLUE WHITE SCARF HOT WATER BOTTLE,3.95,2-5
21490,SET OF THREE 50'S GIFT WRAPS,1.95,Under 2
21491,SET OF THREE VINTAGE GIFT WRAPS,1.95,Under 2
21493,VINTAGE DESIGN GIFT TAGS,0.85,Under 2
21494,ROTATING LEAVES T-LIGHT HOLDER,1.66,Under 2
21495,SKULLS AND CROSSBONES WRAP,0.42,Under 2
21496,WOODLAND CREATURES  WRAP,0.42,Under 2
21497,FANCY FONTS BIRTHDAY WRAP,0.42,Under 2
21498,RED RETROSPOT WRAP,0.42,Under 2
21499,BLUE POLKADOT WRAP,0.42,Under 2
21500,PINK POLKADOT WRAP,0.42,Under 2
21503,TOYBOX  WRAP,0.42,Under 2
21504,SKULLS GREETING CARD,0.42,Under 2
21506,"FANCY FONT BIRTHDAY CARD,",0.42,Under 2
21507,ELEPHANT BIRTHDAY CARD,0.42,Under 2
21508,VINTAGE KID DOLLY CARD,0.42,Under 2
21509,COWBOYS AND INDIANS BIRTHDAY CARD,0.42,Under 2
21511,VINTAGE COLLAGE  GREETING  CARD,0.42,Under 2
21518,BANK ACCOUNT  GREETING  CARD,0.42,Under 2
21519,GIN & TONIC DIET GREETING CARD,0.42,Under 2
21520,BOOZE & WOMEN GREETING CARD,0.42,Under 2
21523,DOORMAT FANCY FONT HOME SWEET HOME,7.95,5-10
21524,DOORMAT SPOTTY HOME SWEET HOME,7.95,5-10
21525,BEWARE OF THE CAT DOORMAT,6.75,5-10
21527,RED RETROSPOT TRADITIONAL TEAPOT,7.95,5-10
21528,DAIRY MAID TRADITIONAL TEAPOT,6.95,5-10
21529,RED RETROSPOT TOASTRACK,3.45,2-5
21530,DAIRY MAID TOASTRACK,2.95,2-5
21531,RED RETROSPOT SUGAR JAM BOWL,2.55,2-5
21532,DAIRY MAID SUGAR JAM BOWL,2.1,2-5
21533,RETROSPOT LARGE MILK JUG,4.95,2-5
21534,DAIRY MAID LARGE MILK JUG,4.95,2-5
21535,RED RETROSPOT SMALL MILK JUG,2.55,2-5
21536,DAIRY MAID  SMALL  MILK JUG,2.1,2-5
21537,RED RETROSPOT PUDDING BOWL,4.25,2-5
21538,DAIRY MAID  PUDDING BOWL,3.75,2-5
21539,RED RETROSPOT BUTTER DISH,4.95,2-5
21540,DAIRY MAID BUTTER DISH,4.25,2-5
21541,DINOSAURS WATER TRANSFER TATTOOS,0.85,Under 2
21542,WOODLAND WATER TRANSFER TATTOOS,0.85,Under 2
21543,BUTTERFLY WATER TRANSFER TATTOOS,0.85,Under 2
21544,SKULLS  WATER TRANSFER TATTOOS,0.85,Under 2
21545,CERAMIC BIRDHOUSE BUTTERFLY SMALL,2.95,2-5
21547,CERAMIC BIRDHOUSE CRESTED TIT SMALL,2.95,2-5
21548,CERAMIC BIRDHOUSE FINCH BLUE ROOF,2.95,2-5
21549,CERAMIC BIRDHOUSE RED ROOF SMALL,2.95,2-5
21550,CERAMIC BIRDHOUSE CRESTED TIT LARGE,5.95,5-10
21551,CERAMIC BIRDHOUSE BUTTERFLY LARGE,5.95,5-10
21552,CERAMIC BIRDHOUSE BLACK ROSE  LARGE,5.95,5-10
21553,CERAMIC BIRDHOUSE FINCH BLUE  LARGE,5.95,5-10
21554,CERAMIC BIRDHOUSE RED ROOF LARGE,5.95,5-10
21555,CERAMIC STRAWBERRY TRINKET TRAY,2.55,2-5
21556,CERAMIC STRAWBERRY MONEY BOX,2.55,2-5
21557,SET OF 6 FUNKY BEAKERS,2.95,2-5
21558,SKULL LUNCH BOX WITH CUTLERY,2.55,2-5
21559,STRAWBERRY LUNCH BOX WITH CUTLERY,2.55,2-5
21560,TOADSTOOL  LUNCHBOX WITH CUTLERY,3.86,2-5
21561,DINOSAUR LUNCH BOX WITH CUTLERY,2.55,2-5
21562,HAWAIIAN GRASS SKIRT,1.25,Under 2
21563,RED HEART SHAPE LOVE BUCKET,2.95,2-5
21564,PINK  HEART SHAPE LOVE BUCKET,2.95,2-5
21576,LETS GO SHOPPING COTTON TOTE BAG,2.25,2-5
21577,SAVE THE PLANET COTTON TOTE BAG,2.25,2-5
21578,WOODLAND DESIGN  COTTON TOTE BAG,2.25,2-5
21579,LOLITA  DESIGN  COTTON TOTE BAG,2.25,2-5
21580,RABBIT  DESIGN  COTTON TOTE BAG,2.25,2-5
21581,SKULLS  DESIGN  COTTON TOTE BAG,2.25,2-5
21582,KINGS CHOICE SMALL TUBE MATCHES,1.65,Under 2
21584,RETROSPOT SMALL TUBE MATCHES,1.65,Under 2
21585,SWALLOW SMALL TUBE MATCHES,1.65,Under 2
21586,KINGS CHOICE GIANT TUBE MATCHES,2.55,2-5
21587,COSY HOUR GIANT TUBE MATCHES,2.55,2-5
21588,RETROSPOT GIANT TUBE MATCHES,2.55,2-5
21589,SWALLOW GIANT TUBE MATCHES,2.55,2-5
21590,KINGS CHOICE CIGAR BOX MATCHES,1.25,Under 2
21591,COSY HOUR CIGAR BOX MATCHES,1.25,Under 2
21592,RETROSPOT CIGAR BOX MATCHES,1.25,Under 2
21593,SWALLOW CIGAR BOX MATCHES,1.25,Under 2
21594,DR. JAM'S AROUZER STRESS BALL,4.21,2-5
21595,DAD'S CAB ELECTRONIC METER,8.47,5-10
21596,HYPOCHONDRIAC PILL STRESS BALL,4.3,2-5
21609,SET 12 LAVENDER  BOTANICAL T-LIGHTS,2.95,2-5
21610,SET 12 PEAR BOTANICAL T-LIGHTS,2.95,2-5
21611,SET OF 12 LILY BOTANICAL T-LIGHTS,2.95,2-5
21612,SET 12 WILDFLOWER BOTANICAL T-LIGHT,2.95,2-5
21613,S/12 VANILLA  BOTANICAL T-LIGHTS,2.95,2-5
21614,SET OF 12 ROSE BOTANICAL T-LIGHTS,2.95,2-5
21615,4 LAVENDER BOTANICAL DINNER CANDLES,2.46,2-5
21616,4 PEAR BOTANICAL DINNER CANDLES,2.46,2-5
21617,4 LILY  BOTANICAL DINNER CANDLES,3.75,2-5
21618,4 WILDFLOWER BOTANICAL CANDLES,3.29,2-5
21619,4 VANILLA BOTANICAL CANDLES,2.46,2-5
21620,SET OF 4 ROSE BOTANICAL CANDLES,2.46,2-5
21621,VINTAGE UNION JACK BUNTING,8.5,5-10
21622,VINTAGE UNION JACK CUSHION COVER,4.95,2-5
21623,VINTAGE UNION JACK MEMOBOARD,9.95,5-10
21624,VINTAGE UNION JACK DOORSTOP,5.95,5-10
21625,VINTAGE UNION JACK APRON,6.95,5-10
21626,VINTAGE UNION JACK PENNANT,1.95,Under 2
21627,ELEPHANT CARNIVAL POUFFE,29.17,10+
21628,TRIANGULAR POUFFE VINTAGE,29.17,10+
21629,SQUARE FLOOR CUSHION VINTAGE RED,7.95,5-10
21630,FLOOR CUSHION ELEPHANT CARNIVAL,8.95,5-10
21631,HIPPY CHIC DECORATIVE PARASOL,12.75,10+
21632,VINTAGE PINK DECORATIVE PARASOL,12.75,10+
21633,SUNFLOWER DECORATIVE PARASOL,12.75,10+
21634,ASSORTED MINI MADRAS NOTEBOOK,1.25,Under 2
21635,MADRAS NOTEBOOK LARGE,3.75,2-5
21636,MADRAS NOTEBOOK MEDIUM,0.75,Under 2
21637,ASSORTED SANSKRIT MINI NOTEBOOK,1.25,Under 2
21638,ASSORTED TUTTI FRUTTI NOTEBOOK,2.1,2-5
21639,ASSORTED TUTTI FRUTTI KEYRING,0.85,Under 2
21640,ASSORTED TUTTI FRUTTI  FOB NOTEBOOK,0.85,Under 2
21641,ASSORTED TUTTI FRUTTI KEYRING BALL,1.63,Under 2
21642,ASSORTED TUTTI FRUTTI PEN,0.85,Under 2
21643,ASSORTED TUTTI FRUTTI MIRROR,1.25,Under 2
21644,ASSORTED TUTTI FRUTTI HEART BOX,1.25,Under 2
21645,ASSORTED TUTTI FRUTTI ROUND BOX,1.65,Under 2
21647,ASSORTED TUTTI FRUTTI LARGE PURSE,2.1,2-5
21648,ASSORTED TUTTI FRUTTI SMALL PURSE,1.25,Under 2
21649,ASSORTED TUTTI FRUTTI PHOTO FRAME,2.95,2-5
21650,ASSORTED TUTTI FRUTTI BRACELET,0.65,Under 2
21651,HANGING GLASS ETCHED TEALIGHT,1.65,Under 2
21652,GLASS ETCHED T-LIGHT HOLDER MEDIUM,1.95,Under 2
21653,GLASS ETCHED T-LIGHT HOLDER LARGE,2.1,2-5
21654,RIDGED GLASS FINGER BOWL,1.45,Under 2
21655,HANGING RIDGE GLASS T-LIGHT HOLDER,1.69,Under 2
21656,RIDGED GLASS POSY VASE,1.45,Under 2
21657,MILK BOTTLE WITH GLASS STOPPER,6.95,5-10
21658,GLASS  BEURRE DISH,3.95,2-5
21659,GLASS CAKE STAND,14.95,10+
21661,VINTAGE GLASS TEA CADDY,5.95,5-10
21662,VINTAGE GLASS COFFEE CADDY,5.95,5-10
21663,VINTAGE GLASS SUGAR CADDY,5.95,5-10
21664,RIDGED GLASS STORAGE JAR CREAM LID,3.75,2-5
21665,TRIANGULAR RIDGED GLASS POSY HOLDER,0.65,Under 2
21666,RIDGED GLASS T-LIGHT HOLDER,0.65,Under 2
21667,GLASS CAKE COVER AND PLATE,16.95,10+
21668,RED STRIPE CERAMIC DRAWER KNOB,1.25,Under 2
21669,BLUE STRIPE CERAMIC DRAWER KNOB,1.25,Under 2
21670,BLUE SPOT CERAMIC DRAWER KNOB,1.25,Under 2
21671,RED SPOT CERAMIC DRAWER KNOB,1.25,Under 2
21672,WHITE SPOT RED CERAMIC DRAWER KNOB,1.25,Under 2
21673,WHITE SPOT BLUE CERAMIC DRAWER KNOB,1.25,Under 2
21674,RIDGED GLASS PENDANT LAMPSHADE,16.95,10+
21675,BUTTERFLIES STICKERS,0.85,Under 2
21676,FLOWERS  STICKERS,0.85,Under 2
21677,HEARTS  STICKERS,0.85,Under 2
21678,PAISLEY PATTERN  STICKERS,0.85,Under 2
21679,SKULLS  STICKERS,0.85,Under 2
21680,WOODLAND  STICKERS,0.85,Under 2
21681,GIANT MEDINA STAMPED METAL BOWL,9.95,5-10
21682,LARGE MEDINA STAMPED METAL BOWL,4.95,2-5
21683,MEDIUM MEDINA STAMPED METAL BOWL,2.95,2-5
21684,SMALL MEDINA STAMPED METAL BOWL,0.85,Under 2
21685,MEDINA STAMPED METAL TRAY,14.95,10+
21686,MEDINA STAMPED METAL STOOL,39.95,10+
21687,SILVER PLATE CANDLE BOWL LARGE,3.75,2-5
21688,SILVER PLATE CANDLE BOWL SMALL,2.95,2-5
21689,SILVER VANILLA  FLOWER CANDLE POT,3.75,2-5
21690,SILVER  CANDLEPOT JARDIN,3.75,2-5
21691,SILVER VANILLA FLOWER CANDLE POT,3.75,2-5
21692,SILVER LATTICE VANILLA CANDLE POT,3.75,2-5
21693,SMALL HAMMERED SILVER CANDLEPOT,2.95,2-5
21694,SMALL REGAL  SILVER CANDLEPOT,2.95,2-5
21695,SMALL SILVER FLOWER CANDLE POT,2.95,2-5
21696,SMALL SILVER TRELLIS CANDLEPOT,2.95,2-5
21697,SET 5 MINI DOUGHNUT FRIDGE MAGNET,1.69,Under 2
21698,MOCK LOBSTER FRIDGE MAGNET,1.63,Under 2
21699,SET 5 MINI CHOCOLATE FRIDGE MAGNETS,1.69,Under 2
21700,BIG DOUGHNUT FRIDGE MAGNETS,0.85,Under 2
21702,SET 5 MINI GATEAUX  FRIDGE MAGNETS,1.69,Under 2
21703,BAG 125G SWIRLY MARBLES,0.42,Under 2
21704,BAG 250G SWIRLY MARBLES,0.85,Under 2
21705,BAG 500G SWIRLY MARBLES,1.65,Under 2
21706,FOLDING UMBRELLA RED/WHITE POLKADOT,4.95,2-5
21707,FOLDING UMBRELLA BLACKBLUE POLKADOT,4.95,2-5
21708,FOLDING UMBRELLA CREAM POLKADOT,4.95,2-5
21709,FOLDING UMBRELLA CHOCOLATE POLKADOT,4.95,2-5
21710,FOLDING UMBRELLA PINKWHITE POLKADOT,4.95,2-5
21711,FOLDING UMBRELLA WHITE/RED POLKADOT,4.95,2-5
21713,CITRONELLA CANDLE FLOWERPOT,2.1,2-5
21714,CITRONELLA CANDLE GARDEN POT,1.25,Under 2
21715,GIRLS VINTAGE TIN SEASIDE BUCKET,2.55,2-5
21716,BOYS VINTAGE TIN SEASIDE BUCKET,2.55,2-5
21717,EASTER TIN BUCKET,2.55,2-5
21718,RED METAL BEACH SPADE,1.25,Under 2
21719,LOVELY BONBON STICKER SHEET,0.85,Under 2
21720,CAKE SHOP  STICKER SHEET,0.85,Under 2
21721,CANDY SHOP  STICKER SHEET,0.85,Under 2
21722,SWEET PUDDING STICKER SHEET,0.85,Under 2
21723,ALPHABET HEARTS STICKER SHEET,0.85,Under 2
21724,PANDA AND BUNNIES STICKER SHEET,0.85,Under 2
21725,SWEETIES  STICKERS,0.85,Under 2
21726,MULTI HEARTS  STICKERS,0.85,Under 2
21728,METAL MEDINA LANTERN,12.75,10+
21729,SMALL MARAKESH METAL  LANTERN,3.25,2-5
21730,GLASS STAR FROSTED T-LIGHT HOLDER,4.95,2-5
21731,RED TOADSTOOL LED NIGHT LIGHT,1.65,Under 2
21732,RED HANGING METAL STAR TLIGHT HLDR,3.75,2-5
21733,RED HANGING HEART T-LIGHT HOLDER,2.95,2-5
21734,SMALL MARAKESH LANTERN ON STICK,5.6850000000000005,5-10
21735,TWO DOOR CURIO CABINET,12.75,10+
21736,GOLD SCROLL GLASS T-LIGHT HOLDER,2.1,2-5
21737,SET 3 WICKER LOG BASKETS,19.95,10+
21738,COSY SLIPPER SHOES SMALL  RED,2.95,2-5
21739,COSY SLIPPER SHOES SMALL GREEN,2.95,2-5
21740,COSY SLIPPER SHOES LARGE RED,2.95,2-5
21741,COSY SLIPPER SHOES LARGE GREEN,2.95,2-5
21742,LARGE ROUND WICKER PLATTER,5.95,5-10
21743,STAR PORTABLE TABLE LIGHT,2.95,2-5
21744,SNOWFLAKE PORTABLE TABLE LIGHT,2.95,2-5
21745,GAOLERS KEYS DECORATIVE GARDEN,3.75,2-5
21746,SMALL RED RETROSPOT WINDMILL,1.25,Under 2
21747,SMALL SKULL WINDMILL,1.25,Under 2
21749,LARGE RED RETROSPOT WINDMILL,2.1,2-5
21750,LARGE SKULL WINDMILL,2.1,2-5
21752,GLASS CAKE STAND MIRRORED BASE,14.95,10+
21754,HOME BUILDING BLOCK WORD,5.95,5-10
21755,LOVE BUILDING BLOCK WORD,5.95,5-10
21756,BATH BUILDING BLOCK WORD,5.95,5-10
21757,LIGHTHOUSE PRINTED METAL SIGN,4.95,2-5
21758,VINTAGE SHELLS PRINT,6.45,5-10
21759,METAL WALL SHELF UNIT WITH HOOKS,49.95,10+
21760,FRENCH STYLE WALL DRESSER,125.0,10+
21761,WOOD AND GLASS MEDICINE CABINET,29.95,10+
21763,VINTAGE WOODEN BAR STOOL,29.95,10+
21764,VINTAGE WOODEN PLATE RACK,39.95,10+
21765,HANGING METAL BIRD BATH,7.95,5-10
21767,FRENCH STYLE WIRE DOOR CABINET,29.95,10+
21768,WALL MOUNTED VINTAGE ORGANISER,14.95,10+
21769,VINTAGE POST OFFICE CABINET,79.95,10+
21770,OPEN CLOSED METAL SIGN,4.95,2-5
21772,VINTAGE METAL CAKE STAND CREAM,12.75,10+
21773,DECORATIVE ROSE BATHROOM BOTTLE,2.46,2-5
21774,DECORATIVE CATS BATHROOM BOTTLE,2.46,2-5
21775,DECORATIVE FLORE BATHROOM BOTTLE,2.46,2-5
21777,RECIPE BOX WITH METAL HEART,7.95,5-10
21779,MA CAMPAGNE MINI WOODEN CHEST,2.95,2-5
21780,MA CAMPAGNE 4 DRAWER WALL SHELF,11.14,10+
21781,MA CAMPAGNE CUTLERY BOX,14.95,10+
21784,SHOE SHINE BOX,9.95,5-10
21785,RAIN PONCHO,0.85,Under 2
21786,POLKADOT RAIN HAT,0.79,Under 2
21787,RAIN PONCHO RETROSPOT,0.85,Under 2
21788,KIDS RAIN MAC BLUE,0.85,Under 2
21789,KIDS RAIN MAC PINK,0.85,Under 2
21790,VINTAGE SNAP CARDS,0.85,Under 2
21791,VINTAGE HEADS AND TAILS CARD GAME,1.25,Under 2
21792,CLASSIC FRENCH STYLE BASKET GREEN,6.75,5-10
21793,CLASSIC FRENCH STYLE BASKET BROWN,3.95,2-5
21794,CLASSIC FRENCH STYLE BASKET NATURAL,6.75,5-10
21795,SET OF 3 BLUE STRIPE BASKET,12.75,10+
21796,SET OF 3 RED STRIPE BASKETS,12.75,10+
21801,CHRISTMAS TREE DECORATION WITH BELL,0.42,Under 2
21802,CHRISTMAS TREE HEART DECORATION,0.42,Under 2
21803,CHRISTMAS TREE STAR DECORATION,0.42,Under 2
21804,WHITE CHRISTMAS GARLAND STARS TREES,3.75,2-5
21805,WHITE CHRISTMAS TREE DECORATION,0.42,Under 2
21806,WHITE CHRISTMAS HEART DECORATION,0.42,Under 2
21807,WHITE CHRISTMAS STAR DECORATION,0.42,Under 2
21808,"CHRISTMAS GARLAND STARS,TREES",3.75,2-5
21809,CHRISTMAS HANGING TREE WITH BELL,1.25,Under 2
21810,CHRISTMAS HANGING STAR WITH BELL,0.83,Under 2
21811,HANGING HEART WITH BELL,1.25,Under 2
21812,GARLAND WITH HEARTS AND BELLS,4.95,2-5
21813,GARLAND WITH STARS AND BELLS,4.95,2-5
21814,HEART T-LIGHT HOLDER,1.45,Under 2
21815,STAR  T-LIGHT HOLDER,1.45,Under 2
21816,CHRISTMAS TREE T-LIGHT HOLDER,1.45,Under 2
21817,GLITTER CHRISTMAS TREE,0.85,Under 2
21818,GLITTER HEART DECORATION,0.85,Under 2
21819,GLITTER CHRISTMAS STAR,0.85,Under 2
21820,GLITTER HEART GARLAND WITH BELLS,3.75,2-5
21821,GLITTER STAR GARLAND WITH BELLS,3.75,2-5
21822,GLITTER CHRISTMAS TREE WITH BELLS,1.63,Under 2
21823,PAINTED METAL HEART WITH HOLLY BELL,1.45,Under 2
21824,PAINTED METAL STAR WITH HOLLY BELLS,1.45,Under 2
21825,PAINTED METAL TREE WITH HOLLY BELLS,1.45,Under 2
21826,EIGHT PIECE DINOSAUR SET,1.25,Under 2
21827,EIGHT PIECE CREEPY CRAWLIE SET,1.25,Under 2
21828,EIGHT PIECE SNAKE  SET,1.25,Under 2
21829,DINOSAUR KEYRINGS ASSORTED,0.21,Under 2
21830,ASSORTED CREEPY CRAWLIES,0.42,Under 2
21832,CHOCOLATE CALCULATOR,1.65,Under 2
21833,CAMOUFLAGE LED TORCH,1.69,Under 2
21836,GINGHAM OVEN GLOVE RED HEART,3.75,2-5
21837,CROSS STITCH ALPHABET CUSHION COVER,5.95,5-10
21838,DADDY MOUSE RED GINGHAM BOW TIE,5.45,5-10
21839,MUMMY MOUSE RED GINGHAM RIBBON,5.45,5-10
21841,BABY MOUSE RED GINGHAM DRESS,4.25,2-5
21842,PINK HEART CANDY BUTTON CALCULATOR,2.55,2-5
21843,RED RETROSPOT CAKE STAND,10.95,10+
21844,RED RETROSPOT MUG,2.95,2-5
21845,DAIRY MAID STRIPE MUG,2.95,2-5
21846,PINK DIAMANTE PEN IN GIFT BOX,4.21,2-5
21847,GREEN  DIAMANTE PEN IN GIFT BOX,2.57,2-5
21849,SILVER DIAMANTE PEN IN GIFT BOX,4.21,2-5
21850,BLUE  DIAMANTE PEN IN GIFT BOX,4.21,2-5
21851,LILAC DIAMANTE PEN IN GIFT BOX,4.21,2-5
21852,EMPIRE TEDDY,6.95,5-10
21853,GUMBALL CUSTOM CARS TOP TRUMPS GAME,5.17,5-10
21854,EURO FOOTBALL STARS TOP TRUMPS GAME,5.17,5-10
21857,STAR WARS TOP TRUMPS GAME,5.115,5-10
21858,HIGH SCHOOL MUSICAL 3 TOP TRUMPS,5.115,5-10
21860,DR WHO TOP TRUMPS GAME,5.17,5-10
21864,UNION JACK FLAG PASSPORT COVER,2.1,2-5
21865,PINK UNION JACK  PASSPORT COVER,2.1,2-5
21866,UNION JACK FLAG LUGGAGE TAG,1.25,Under 2
21867,PINK UNION JACK  LUGGAGE TAG,1.25,Under 2
21868,POTTING SHED TEA MUG,1.25,Under 2
21869,POTTING SHED COFFEE MUG,1.25,Under 2
21870,I CAN ONLY PLEASE ONE PERSON MUG,1.25,Under 2
21871,SAVE THE PLANET MUG,1.25,Under 2
21872,GLAMOROUS  MUG,1.25,Under 2
21873,IF YOU CAN'T STAND THE HEAT MUG,1.25,Under 2
21874,GIN AND TONIC MUG,1.25,Under 2
21875,KINGS CHOICE MUG,1.25,Under 2
21876,POTTERING MUG,1.25,Under 2
21877,HOME SWEET HOME MUG,1.25,Under 2
21878,PACK OF 6 SANDCASTLE FLAGS ASSORTED,0.85,Under 2
21879,HEARTS GIFT TAPE,0.65,Under 2
21880,RED RETROSPOT TAPE,0.65,Under 2
21881,CUTE CATS TAPE,0.65,Under 2
21882,SKULLS TAPE,0.65,Under 2
21883,STARS GIFT TAPE,0.65,Under 2
21884,CAKES AND BOWS GIFT  TAPE,0.65,Under 2
21888,BINGO SET,3.75,2-5
21889,WOODEN BOX OF DOMINOES,1.25,Under 2
21890,S/6 WOODEN SKITTLES IN COTTON BAG,2.95,2-5
21891,TRADITIONAL WOODEN SKIPPING ROPE,1.25,Under 2
21892,TRADITIONAL WOODEN CATCH CUP GAME,1.25,Under 2
21893,POTTING SHED SEED TIN,4.25,2-5
21894,POTTING SHED SEED ENVELOPES,1.25,Under 2
21895,POTTING SHED SOW 'N' GROW SET,4.25,2-5
21896,POTTING SHED TWINE,2.1,2-5
21897,POTTING SHED CANDLE CITRONELLA,2.95,2-5
21898,POTTING SHED ROSE CANDLE,2.95,2-5
21899,GARAGE KEY FOB,0.65,Under 2
21900,"KEY FOB , SHED",0.65,Under 2
21901,"KEY FOB , BACK DOOR",0.65,Under 2
21902,"KEY FOB , FRONT  DOOR",0.65,Under 2
21903,MAN FLU METAL SIGN,2.1,2-5
21904,HOUSE WRECKING METAL SIGN,2.1,2-5
21905,MORE BUTTER METAL SIGN,1.66,Under 2
21906,PHARMACIE FIRST AID TIN,6.75,5-10
21907,I'M ON HOLIDAY METAL SIGN,2.1,2-5
21908,CHOCOLATE THIS WAY METAL SIGN,2.1,2-5
21910,WAY OUT METAL SIGN,1.65,Under 2
21911,GARDEN METAL SIGN,1.65,Under 2
21912,VINTAGE SNAKES & LADDERS,3.75,2-5
21913,VINTAGE SEASIDE JIGSAW PUZZLES,3.75,2-5
21914,BLUE HARMONICA IN BOX,1.25,Under 2
21915,RED  HARMONICA IN BOX,1.25,Under 2
21916,SET 12 RETRO WHITE CHALK STICKS,0.42,Under 2
21917,SET 12 KIDS  WHITE CHALK STICKS,0.42,Under 2
21918,SET 12 KIDS COLOUR  CHALK STICKS,0.42,Under 2
21919,ELECTRONIC TALKING BREATH-A-LOSER,5.06,5-10
21922,UNION STRIPE WITH FRINGE  HAMMOCK,7.95,5-10
21923,RED/CREAM STRIPE FRINGE HAMMOCK,7.95,5-10
21924,BLUE/CREAM STRIPE FRINGE HAMMOCK,7.95,5-10
21925,UNION STRIPE CUSHION COVER,1.25,Under 2
21926,RED/CREAM STRIPE CUSHION COVER,1.25,Under 2
21927,BLUE/CREAM STRIPE CUSHION COVER,1.25,Under 2
21928,JUMBO BAG SCANDINAVIAN BLUE PAISLEY,1.95,Under 2
21929,JUMBO BAG PINK VINTAGE PAISLEY,1.95,Under 2
21930,JUMBO STORAGE BAG SKULLS,1.95,Under 2
21931,JUMBO STORAGE BAG SUKI,1.95,Under 2
21932,SCANDINAVIAN PAISLEY PICNIC BAG,2.46,2-5
21933,PINK VINTAGE PAISLEY PICNIC BAG,2.46,2-5
21934,SKULL SHOULDER BAG,1.65,Under 2
21935,SUKI  SHOULDER BAG,1.65,Under 2
21936,RED RETROSPOT PICNIC BAG,2.95,2-5
21937,STRAWBERRY   PICNIC BAG,2.95,2-5
21942,SKULLS DESIGN FLANNEL,1.63,Under 2
21943,CAKES AND RABBITS DESIGN FLANNEL,0.85,Under 2
21944,KITTENS DESIGN FLANNEL,0.85,Under 2
21945,STRAWBERRIES  DESIGN FLANNEL,1.63,Under 2
21946,PARTY TIME DESIGN FLANNEL,0.85,Under 2
21947,SET OF 6 HEART CHOPSTICKS,1.25,Under 2
21948,SET OF 6 CAKE CHOPSTICKS,2.46,2-5
21949,SET OF 6 STRAWBERRY CHOPSTICKS,1.25,Under 2
21950,SET OF 6 DOTS CHOPSTICKS,2.57,2-5
21955,DOORMAT UNION JACK GUNS AND ROSES,7.49,5-10
21967,PACK OF 12 SKULL TISSUES,0.29,Under 2
21972,SET OF 36 DINOSAUR PAPER DOILIES,1.45,Under 2
21973,SET OF 36 MUSHROOM PAPER DOILIES,1.45,Under 2
21974,SET OF 36 PAISLEY FLOWER DOILIES,1.45,Under 2
21975,PACK OF 60 DINOSAUR CAKE CASES,0.55,Under 2
21976,PACK OF 60 MUSHROOM CAKE CASES,0.55,Under 2
21977,PACK OF 60 PINK PAISLEY CAKE CASES,0.55,Under 2
21980,PACK OF 12 RED RETROSPOT TISSUES,0.29,Under 2
21981,PACK OF 12 WOODLAND TISSUES,0.29,Under 2
21982,PACK OF 12 SUKI TISSUES,0.29,Under 2
21983,PACK OF 12 BLUE PAISLEY TISSUES,0.29,Under 2
21984,PACK OF 12 PINK PAISLEY TISSUES,0.29,Under 2
21985,PACK OF 12 HEARTS DESIGN TISSUES,0.29,Under 2
21986,PACK OF 12 PINK POLKADOT TISSUES,0.29,Under 2
21987,PACK OF 6 SKULL PAPER CUPS,0.65,Under 2
21988,PACK OF 6 SKULL PAPER PLATES,0.85,Under 2
21989,PACK OF 20 SKULL PAPER NAPKINS,0.85,Under 2
21990,MODERN FLORAL STATIONERY SET,2.46,2-5
21991,BOHEMIAN COLLAGE STATIONERY SET,2.46,2-5
21992,VINTAGE PAISLEY STATIONERY SET,2.46,2-5
21993,FLORAL FOLK STATIONERY SET,2.46,2-5
22016,DOTCOMGIFTSHOP GIFT VOUCHER £100.00,83.33,10+
22021,BLUE FELT EASTER EGG BASKET,1.65,Under 2
22023,EMPIRE BIRTHDAY CARD,0.42,Under 2
22024,RAINY LADIES BIRTHDAY CARD,0.42,Under 2
22025,RING OF ROSES BIRTHDAY CARD,0.42,Under 2
22026,BANQUET BIRTHDAY  CARD,0.42,Under 2
22027,TEA PARTY BIRTHDAY CARD,0.42,Under 2
22028,PENNY FARTHING BIRTHDAY CARD,0.42,Under 2
22029,SPACEBOY BIRTHDAY CARD,0.42,Under 2
22030,SWALLOWS GREETING CARD,0.42,Under 2
22031,BOTANICAL LAVENDER BIRTHDAY CARD,0.42,Under 2
22032,BOTANICAL LILY GREETING CARD,0.42,Under 2
22033,BOTANICAL ROSE GREETING CARD,0.42,Under 2
22034,ROBIN CHRISTMAS CARD,0.42,Under 2
22035,VINTAGE CARAVAN GREETING CARD,0.42,Under 2
22036,DINOSAUR BIRTHDAY CARD,0.42,Under 2
22037,ROBOT BIRTHDAY CARD,0.42,Under 2
22038,BOTANICAL LAVENDER GIFT WRAP,0.42,Under 2
22039,BOTANICAL LILY GIFT WRAP,0.42,Under 2
22040,BOTANICAL ROSE GIFT WRAP,0.42,Under 2
22041,"RECORD FRAME 7"" SINGLE SIZE",2.55,2-5
22042,CHRISTMAS CARD SINGING ANGEL,0.42,Under 2
22043,CHRISTMAS CARD SCREEN PRINT,0.42,Under 2
22044,CHRISTMAS CARD STACK OF PRESENTS,0.42,Under 2
22045,SPACEBOY GIFT WRAP,0.42,Under 2
22046,TEA PARTY  WRAPPING PAPER,0.42,Under 2
22047,EMPIRE GIFT WRAP,0.42,Under 2
22048,BIRTHDAY BANQUET GIFT WRAP,0.42,Under 2
22049,WRAP CHRISTMAS SCREEN PRINT,0.19,Under 2
22050,PINK PAISLEY ROSE GIFT WRAP,0.42,Under 2
22051,BLUE SCANDINAVIAN PAISLEY WRAP,0.42,Under 2
22052,VINTAGE CARAVAN GIFT WRAP,0.42,Under 2
22053,EMPIRE DESIGN ROSETTE,1.25,Under 2
22054,MINI CAKE STAND HANGING HEARTS,1.65,Under 2
22055,MINI CAKE STAND  HANGING STRAWBERY,1.65,Under 2
22056,CERAMIC PLATE LOVE HEART DESIGN,1.49,Under 2
22057,CERAMIC PLATE STRAWBERRY DESIGN,1.49,Under 2
22058,CERAMIC LOVE HEARTS DESIGN MUG,1.49,Under 2
22059,CERAMIC STRAWBERRY DESIGN MUG,1.49,Under 2
22060,LARGE CAKE STAND HANGING HEARTS,9.95,5-10
22061,LARGE CAKE STAND  HANGING STRAWBERY,9.95,5-10
22062,CERAMIC BOWL WITH LOVE HEART DESIGN,2.46,2-5
22063,CERAMIC BOWL WITH STRAWBERRY DESIGN,2.95,2-5
22064,PINK DOUGHNUT TRINKET POT,1.65,Under 2
22065,CHRISTMAS PUDDING TRINKET POT,1.45,Under 2
22066,LOVE HEART TRINKET POT,1.45,Under 2
22067,CHOC TRUFFLE GOLD TRINKET POT,1.65,Under 2
22068,BLACK PIRATE TREASURE CHEST,1.65,Under 2
22069,BROWN  PIRATE TREASURE CHEST,3.36,2-5
22070,SMALL RED RETROSPOT MUG IN BOX,3.75,2-5
22071,SMALL WHITE RETROSPOT MUG IN BOX,3.75,2-5
22072,RED RETROSPOT TEA CUP AND SAUCER,3.75,2-5
22073,RED RETROSPOT STORAGE JAR,3.75,2-5
22074,6 RIBBONS SHIMMERING PINKS,1.65,Under 2
22075,6 RIBBONS ELEGANT CHRISTMAS,1.65,Under 2
22076,6 RIBBONS EMPIRE,1.65,Under 2
22077,6 RIBBONS RUSTIC CHARM,1.65,Under 2
22078,RIBBON REEL LACE DESIGN,2.1,2-5
22079,RIBBON REEL HEARTS DESIGN,1.65,Under 2
22080,RIBBON REEL POLKADOTS,1.65,Under 2
22081,RIBBON REEL FLORA + FAUNA,1.65,Under 2
22082,RIBBON REEL STRIPES DESIGN,1.65,Under 2
22083,PAPER CHAIN KIT RETROSPOT,2.95,2-5
22084,PAPER CHAIN KIT EMPIRE,2.95,2-5
22085,PAPER CHAIN KIT SKULLS,2.95,2-5
22086,PAPER CHAIN KIT 50'S CHRISTMAS,2.95,2-5
22087,PAPER BUNTING WHITE LACE,2.95,2-5
22088,PAPER BUNTING COLOURED LACE,2.95,2-5
22089,PAPER BUNTING VINTAGE PAISLEY,2.95,2-5
22090,PAPER BUNTING RETROSPOT,2.95,2-5
22091,EMPIRE TISSUE BOX,1.25,Under 2
22092,BLUE PAISLEY TISSUE BOX,0.39,Under 2
22093,MOTORING TISSUE BOX,1.25,Under 2
22094,RED RETROSPOT TISSUE BOX,1.25,Under 2
22095,LADS ONLY TISSUE BOX,1.25,Under 2
22096,PINK PAISLEY SQUARE TISSUE BOX,0.39,Under 2
22097,SWALLOW SQUARE TISSUE BOX,1.25,Under 2
22098,BOUDOIR SQUARE TISSUE BOX,1.25,Under 2
22099,CARAVAN SQUARE TISSUE BOX,1.25,Under 2
22100,SKULLS SQUARE TISSUE BOX,1.25,Under 2
22101,MIRROR MOSAIC VOTIVE HOLDER,2.46,2-5
22102,MIRROR MOSAIC T-LIGHT HOLDER,1.65,Under 2
22103,MIRROR MOSAIC T-LIGHT HOLDER ROUND,1.65,Under 2
22104,MIRROR MOSAIC CANDLE PLATE,1.63,Under 2
22105,MIRROR MOSAIC GOBLET CANDLE HOLDER,4.21,2-5
22106,MIRROR MOSAIC HURRICANE LAMP,5.06,5-10
22107,PIZZA PLATE IN BOX,3.75,2-5
22108,PING! MICROWAVE PLATE,3.36,2-5
22109,FULL ENGLISH BREAKFAST PLATE,3.75,2-5
22110,BIRD HOUSE HOT WATER BOTTLE,2.55,2-5
22111,SCOTTIE DOG HOT WATER BOTTLE,4.95,2-5
22112,CHOCOLATE HOT WATER BOTTLE,4.95,2-5
22113,GREY HEART HOT WATER BOTTLE,3.75,2-5
22114,HOT WATER BOTTLE TEA AND SYMPATHY,3.95,2-5
22115,METAL SIGN EMPIRE TEA,2.95,2-5
22116,METAL SIGN HIS DINNER IS SERVED,1.63,Under 2
22117,METAL SIGN HER DINNER IS SERVED,2.95,2-5
22118,JOY WOODEN BLOCK LETTERS,4.95,2-5
22119,PEACE WOODEN BLOCK LETTERS,6.95,5-10
22120,WELCOME  WOODEN BLOCK LETTERS,9.95,5-10
22121,NOEL WOODEN BLOCK LETTERS,5.95,5-10
22122,SET OF 2 FANCY FONT TEA TOWELS,2.95,2-5
22123,PING MICROWAVE APRON,4.13,2-5
22124,SET OF 2 TEA TOWELS PING MICROWAVE,2.51,2-5
22125,UNION JACK HOT WATER BOTTLE,5.95,5-10
22127,PARTY CONES CARNIVAL ASSORTED,1.25,Under 2
22128,PARTY CONES CANDY ASSORTED,1.25,Under 2
22129,PARTY CONES CANDY DECORATION,0.85,Under 2
22130,PARTY CONE CHRISTMAS DECORATION,0.85,Under 2
22131,FOOD CONTAINER SET 3 LOVE HEART,1.95,Under 2
22132,RED LOVE HEART SHAPE CUP,0.85,Under 2
22133,PINK LOVE HEART SHAPE CUP,0.85,Under 2
22134,MINI LADLE LOVE HEART RED,0.83,Under 2
22135,MINI LADLE LOVE HEART PINK,0.83,Under 2
22136,LOVE HEART SOCK HANGER,1.65,Under 2
22137,BATHROOM SET LOVE HEART DESIGN,2.95,2-5
22138,BAKING SET 9 PIECE RETROSPOT,4.95,2-5
22139,RETROSPOT TEA SET CERAMIC 11 PC,4.95,2-5
22141,CHRISTMAS CRAFT TREE TOP ANGEL,2.1,2-5
22142,CHRISTMAS CRAFT WHITE FAIRY,1.45,Under 2
22143,CHRISTMAS CRAFT HEART DECORATIONS,2.1,2-5
22144,CHRISTMAS CRAFT LITTLE FRIENDS,2.1,2-5
22145,CHRISTMAS CRAFT HEART STOCKING,2.1,2-5
22146,EASTER CRAFT IVY WREATH WITH CHICK,1.95,Under 2
22147,FELTCRAFT BUTTERFLY HEARTS,1.45,Under 2
22148,EASTER CRAFT 4 CHICKS,1.95,Under 2
22149,FELTCRAFT 6 FLOWER FRIENDS,2.1,2-5
22150,3 STRIPEY MICE FELTCRAFT,1.95,Under 2
22151,PLACE SETTING WHITE HEART,0.42,Under 2
22152,PLACE SETTING WHITE STAR,0.42,Under 2
22153,ANGEL DECORATION STARS ON DRESS,0.42,Under 2
22154,ANGEL DECORATION 3 BUTTONS,0.42,Under 2
22155,STAR DECORATION RUSTIC,0.42,Under 2
22156,HEART DECORATION WITH PEARLS,0.85,Under 2
22157,ANGEL DECORATION WITH LACE PADDED,0.85,Under 2
22158,3 HEARTS HANGING DECORATION RUSTIC,2.95,2-5
22161,HEART DECORATION RUSTIC HANGING,0.79,Under 2
22162,HEART GARLAND RUSTIC PADDED,2.95,2-5
22163,HEART STRING MEMO HOLDER HANGING,2.95,2-5
22164,STRING OF STARS CARD HOLDER,2.95,2-5
22165,"DIAMANTE HEART SHAPED WALL MIRROR,",12.75,10+
22166,WALL MIRROR RECTANGLE DIAMANTE PINK,15.79,10+
22167,OVAL WALL MIRROR DIAMANTE,9.95,5-10
22168,ORGANISER WOOD ANTIQUE WHITE,8.5,5-10
22169,FAMILY ALBUM WHITE PICTURE FRAME,8.5,5-10
22170,PICTURE FRAME WOOD TRIPLE PORTRAIT,6.75,5-10
22171,3 HOOK PHOTO SHELF ANTIQUE WHITE,8.5,5-10
22172,METAL SHELF WITH RAIL,8.5,5-10
22173,METAL 4 HOOK HANGER FRENCH CHATEAU,2.95,2-5
22174,PHOTO CUBE,1.65,Under 2
22175,PINK OWL SOFT TOY,2.95,2-5
22176,BLUE OWL SOFT TOY,2.95,2-5
22177,5 HOOK BLACKBOARD ORGANISER,9.95,5-10
22178,VICTORIAN GLASS HANGING T-LIGHT,1.25,Under 2
22179,SET 10 NIGHT OWL LIGHTS,6.75,5-10
22180,RETROSPOT LAMP,9.95,5-10
22181,SNOWSTORM PHOTO FRAME FRIDGE MAGNET,0.85,Under 2
22182,CAKE STAND VICTORIAN FILIGREE SMALL,4.21,2-5
22183,CAKE STAND VICTORIAN FILIGREE MED,5.91,5-10
22184,CAKE STAND VICTORIAN FILIGREE LARGE,8.5,5-10
22185,SLATE TILE NATURAL HANGING,1.65,Under 2
22186,RED STAR CARD HOLDER,2.95,2-5
22187,GREEN CHRISTMAS TREE CARD HOLDER,4.25,2-5
22188,BLACK HEART CARD HOLDER,3.95,2-5
22189,CREAM HEART CARD HOLDER,3.95,2-5
22190,LOCAL CAFE MUG,2.1,2-5
22191,IVORY DINER WALL CLOCK,8.5,5-10
22192,BLUE DINER WALL CLOCK,8.5,5-10
22193,RED DINER WALL CLOCK,8.5,5-10
22194,BLACK DINER WALL CLOCK,8.5,5-10
22195,LARGE HEART MEASURING SPOONS,1.65,Under 2
22196,SMALL HEART MEASURING SPOONS,0.85,Under 2
22197,POPCORN HOLDER,0.85,Under 2
22198,LARGE POPCORN HOLDER,1.65,Under 2
22199,FRYING PAN RED RETROSPOT,4.25,2-5
22200,FRYING PAN PINK POLKADOT,4.25,2-5
22201,FRYING PAN BLUE POLKADOT,4.25,2-5
22202,MILK PAN PINK POLKADOT,3.75,2-5
22203,MILK PAN RED RETROSPOT,3.75,2-5
22204,MILK PAN BLUE POLKADOT,3.75,2-5
22206,"MUG , DOTCOMGIFTSHOP.COM",0.85,Under 2
22207,FRYING PAN UNION FLAG,4.25,2-5
22208,WOOD STAMP SET THANK YOU,1.65,Under 2
22209,WOOD STAMP SET HAPPY BIRTHDAY,1.63,Under 2
22210,WOOD STAMP SET BEST WISHES,1.45,Under 2
22211,WOOD STAMP SET FLOWERS,1.63,Under 2
22212,FOUR HOOK  WHITE LOVEBIRDS,2.1,2-5
22214,CANDLE PLATE LACE WHITE,2.55,2-5
22215,CAKE STAND WHITE TWO TIER LACE,8.5,5-10
22216,T-LIGHT HOLDER WHITE LACE,0.85,Under 2
22217,T-LIGHT HOLDER HANGING LACE,1.25,Under 2
22218,CAKE STAND LACE WHITE,4.25,2-5
22219,LOVEBIRD HANGING DECORATION WHITE,0.85,Under 2
22220,CAKE STAND LOVEBIRD 2 TIER WHITE,9.95,5-10
22221,CAKE STAND LOVEBIRD 2 TIER PINK,9.95,5-10
22222,CAKE PLATE LOVEBIRD WHITE,4.95,2-5
22223,CAKE PLATE LOVEBIRD PINK,4.95,2-5
22224,WHITE LOVEBIRD LANTERN,2.95,2-5
22227,HANGING HEART MIRROR DECORATION,0.65,Under 2
22228,BUNNY WOODEN PAINTED WITH BIRD,0.85,Under 2
22229,BUNNY WOODEN PAINTED WITH FLOWER,0.85,Under 2
22230,JIGSAW TREE WITH WATERING CAN,0.85,Under 2
22231,JIGSAW TREE WITH BIRDHOUSE,1.45,Under 2
22232,JIGSAW TOADSTOOLS 3 PIECE,1.65,Under 2
22233,JIGSAW RABBIT AND BIRDHOUSE,1.65,Under 2
22236,CAKE STAND 3 TIER MAGIC GARDEN,12.75,10+
22241,GARLAND WOODEN HAPPY EASTER,1.25,Under 2
22242,5 HOOK HANGER MAGIC TOADSTOOL,1.65,Under 2
22243,5 HOOK HANGER RED MAGIC TOADSTOOL,1.65,Under 2
22244,3 HOOK HANGER MAGIC GARDEN,1.95,Under 2
22245,"HOOK, 1 HANGER ,MAGIC GARDEN",0.85,Under 2
22246,MAGIC GARDEN FELT GARLAND,1.95,Under 2
22247,BUNNY DECORATION MAGIC GARDEN,0.85,Under 2
22248,DECORATION  PINK CHICK MAGIC GARDEN,0.85,Under 2
22249,DECORATION WHITE CHICK MAGIC GARDEN,0.85,Under 2
22250,DECORATION  BUTTERFLY  MAGIC GARDEN,0.85,Under 2
22251,BIRDHOUSE DECORATION MAGIC GARDEN,1.25,Under 2
22252,BIRDCAGE DECORATION TEALIGHT HOLDER,1.25,Under 2
22253,6 CROCHET STRAWBERRIES,1.25,Under 2
22254,FELT TOADSTOOL LARGE,1.25,Under 2
22255,FELT TOADSTOOL  SMALL,0.85,Under 2
22256,FELT FARM ANIMAL CHICKEN,1.25,Under 2
22257,FELT FARM ANIMAL SHEEP,1.25,Under 2
22258,FELT FARM ANIMAL RABBIT,1.25,Under 2
22259,FELT FARM ANIMAL HEN,1.25,Under 2
22260,FELT EGG COSY BLUE RABBIT,1.63,Under 2
22261,FELT EGG COSY WHITE RABBIT,0.85,Under 2
22262,FELT EGG COSY CHICKEN,0.85,Under 2
22263,FELT EGG COSY LADYBIRD,0.85,Under 2
22264,FELT FARM ANIMAL WHITE BUNNY,0.85,Under 2
22265,EASTER DECORATION NATURAL CHICK,0.65,Under 2
22266,EASTER DECORATION HANGING BUNNY,0.65,Under 2
22267,EASTER DECORATION EGG BUNNY,1.25,Under 2
22268,DECORATION SITTING BUNNY,0.85,Under 2
22269,EGG CUP NATURAL CHICKEN,1.25,Under 2
22270,HAPPY EASTER HANGING DECORATION,3.75,2-5
22271,FELTCRAFT DOLL ROSIE,2.95,2-5
22272,FELTCRAFT DOLL MARIA,2.95,2-5
22273,FELTCRAFT DOLL MOLLY,2.95,2-5
22274,FELTCRAFT DOLL EMILY,2.95,2-5
22275,WEEKEND BAG VINTAGE ROSE PAISLEY,8.5,5-10
22276,WASH BAG VINTAGE ROSE PAISLEY,2.55,2-5
22277,COSMETIC BAG VINTAGE ROSE PAISLEY,2.1,2-5
22278,OVERNIGHT BAG VINTAGE ROSE PAISLEY,4.95,2-5
22279,POCKET BAG BLUE PAISLEY RED SPOT,1.25,Under 2
22280,POCKET BAG PINK PAISELY BROWN SPOT,1.25,Under 2
22281,EASTER TREE YELLOW BIRDS,5.95,5-10
22282,12 EGG HOUSE PAINTED WOOD,12.75,10+
22283,6 EGG HOUSE PAINTED WOOD,7.95,5-10
22284,HEN HOUSE DECORATION,1.65,Under 2
22285,HANGING HEN ON NEST DECORATION,1.65,Under 2
22286,DECORATION WOBBLY RABBIT METAL,1.65,Under 2
22287,DECORATION WOBBLY CHICKEN,1.65,Under 2
22288,HANGING METAL RABBIT DECORATION,1.25,Under 2
22289,HANGING METAL CHICKEN DECORATION,1.25,Under 2
22290,STANDING METAL RABBIT WITH EGG,2.1,2-5
22291,HANGING CHICK CREAM DECORATION,1.45,Under 2
22292,HANGING CHICK  YELLOW DECORATION,1.45,Under 2
22293,HANGING CHICK GREEN DECORATION,1.45,Under 2
22294,HEART FILIGREE DOVE  SMALL,1.25,Under 2
22295,HEART FILIGREE DOVE LARGE,1.65,Under 2
22296,HEART IVORY TRELLIS LARGE,1.65,Under 2
22297,HEART IVORY TRELLIS SMALL,1.25,Under 2
22299,PIG KEYRING WITH LIGHT & SOUND,1.25,Under 2
22300,COFFEE MUG DOG + BALL DESIGN,2.55,2-5
22301,COFFEE MUG CAT + BIRD DESIGN,2.55,2-5
22302,COFFEE MUG PEARS  DESIGN,2.55,2-5
22303,COFFEE MUG APPLES DESIGN,2.55,2-5
22304,COFFEE MUG BLUE PAISLEY DESIGN,2.55,2-5
22305,COFFEE MUG PINK PAISLEY DESIGN,2.55,2-5
22306,SILVER MUG BONE CHINA TREE OF LIFE,1.06,Under 2
22307,GOLD MUG BONE CHINA TREE OF LIFE,1.65,Under 2
22308,TEA COSY BLUE STRIPE,4.96,2-5
22309,TEA COSY RED  STRIPE,2.55,2-5
22310,IVORY KNITTED MUG COSY,3.29,2-5
22311,OFFICE MUG WARMER BLACK+SILVER,2.95,2-5
22312,OFFICE MUG WARMER POLKADOT,2.95,2-5
22313,OFFICE MUG WARMER PINK,2.95,2-5
22314,OFFICE MUG WARMER CHOC+BLUE,4.95,2-5
22315,200 RED + WHITE BENDY STRAWS,1.25,Under 2
22316,200 BENDY SKULL STRAWS,1.25,Under 2
22317,FIVE CATS HANGING DECORATION,2.95,2-5
22318,FIVE HEART HANGING DECORATION,2.95,2-5
22319,HAIRCLIPS FORTIES FABRIC ASSORTED,0.65,Under 2
22320,BIRDS MOBILE VINTAGE DESIGN,5.95,5-10
22321,BIRD DECORATION RED RETROSPOT,0.85,Under 2
22322,BIRD DECORATION GREEN POLKADOT,0.85,Under 2
22323,PINK POLKADOT KIDS BAG,1.95,Under 2
22324,BLUE POLKADOT KIDS BAG,4.13,2-5
22325,MOBILE VINTAGE HEARTS,4.95,2-5
22326,ROUND SNACK BOXES SET OF4 WOODLAND,2.95,2-5
22327,ROUND SNACK BOXES SET OF 4 SKULLS,2.95,2-5
22328,ROUND SNACK BOXES SET OF 4 FRUITS,2.95,2-5
22329,ROUND CONTAINER SET OF 5 RETROSPOT,1.65,Under 2
22330,72 ROUND PINK DOILIES,1.45,Under 2
22331,WOODLAND PARTY BAG + STICKER SET,1.65,Under 2
22332,SKULLS PARTY BAG + STICKER SET,1.65,Under 2
22333,RETROSPOT PARTY BAG + STICKER SET,1.65,Under 2
22334,DINOSAUR PARTY BAG + STICKER SET,1.65,Under 2
22335,HEART DECORATION PAINTED ZINC,0.65,Under 2
22336,DOVE DECORATION PAINTED ZINC,0.65,Under 2
22337,ANGEL DECORATION PAINTED ZINC,0.65,Under 2
22338,STAR DECORATION PAINTED ZINC,0.63,Under 2
22339,CHRISTMAS TREE PAINTED ZINC,0.65,Under 2
22340,NOEL GARLAND PAINTED ZINC,0.83,Under 2
22341,LOVE GARLAND PAINTED ZINC,1.65,Under 2
22342,HOME GARLAND PAINTED ZINC,1.65,Under 2
22343,PARTY PIZZA DISH RED RETROSPOT,0.85,Under 2
22344,PARTY PIZZA DISH PINK POLKADOT,0.85,Under 2
22345,PARTY PIZZA DISH BLUE POLKADOT,0.85,Under 2
22346,PARTY PIZZA DISH GREEN POLKADOT,0.85,Under 2
22347,PIZZA SLICE DISH,1.25,Under 2
22348,TEA BAG PLATE RED RETROSPOT,0.85,Under 2
22349,DOG BOWL CHASING BALL DESIGN,3.75,2-5
22350,ILLUSTRATED CAT BOWL,2.55,2-5
22351,DOTCOMGIFTSHOP TEA TOWEL,3.29,2-5
22352,LUNCH BOX WITH CUTLERY RETROSPOT,2.55,2-5
22353,LUNCH BOX WITH CUTLERY FAIRY CAKES,2.55,2-5
22354,RETROSPOT PADDED SEAT CUSHION,3.75,2-5
22355,CHARLOTTE BAG SUKI DESIGN,0.85,Under 2
22356,CHARLOTTE BAG PINK POLKADOT,0.85,Under 2
22357,KINGS CHOICE BISCUIT TIN,4.25,2-5
22358,KINGS CHOICE TEA CADDY,2.95,2-5
22359,GLASS JAR KINGS CHOICE,2.95,2-5
22360,GLASS JAR ENGLISH CONFECTIONERY,2.95,2-5
22361,GLASS JAR DAISY FRESH COTTON WOOL,2.95,2-5
22362,GLASS JAR PEACOCK BATH SALTS,2.95,2-5
22363,GLASS JAR MARMALADE,2.95,2-5
22364,GLASS JAR DIGESTIVE BISCUITS,2.95,2-5
22365,DOORMAT RESPECTABLE HOUSE,7.95,5-10
22366,DOORMAT AIRMAIL,7.95,5-10
22367,CHILDRENS APRON SPACEBOY DESIGN,1.95,Under 2
22371,AIRLINE BAG VINTAGE TOKYO 78,4.25,2-5
22372,AIRLINE BAG VINTAGE WORLD CHAMPION,4.25,2-5
22374,AIRLINE BAG VINTAGE JET SET RED,4.25,2-5
22375,AIRLINE BAG VINTAGE JET SET BROWN,4.25,2-5
22376,AIRLINE BAG VINTAGE JET SET WHITE,4.25,2-5
22377,BOTTLE BAG RETROSPOT,2.1,2-5
22378,WALL TIDY RETROSPOT,2.1,2-5
22379,RECYCLING BAG RETROSPOT,2.1,2-5
22380,TOY TIDY SPACEBOY,2.1,2-5
22381,TOY TIDY PINK POLKADOT,2.1,2-5
22382,LUNCH BAG SPACEBOY DESIGN,1.65,Under 2
22383,LUNCH BAG SUKI DESIGN,1.65,Under 2
22384,LUNCH BAG PINK POLKADOT,1.65,Under 2
22385,JUMBO BAG SPACEBOY DESIGN,1.95,Under 2
22386,JUMBO BAG PINK POLKADOT,1.95,Under 2
22389,PAPERWEIGHT SAVE THE PLANET,2.55,2-5
22390,PAPERWEIGHT CHILDHOOD MEMORIES,2.55,2-5
22391,PAPERWEIGHT HOME SWEET HOME,2.55,2-5
22393,PAPERWEIGHT VINTAGE COLLAGE,2.55,2-5
22394,PAPERWEIGHT KINGS CHOICE,2.55,2-5
22395,PAPERWEIGHT VINTAGE PAISLEY,2.55,2-5
22396,MAGNETS PACK OF 4 RETRO PHOTO,0.85,Under 2
22398,MAGNETS PACK OF 4 SWALLOWS,1.25,Under 2
22399,MAGNETS PACK OF 4 CHILDHOOD MEMORY,1.25,Under 2
22400,MAGNETS PACK OF 4 HOME SWEET HOME,1.25,Under 2
22402,MAGNETS PACK OF 4 VINTAGE COLLAGE,1.25,Under 2
22403,MAGNETS PACK OF 4 VINTAGE LABELS,1.25,Under 2
22405,MONEY BOX POCKET MONEY DESIGN,1.25,Under 2
22406,MONEY BOX KINGS CHOICE DESIGN,1.25,Under 2
22407,MONEY BOX FIRST AID DESIGN,1.25,Under 2
22408,MONEY BOX CONFECTIONERY DESIGN,1.25,Under 2
22409,MONEY BOX BISCUITS DESIGN,1.25,Under 2
22410,MONEY BOX HOUSEKEEPING DESIGN,1.25,Under 2
22411,JUMBO SHOPPER VINTAGE RED PAISLEY,1.95,Under 2
22412,METAL SIGN NEIGHBOURHOOD WITCH,2.1,2-5
22413,METAL SIGN TAKE IT OR LEAVE IT,2.95,2-5
22414,DOORMAT NEIGHBOURHOOD WITCH,7.95,5-10
22415,WHITE TISSUE REAM,7.95,5-10
22416,SET OF 36 SPACEBOY PAPER DOILIES,1.45,Under 2
22417,PACK OF 60 SPACEBOY CAKE CASES,0.55,Under 2
22418,10 COLOUR SPACEBOY PEN,0.85,Under 2
22419,LIPSTICK PEN RED,0.42,Under 2
22420,LIPSTICK PEN BABY PINK,0.42,Under 2
22421,LIPSTICK PEN FUSCHIA,0.42,Under 2
22422,TOOTHPASTE TUBE PEN,1.25,Under 2
22423,REGENCY CAKESTAND 3 TIER,12.75,10+
22424,ENAMEL BREAD BIN CREAM,12.75,10+
22425,ENAMEL COLANDER CREAM,4.95,2-5
22426,ENAMEL WASH BOWL CREAM,3.75,2-5
22427,ENAMEL FLOWER JUG CREAM,5.95,5-10
22428,ENAMEL FIRE BUCKET CREAM,6.95,5-10
22429,ENAMEL MEASURING JUG CREAM,4.25,2-5
22430,ENAMEL WATERING CAN CREAM,4.95,2-5
22431,WATERING CAN BLUE ELEPHANT,1.95,Under 2
22432,WATERING CAN PINK BUNNY,1.95,Under 2
22433,WATERING CAN GREEN DINOSAUR,1.95,Under 2
22434,BALLOON PUMP WITH 10 BALLOONS,1.95,Under 2
22435,SET OF 9 HEART SHAPED BALLOONS,1.25,Under 2
22436,12 COLOURED PARTY BALLOONS,0.65,Under 2
22437,SET OF 9 BLACK SKULL BALLOONS,0.85,Under 2
22438,BALLOON ART MAKE YOUR OWN FLOWERS,1.95,Under 2
22439,6 ROCKET BALLOONS,0.65,Under 2
22440,BALLOON WATER BOMB PACK OF 35,0.42,Under 2
22441,GROW YOUR OWN BASIL IN ENAMEL MUG,2.1,2-5
22442,GROW YOUR OWN FLOWERS SET OF 3,7.95,5-10
22443,GROW YOUR OWN HERBS SET OF 3,7.95,5-10
22444,GROW YOUR OWN PLANT IN A CAN,1.25,Under 2
22445,PENCIL CASE LIFE IS BEAUTIFUL,2.95,2-5
22446,PIN CUSHION BABUSHKA PINK,2.51,2-5
22447,PIN CUSHION BABUSHKA BLUE,3.35,2-5
22448,PIN CUSHION BABUSHKA RED,3.35,2-5
22449,SILK PURSE BABUSHKA PINK,3.35,2-5
22450,SILK PURSE BABUSHKA BLUE,3.35,2-5
22451,SILK PURSE BABUSHKA RED,3.35,2-5
22452,MEASURING TAPE BABUSHKA PINK,2.95,2-5
22453,MEASURING TAPE BABUSHKA BLUE,2.95,2-5
22454,MEASURING TAPE BABUSHKA RED,2.95,2-5
22456,NATURAL SLATE CHALKBOARD LARGE,4.95,2-5
22457,NATURAL SLATE HEART CHALKBOARD,2.95,2-5
22458,CAST IRON HOOK GARDEN FORK,2.55,2-5
22459,CAST IRON HOOK GARDEN TROWEL,2.55,2-5
22460,EMBOSSED GLASS TEALIGHT HOLDER,1.25,Under 2
22461,SAVOY ART DECO CLOCK,12.75,10+
22464,HANGING METAL HEART LANTERN,1.65,Under 2
22465,HANGING METAL STAR LANTERN,1.65,Under 2
22466,FAIRY TALE COTTAGE NIGHT LIGHT,1.95,Under 2
22467,GUMBALL COAT RACK,2.55,2-5
22468,BABUSHKA LIGHTS STRING OF 10,6.75,5-10
22469,HEART OF WICKER SMALL,1.65,Under 2
22470,HEART OF WICKER LARGE,2.95,2-5
22471,TV DINNER TRAY AIR HOSTESS,4.95,2-5
22472,TV DINNER TRAY DOLLY GIRL,4.95,2-5
22473,TV DINNER TRAY VINTAGE PAISLEY,4.95,2-5
22474,SPACEBOY TV DINNER TRAY,4.95,2-5
22475,SKULL DESIGN TV DINNER TRAY,4.95,2-5
22476,EMPIRE UNION JACK TV DINNER TRAY,4.95,2-5
22477,WATERING CAN GARDEN MARKER,1.25,Under 2
22478,BIRDHOUSE GARDEN MARKER,1.25,Under 2
22479,DAISY GARDEN MARKER,1.25,Under 2
22480,RED TEA TOWEL CLASSIC DESIGN,1.25,Under 2
22481,BLACK TEA TOWEL CLASSIC DESIGN,1.25,Under 2
22482,BLUE TEA TOWEL CLASSIC DESIGN,1.25,Under 2
22483,RED GINGHAM TEDDY BEAR,2.95,2-5
22485,SET OF 2 WOODEN MARKET CRATES,12.75,10+
22486,PLASMATRONIC LAMP,8.29,5-10
22487,WHITE WOOD GARDEN PLANT LADDER,9.95,5-10
22488,NATURAL SLATE RECTANGLE CHALKBOARD,1.65,Under 2
22489,PACK OF 12 TRADITIONAL CRAYONS,0.42,Under 2
22491,PACK OF 12 COLOURED PENCILS,0.85,Under 2
22492,MINI PAINT SET VINTAGE,0.65,Under 2
22493,PAINT YOUR OWN CANVAS SET,1.65,Under 2
22494,EMERGENCY FIRST AID TIN,1.25,Under 2
22495,SET OF 2 ROUND TINS CAMEMBERT,2.95,2-5
22496,SET OF 2 ROUND TINS DUTCH CHEESE,2.95,2-5
22497,SET OF 2 TINS VINTAGE BATHROOM,4.25,2-5
22498,WOODEN REGATTA BUNTING,5.95,5-10
22499,WOODEN UNION JACK BUNTING,5.95,5-10
22500,SET OF 2 TINS JARDIN DE PROVENCE,4.95,2-5
22501,PICNIC BASKET WICKER LARGE,9.95,5-10
22502,PICNIC BASKET WICKER SMALL,5.95,5-10
22503,CABIN BAG VINTAGE PAISLEY,29.95,10+
22504,CABIN BAG VINTAGE RETROSPOT,29.95,10+
22505,MEMO BOARD COTTAGE DESIGN,4.95,2-5
22507,MEMO BOARD RETROSPOT  DESIGN,4.95,2-5
22508,DOORSTOP RETROSPOT HEART,3.75,2-5
22509,SEWING BOX RETROSPOT DESIGN,16.95,10+
22510,GINGHAM BABUSHKA DOORSTOP,3.75,2-5
22511,RETROSPOT BABUSHKA DOORSTOP,3.75,2-5
22512,DOORSTOP RACING CAR DESIGN,3.75,2-5
22513,DOORSTOP FOOTBALL DESIGN,3.75,2-5
22514,CHILDS GARDEN SPADE BLUE,2.1,2-5
22515,CHILDS GARDEN SPADE PINK,2.1,2-5
22516,CHILDS GARDEN RAKE BLUE,2.1,2-5
22517,CHILDS GARDEN RAKE PINK,2.1,2-5
22518,CHILDS GARDEN BRUSH BLUE,2.1,2-5
22519,CHILDS GARDEN BRUSH PINK,2.1,2-5
22520,CHILDS GARDEN TROWEL BLUE,0.85,Under 2
22521,CHILDS GARDEN TROWEL PINK,0.85,Under 2
22522,CHILDS GARDEN FORK BLUE,0.85,Under 2
22523,CHILDS GARDEN FORK PINK,0.85,Under 2
22524,CHILDRENS GARDEN GLOVES BLUE,1.25,Under 2
22525,CHILDRENS GARDEN GLOVES PINK,1.25,Under 2
22526,WHEELBARROW FOR CHILDREN,12.75,10+
22528,GARDENERS KNEELING PAD,1.25,Under 2
22529,MAGIC DRAWING SLATE GO TO THE FAIR,0.42,Under 2
22530,MAGIC DRAWING SLATE DOLLY GIRL,0.42,Under 2
22531,MAGIC DRAWING SLATE CIRCUS PARADE,0.42,Under 2
22532,MAGIC DRAWING SLATE LEAP FROG,0.42,Under 2
22533,MAGIC DRAWING SLATE BAKE A CAKE,0.42,Under 2
22534,MAGIC DRAWING SLATE SPACEBOY,0.42,Under 2
22535,MAGIC DRAWING SLATE BUNNIES,0.42,Under 2
22536,MAGIC DRAWING SLATE PURDEY,0.42,Under 2
22537,MAGIC DRAWING SLATE DINOSAUR,0.42,Under 2
22538,MINI JIGSAW GO TO THE FAIR,0.42,Under 2
22539,MINI JIGSAW DOLLY GIRL,0.42,Under 2
22540,MINI JIGSAW CIRCUS PARADE,0.42,Under 2
22541,MINI JIGSAW LEAP FROG,0.42,Under 2
22543,MINI JIGSAW BAKE A CAKE,0.42,Under 2
22544,MINI JIGSAW SPACEBOY,0.42,Under 2
22545,MINI JIGSAW BUNNIES,0.42,Under 2
22546,MINI JIGSAW PURDEY,0.42,Under 2
22547,MINI JIGSAW DINOSAUR,0.42,Under 2
22548,HEADS AND TAILS SPORTING FUN,1.25,Under 2
22549,PICTURE DOMINOES,1.45,Under 2
22550,HOLIDAY FUN LUDO,3.75,2-5
22551,PLASTERS IN TIN SPACEBOY,1.65,Under 2
22553,PLASTERS IN TIN SKULLS,1.65,Under 2
22554,PLASTERS IN TIN WOODLAND ANIMALS,1.65,Under 2
22555,PLASTERS IN TIN STRONGMAN,1.65,Under 2
22556,PLASTERS IN TIN CIRCUS PARADE,1.65,Under 2
22557,PLASTERS IN TIN VINTAGE PAISLEY,1.65,Under 2
22558,CLOTHES PEGS RETROSPOT PACK 24,1.49,Under 2
22559,SEASIDE FLYING DISC,1.25,Under 2
22560,TRADITIONAL MODELLING CLAY,1.25,Under 2
22561,WOODEN SCHOOL COLOURING SET,1.65,Under 2
22562,MONSTERS STENCIL CRAFT,1.25,Under 2
22563,HAPPY STENCIL CRAFT,1.25,Under 2
22564,ALPHABET STENCIL CRAFT,1.25,Under 2
22565,FELTCRAFT HAIRBANDS PINK AND WHITE,0.85,Under 2
22566,FELTCRAFT HAIRBAND PINK AND PURPLE,0.85,Under 2
22567,20 DOLLY PEGS RETROSPOT,1.25,Under 2
22568,FELTCRAFT CUSHION OWL,3.75,2-5
22569,FELTCRAFT CUSHION BUTTERFLY,3.75,2-5
22570,FELTCRAFT CUSHION RABBIT,3.75,2-5
22571,ROCKING HORSE RED CHRISTMAS,0.85,Under 2
22572,ROCKING HORSE GREEN CHRISTMAS,0.85,Under 2
22573,STAR WOODEN CHRISTMAS DECORATION,0.85,Under 2
22574,HEART WOODEN CHRISTMAS DECORATION,0.85,Under 2
22575,METAL MERRY CHRISTMAS WREATH,1.95,Under 2
22576,SWALLOW WOODEN CHRISTMAS DECORATION,0.85,Under 2
22577,WOODEN HEART CHRISTMAS SCANDINAVIAN,0.83,Under 2
22578,WOODEN STAR CHRISTMAS SCANDINAVIAN,0.83,Under 2
22579,WOODEN TREE CHRISTMAS SCANDINAVIAN,0.85,Under 2
22580,ADVENT CALENDAR GINGHAM SACK,5.95,5-10
22581,WOOD STOCKING CHRISTMAS SCANDISPOT,0.85,Under 2
22582,PACK OF 6 SWEETIE GIFT BOXES,2.55,2-5
22583,PACK OF 6 HANDBAG GIFT BOXES,2.55,2-5
22584,PACK OF 6 PANETTONE GIFT BOXES,2.55,2-5
22585,PACK OF 6 BIRDY GIFT TAGS,1.25,Under 2
22586,FELTCRAFT HAIRBAND PINK AND BLUE,0.85,Under 2
22587,FELTCRAFT HAIRBAND RED AND BLUE,0.85,Under 2
22588,CARD HOLDER GINGHAM HEART,2.55,2-5
22589,CARDHOLDER GINGHAM STAR,2.55,2-5
22591,CARDHOLDER GINGHAM CHRISTMAS TREE,2.55,2-5
22592,CARDHOLDER HOLLY WREATH METAL,3.75,2-5
22593,CHRISTMAS GINGHAM STAR,0.85,Under 2
22594,CHRISTMAS GINGHAM TREE,0.85,Under 2
22595,GINGHAM HEART DECORATION,0.85,Under 2
22596,CHRISTMAS STAR WISH LIST CHALKBOARD,1.25,Under 2
22597,MUSICAL ZINC HEART DECORATION,0.85,Under 2
22598,CHRISTMAS MUSICAL ZINC TREE,0.83,Under 2
22599,CHRISTMAS MUSICAL ZINC STAR,0.83,Under 2
22600,CHRISTMAS RETROSPOT STAR WOOD,0.85,Under 2
22601,CHRISTMAS RETROSPOT ANGEL WOOD,0.85,Under 2
22602,RETROSPOT WOODEN HEART DECORATION,0.85,Under 2
22603,CHRISTMAS RETROSPOT TREE WOOD,0.85,Under 2
22604,SET OF 4 NAPKIN CHARMS CUTLERY,2.55,2-5
22605,WOODEN CROQUET GARDEN SET,12.75,10+
22606,WOODEN SKITTLES GARDEN SET,15.95,10+
22607,WOODEN ROUNDERS GARDEN SET,8.5,5-10
22608,PENS ASSORTED FUNKY JEWELED,0.42,Under 2
22609,PENS ASSORTED SPACEBALL,0.21,Under 2
22610,PENS ASSORTED FUNNY FACE,0.21,Under 2
22611,VINTAGE UNION JACK SHOPPING BAG,4.95,2-5
22612,TEA COSY VINTAGE UNION JACK,3.75,2-5
22613,PACK OF 20 SPACEBOY NAPKINS,0.85,Under 2
22614,PACK OF 12 SPACEBOY TISSUES,0.29,Under 2
22615,PACK OF 12 CIRCUS PARADE TISSUES,0.29,Under 2
22616,PACK OF 12 LONDON TISSUES,0.29,Under 2
22617,BAKING SET SPACEBOY DESIGN,4.95,2-5
22618,COOKING SET RETROSPOT,9.95,5-10
22619,SET OF 6 SOLDIER SKITTLES,3.75,2-5
22620,4 TRADITIONAL SPINNING TOPS,1.45,Under 2
22621,TRADITIONAL KNITTING NANCY,1.65,Under 2
22622,BOX OF VINTAGE ALPHABET BLOCKS,9.95,5-10
22623,BOX OF VINTAGE JIGSAW BLOCKS,4.95,2-5
22624,IVORY KITCHEN SCALES,8.5,5-10
22625,RED KITCHEN SCALES,8.5,5-10
22626,BLACK KITCHEN SCALES,8.5,5-10
22627,MINT KITCHEN SCALES,8.5,5-10
22628,PICNIC BOXES SET OF 3 RETROSPOT,4.95,2-5
22629,SPACEBOY LUNCH BOX,1.95,Under 2
22630,DOLLY GIRL LUNCH BOX,1.95,Under 2
22631,CIRCUS PARADE LUNCH BOX,1.95,Under 2
22632,HAND WARMER RED RETROSPOT,2.1,2-5
22633,HAND WARMER UNION JACK,2.1,2-5
22634,CHILDS BREAKFAST SET SPACEBOY,9.95,5-10
22635,CHILDS BREAKFAST SET DOLLY GIRL,9.95,5-10
22636,CHILDS BREAKFAST SET CIRCUS PARADE,8.5,5-10
22637,PIGGY BANK RETROSPOT,2.55,2-5
22638,SET OF 4 NAPKIN CHARMS CROWNS,2.55,2-5
22639,SET OF 4 NAPKIN CHARMS HEARTS,2.55,2-5
22640,SET OF 4 NAPKIN CHARMS 3 KEYS,2.55,2-5
22641,SET OF 4 NAPKIN CHARMS INSTRUMENT,2.55,2-5
22642,SET OF 4 NAPKIN CHARMS STARS,2.55,2-5
22643,SET OF 4 NAPKIN CHARMS LEAVES,2.55,2-5
22644,CERAMIC CHERRY CAKE MONEY BANK,1.45,Under 2
22645,CERAMIC HEART FAIRY CAKE MONEY BANK,1.45,Under 2
22646,CERAMIC STRAWBERRY CAKE MONEY BANK,1.45,Under 2
22647,CERAMIC LOVE HEART MONEY BANK,1.45,Under 2
22649,STRAWBERRY FAIRY CAKE TEAPOT,4.95,2-5
22650,CERAMIC PIRATE CHEST MONEY BANK,1.45,Under 2
22651,GENTLEMAN SHIRT REPAIR KIT,0.85,Under 2
22652,TRAVEL SEWING KIT,1.65,Under 2
22653,BUTTON BOX,1.95,Under 2
22654,DELUXE SEWING KIT,5.95,5-10
22655,VINTAGE RED KITCHEN CABINET,125.0,10+
22656,VINTAGE BLUE KITCHEN CABINET,295.0,10+
22657,HEN & 2 CHICKS IN BASKET,0.85,Under 2
22659,LUNCH BOX I LOVE LONDON,1.95,Under 2
22660,DOORMAT I LOVE LONDON,7.95,5-10
22661,CHARLOTTE BAG DOLLY GIRL DESIGN,0.85,Under 2
22662,LUNCH BAG DOLLY GIRL DESIGN,1.65,Under 2
22663,JUMBO BAG DOLLY GIRL DESIGN,2.08,2-5
22664,TOY TIDY DOLLY GIRL DESIGN,2.1,2-5
22665,RECIPE BOX BLUE SKETCHBOOK DESIGN,2.95,2-5
22666,RECIPE BOX PANTRY YELLOW DESIGN,2.95,2-5
22667,RECIPE BOX RETROSPOT,2.95,2-5
22668,PINK BABY BUNTING,2.95,2-5
22669,RED BABY BUNTING,2.95,2-5
22670,FRENCH WC SIGN BLUE METAL,1.25,Under 2
22671,FRENCH LAUNDRY SIGN BLUE METAL,1.65,Under 2
22672,FRENCH BATHROOM SIGN BLUE METAL,1.65,Under 2
22673,FRENCH GARDEN SIGN BLUE METAL,1.25,Under 2
22674,FRENCH TOILET SIGN BLUE METAL,1.25,Under 2
22675,FRENCH KITCHEN SIGN BLUE METAL,1.25,Under 2
22676,FRENCH BLUE METAL DOOR SIGN 1,1.25,Under 2
22677,FRENCH BLUE METAL DOOR SIGN 2,1.25,Under 2
22678,FRENCH BLUE METAL DOOR SIGN 3,1.25,Under 2
22679,FRENCH BLUE METAL DOOR SIGN 4,1.25,Under 2
22680,FRENCH BLUE METAL DOOR SIGN 5,1.25,Under 2
22681,FRENCH BLUE METAL DOOR SIGN 6,1.25,Under 2
22682,FRENCH BLUE METAL DOOR SIGN 7,1.25,Under 2
22683,FRENCH BLUE METAL DOOR SIGN 8,1.25,Under 2
22684,FRENCH BLUE METAL DOOR SIGN 9,1.25,Under 2
22685,FRENCH BLUE METAL DOOR SIGN 0,1.25,Under 2
22686,FRENCH BLUE METAL DOOR SIGN NO,1.25,Under 2
22687,DOORMAT CHRISTMAS VILLAGE,7.95,5-10
22688,DOORMAT PEACE ON EARTH BLUE,7.95,5-10
22689,DOORMAT MERRY CHRISTMAS RED,7.95,5-10
22690,DOORMAT HOME SWEET HOME BLUE,7.95,5-10
22691,DOORMAT WELCOME SUNRISE,7.95,5-10
22692,DOORMAT WELCOME TO OUR HOME,7.95,5-10
22693,GROW A FLYTRAP OR SUNFLOWER IN TIN,1.25,Under 2
22694,WICKER STAR,2.1,2-5
22695,WICKER WREATH SMALL,1.45,Under 2
22696,WICKER WREATH LARGE,1.95,Under 2
22697,GREEN REGENCY TEACUP AND SAUCER,2.95,2-5
22698,PINK REGENCY TEACUP AND SAUCER,2.95,2-5
22699,ROSES REGENCY TEACUP AND SAUCER,2.95,2-5
22700,BLACK AND WHITE DOG BOWL,2.95,2-5
22701,PINK DOG BOWL,2.95,2-5
22702,BLACK AND WHITE CAT BOWL,2.1,2-5
22703,PINK CAT BOWL,1.63,Under 2
22704,WRAP RED APPLES,0.42,Under 2
22705,WRAP GREEN PEARS,0.42,Under 2
22706,WRAP COWBOYS,0.42,Under 2
22707,WRAP MONSTER FUN,0.42,Under 2
22708,WRAP DOLLY GIRL,0.42,Under 2
22709,WRAP WEDDING DAY,0.42,Under 2
22710,WRAP I LOVE LONDON,0.42,Under 2
22711,WRAP CIRCUS PARADE,0.42,Under 2
22712,CARD DOLLY GIRL,0.42,Under 2
22713,CARD I LOVE LONDON,0.42,Under 2
22714,CARD BIRTHDAY COWBOY,0.42,Under 2
22715,CARD WEDDING DAY,0.42,Under 2
22716,CARD CIRCUS PARADE,0.42,Under 2
22717,CARD DOG AND BALL,0.42,Under 2
22718,CARD CAT AND TREE,0.42,Under 2
22719,GUMBALL MONOCHROME COAT RACK,2.46,2-5
22720,SET OF 3 CAKE TINS PANTRY DESIGN,4.95,2-5
22721,SET OF 3 CAKE TINS SKETCHBOOK,4.95,2-5
22722,SET OF 6 SPICE TINS PANTRY DESIGN,3.95,2-5
22723,SET OF 6 HERB TINS SKETCHBOOK,3.95,2-5
22725,ALARM CLOCK BAKELIKE CHOCOLATE,3.75,2-5
22726,ALARM CLOCK BAKELIKE GREEN,3.75,2-5
22727,ALARM CLOCK BAKELIKE RED,3.75,2-5
22728,ALARM CLOCK BAKELIKE PINK,3.75,2-5
22729,ALARM CLOCK BAKELIKE ORANGE,3.75,2-5
22730,ALARM CLOCK BAKELIKE IVORY,3.75,2-5
22731,3D CHRISTMAS STAMPS STICKERS,1.25,Under 2
22732,3D VINTAGE CHRISTMAS STICKERS,1.25,Under 2
22733,3D TRADITIONAL CHRISTMAS STICKERS,1.25,Under 2
22734,SET OF 6 RIBBONS VINTAGE CHRISTMAS,2.89,2-5
22735,RIBBON REEL SOCKS AND MITTENS,1.65,Under 2
22736,RIBBON REEL MAKING SNOWMEN,1.65,Under 2
22737,RIBBON REEL CHRISTMAS PRESENT,1.65,Under 2
22738,RIBBON REEL SNOWY VILLAGE,1.65,Under 2
22739,RIBBON REEL CHRISTMAS SOCK BAUBLE,1.65,Under 2
22740,POLKADOT PEN,0.85,Under 2
22741,FUNKY DIVA PEN,0.85,Under 2
22742,MAKE YOUR OWN PLAYTIME CARD KIT,2.95,2-5
22743,MAKE YOUR OWN FLOWERPOWER CARD KIT,2.95,2-5
22744,MAKE YOUR OWN MONSOON CARD KIT,2.95,2-5
22745,POPPY'S PLAYHOUSE BEDROOM,2.1,2-5
22746,POPPY'S PLAYHOUSE LIVINGROOM,2.1,2-5
22747,POPPY'S PLAYHOUSE BATHROOM,2.1,2-5
22748,POPPY'S PLAYHOUSE KITCHEN,2.1,2-5
22749,FELTCRAFT PRINCESS CHARLOTTE DOLL,3.75,2-5
22750,FELTCRAFT PRINCESS LOLA DOLL,3.75,2-5
22751,FELTCRAFT PRINCESS OLIVIA DOLL,3.75,2-5
22752,SET 7 BABUSHKA NESTING BOXES,8.5,5-10
22753,SMALL YELLOW BABUSHKA NOTEBOOK,0.85,Under 2
22754,SMALL RED BABUSHKA NOTEBOOK,0.85,Under 2
22755,SMALL PURPLE BABUSHKA NOTEBOOK,0.85,Under 2
22756,LARGE YELLOW BABUSHKA NOTEBOOK,1.25,Under 2
22757,LARGE RED BABUSHKA NOTEBOOK,1.25,Under 2
22758,LARGE PURPLE BABUSHKA NOTEBOOK,1.25,Under 2
22759,SET OF 3 NOTEBOOKS IN PARCEL,1.65,Under 2
22760,"TRAY, BREAKFAST IN BED",12.75,10+
22761,CHEST 7 DRAWER MA CAMPAGNE,24.95,10+
22762,CUPBOARD 3 DRAWER MA CAMPAGNE,14.95,10+
22763,KEY CABINET MA CAMPAGNE,9.95,5-10
22764,"RUSTIC WOODEN CABINET, GLASS DOORS",24.95,10+
22765,NEWSPAPER STAND,14.95,10+
22766,PHOTO FRAME CORNICE,2.95,2-5
22767,TRIPLE PHOTO FRAME CORNICE,9.95,5-10
22768,FAMILY PHOTO FRAME CORNICE,9.95,5-10
22769,CHALKBOARD KITCHEN ORGANISER,24.95,10+
22770,MIRROR CORNICE,14.95,10+
22771,CLEAR DRAWER KNOB ACRYLIC EDWARDIAN,1.25,Under 2
22772,PINK DRAWER KNOB ACRYLIC EDWARDIAN,1.25,Under 2
22773,GREEN DRAWER KNOB ACRYLIC EDWARDIAN,1.25,Under 2
22774,RED DRAWER KNOB ACRYLIC EDWARDIAN,1.25,Under 2
22775,PURPLE DRAWERKNOB ACRYLIC EDWARDIAN,1.25,Under 2
22776,SWEETHEART 3 TIER CAKE STAND,9.95,5-10
22777,GLASS CLOCHE LARGE,8.5,5-10
22778,GLASS CLOCHE SMALL,3.95,2-5
22779,WOODEN OWLS LIGHT GARLAND,4.25,2-5
22780,LIGHT GARLAND BUTTERFILES PINK,4.25,2-5
22781,GUMBALL MAGAZINE RACK,7.65,5-10
22782,SET 3 WICKER STORAGE BASKETS,24.95,10+
22783,SET 3 WICKER OVAL BASKETS W LIDS,19.95,10+
22784,LANTERN CREAM GAZEBO,4.95,2-5
22785,SQUARECUSHION COVER PINK UNION JACK,6.75,5-10
22786,CUSHION COVER PINK UNION JACK,5.95,5-10
22788,BROCANTE COAT RACK,9.95,5-10
22789,T-LIGHT HOLDER SWEETHEART HANGING,1.95,Under 2
22790,"MIRROR, ARCHED GEORGIAN",19.42,10+
22791,T-LIGHT GLASS FLUTED ANTIQUE,1.25,Under 2
22792,FLUTED ANTIQUE CANDLE HOLDER,0.85,Under 2
22794,SWEETHEART WIRE MAGAZINE RACK,7.95,5-10
22795,SWEETHEART RECIPE BOOK STAND,6.75,5-10
22796,PHOTO FRAME 3 CLASSIC HANGING,9.95,5-10
22797,CHEST OF DRAWERS GINGHAM HEART,16.95,10+
22798,ANTIQUE GLASS DRESSING TABLE POT,2.95,2-5
22799,SWEETHEART WIRE FRUIT BOWL,8.5,5-10
22800,ANTIQUE TALL SWIRLGLASS TRINKET POT,3.75,2-5
22801,ANTIQUE GLASS PEDESTAL BOWL,3.75,2-5
22802,FAUX FUR CHOCOLATE THROW,19.95,10+
22803,IVORY EMBROIDERED QUILT,39.95,10+
22804,PINK HANGING HEART T-LIGHT HOLDER,2.95,2-5
22805,BLUE DRAWER KNOB ACRYLIC EDWARDIAN,1.25,Under 2
22806,SET OF 6 T-LIGHTS WEDDING CAKE,2.95,2-5
22807,SET OF 6 T-LIGHTS TOADSTOOLS,2.95,2-5
22808,SET OF 6 T-LIGHTS EASTER CHICKS,2.95,2-5
22809,SET OF 6 T-LIGHTS SANTA,2.95,2-5
22810,SET OF 6 T-LIGHTS SNOWMEN,2.95,2-5
22811,SET OF 6 T-LIGHTS CACTI,2.95,2-5
22812,PACK 3 BOXES CHRISTMAS PANETTONE,1.95,Under 2
22813,PACK 3 BOXES BIRD PANETTONE,1.95,Under 2
22814,CARD PARTY GAMES,0.42,Under 2
22815,CARD PSYCHEDELIC APPLES,0.42,Under 2
22816,CARD MOTORBIKE SANTA,0.42,Under 2
22817,CARD SUKI BIRTHDAY,0.42,Under 2
22818,CARD CHRISTMAS VILLAGE,0.42,Under 2
22819,"BIRTHDAY CARD, RETRO SPOT",0.42,Under 2
22820,GIFT BAG BIRTHDAY,0.65,Under 2
22821,GIFT BAG PSYCHEDELIC APPLES,0.65,Under 2
22822,CREAM WALL PLANTER HEART SHAPED,5.95,5-10
22823,CHEST NATURAL WOOD 20 DRAWERS,117.5,10+
22824,3 TIER SWEETHEART GARDEN SHELF,35.95,10+
22825,DECORATIVE PLANT POT WITH FRIEZE,7.95,5-10
22826,LOVE SEAT ANTIQUE WHITE METAL,85.0,10+
22827,RUSTIC  SEVENTEEN DRAWER SIDEBOARD,165.0,10+
22828,REGENCY MIRROR WITH SHUTTERS,145.0,10+
22829,SWEETHEART WIRE WALL TIDY,9.95,5-10
22830,UTILTY CABINET WITH HOOKS,26.95,10+
22831,WHITE BROCANTE SOAP DISH,2.95,2-5
22832,BROCANTE SHELF WITH HOOKS,10.75,10+
22833,HALL CABINET WITH 3 DRAWERS,49.95,10+
22834,HAND WARMER BABUSHKA DESIGN,2.1,2-5
22835,HOT WATER BOTTLE I AM SO POORLY,4.65,2-5
22837,HOT WATER BOTTLE BABUSHKA,4.65,2-5
22838,3 TIER CAKE TIN RED AND CREAM,14.95,10+
22839,3 TIER CAKE TIN GREEN AND CREAM,14.95,10+
22840,ROUND CAKE TIN VINTAGE RED,7.95,5-10
22841,ROUND CAKE TIN VINTAGE GREEN,7.95,5-10
22842,BISCUIT TIN VINTAGE RED,6.75,5-10
22843,BISCUIT TIN VINTAGE GREEN,6.75,5-10
22844,VINTAGE CREAM DOG FOOD CONTAINER,8.5,5-10
22845,VINTAGE CREAM CAT FOOD CONTAINER,6.35,5-10
22846,BREAD BIN DINER STYLE RED,16.95,10+
22847,BREAD BIN DINER STYLE IVORY,16.95,10+
22848,BREAD BIN DINER STYLE PINK,16.95,10+
22849,BREAD BIN DINER STYLE MINT,16.95,10+
22850,BREAD BIN DINER STYLE BLACK,15.95,10+
22851,SET 20 NAPKINS FAIRY CAKES DESIGN,0.85,Under 2
22852,DOG BOWL VINTAGE CREAM,4.25,2-5
22853,CAT BOWL VINTAGE CREAM,3.25,2-5
22854,CREAM SWEETHEART EGG HOLDER,4.95,2-5
22855,FINE WICKER HEART,1.25,Under 2
22856,ASSORTED EASTER DECORATIONS  BELLS,1.25,Under 2
22857,ASSORTED EASTER GIFT TAGS,0.85,Under 2
22858,EASTER TIN KEEPSAKE,1.65,Under 2
22859,EASTER TIN BUNNY BOUQUET,1.65,Under 2
22860,EASTER TIN CHICKS PINK DAISY,1.65,Under 2
22861,EASTER TIN CHICKS IN GARDEN,1.65,Under 2
22862,LOVE HEART NAPKIN BOX,4.25,2-5
22863,SOAP DISH BROCANTE,2.95,2-5
22864,MUG AND COASTER SET RED CIRCLES,0.42,Under 2
22865,HAND WARMER OWL DESIGN,2.1,2-5
22866,HAND WARMER SCOTTY DOG DESIGN,2.1,2-5
22867,HAND WARMER BIRD DESIGN,2.1,2-5
22868,NUMBER TILE COTTAGE GARDEN 0,1.95,Under 2
22869,NUMBER TILE COTTAGE GARDEN 1,4.13,2-5
22870,NUMBER TILE COTTAGE GARDEN 2,4.13,2-5
22871,NUMBER TILE COTTAGE GARDEN 3,4.13,2-5
22872,NUMBER TILE COTTAGE GARDEN 4,4.13,2-5
22873,NUMBER TILE COTTAGE GARDEN 5,1.95,Under 2
22874,NUMBER TILE COTTAGE GARDEN 6,1.95,Under 2
22875,NUMBER TILE COTTAGE GARDEN 7,1.95,Under 2
22876,NUMBER TILE COTTAGE GARDEN 8,1.95,Under 2
22877,NUMBER TILE COTTAGE GARDEN 9,1.95,Under 2
22878,NUMBER TILE COTTAGE GARDEN NO,4.13,2-5
22879,NUMBER TILE VINTAGE FONT 0,4.13,2-5
22880,NUMBER TILE VINTAGE FONT 1,4.13,2-5
22881,NUMBER TILE VINTAGE FONT 2,4.13,2-5
22882,NUMBER TILE VINTAGE FONT 3,2.17,2-5
22883,NUMBER TILE VINTAGE FONT 4,4.13,2-5
22884,NUMBER TILE VINTAGE FONT 5,4.13,2-5
22885,NUMBER TILE VINTAGE FONT 6,4.13,2-5
22886,NUMBER TILE VINTAGE FONT 7,2.17,2-5
22887,NUMBER TILE VINTAGE FONT 8,3.15,2-5
22888,NUMBER TILE VINTAGE FONT 9,4.13,2-5
22889,NUMBER TILE VINTAGE FONT NO,4.13,2-5
22890,NOVELTY BISCUITS CAKE STAND 3 TIER,9.95,5-10
22891,TEA FOR ONE POLKADOT,4.25,2-5
22892,SET OF SALT AND PEPPER TOADSTOOLS,1.25,Under 2
22893,MINI CAKE STAND T-LIGHT HOLDER,0.42,Under 2
22894,TABLECLOTH RED APPLES DESIGN,9.95,5-10
22895,SET OF 2 TEA TOWELS APPLE AND PEARS,3.25,2-5
22896,PEG BAG APPLES DESIGN,2.55,2-5
22897,OVEN MITT APPLES DESIGN,1.45,Under 2
22898,CHILDRENS APRON APPLES DESIGN,1.95,Under 2
22899,CHILDREN'S APRON DOLLY GIRL,2.1,2-5
22900,SET 2 TEA TOWELS I LOVE LONDON,3.25,2-5
22902,TOTE BAG I LOVE LONDON,2.1,2-5
22903,CALENDAR FAMILY FAVOURITES,2.95,2-5
22904,CALENDAR PAPER CUT DESIGN,2.95,2-5
22905,CALENDAR IN SEASON DESIGN,2.95,2-5
22906,12 MESSAGE CARDS WITH ENVELOPES,1.65,Under 2
22907,PACK OF 20 NAPKINS PANTRY DESIGN,0.85,Under 2
22908,PACK OF 20 NAPKINS RED APPLES,0.85,Under 2
22909,SET OF 20 VINTAGE CHRISTMAS NAPKINS,0.85,Under 2
22910,PAPER CHAIN KIT VINTAGE CHRISTMAS,2.95,2-5
22911,PAPER CHAIN KIT LONDON,2.95,2-5
22912,YELLOW COAT RACK PARIS FASHION,4.95,2-5
22913,RED COAT RACK PARIS FASHION,4.95,2-5
22914,BLUE COAT RACK PARIS FASHION,4.95,2-5
22915,ASSORTED BOTTLE TOP  MAGNETS,0.42,Under 2
22916,HERB MARKER THYME,0.65,Under 2
22917,HERB MARKER ROSEMARY,0.65,Under 2
22918,HERB MARKER PARSLEY,0.65,Under 2
22919,HERB MARKER MINT,0.65,Under 2
22920,HERB MARKER BASIL,0.65,Under 2
22921,HERB MARKER CHIVES,0.65,Under 2
22922,FRIDGE MAGNETS US DINER ASSORTED,0.85,Under 2
22923,FRIDGE MAGNETS LES ENFANTS ASSORTED,0.85,Under 2
22924,FRIDGE MAGNETS LA VIE EN ROSE,0.85,Under 2
22925,BLUE GIANT GARDEN THERMOMETER,5.95,5-10
22926,IVORY GIANT GARDEN THERMOMETER,5.95,5-10
22927,GREEN GIANT GARDEN THERMOMETER,5.95,5-10
22928,YELLOW GIANT GARDEN THERMOMETER,5.95,5-10
22929,SCHOOL DESK AND CHAIR,65.0,10+
22930,BAKING MOULD HEART MILK CHOCOLATE,2.55,2-5
22931,BAKING MOULD HEART WHITE CHOCOLATE,2.55,2-5
22932,BAKING MOULD TOFFEE CUP CHOCOLATE,2.55,2-5
22933,BAKING MOULD EASTER EGG MILK CHOC,2.95,2-5
22934,BAKING MOULD EASTER EGG WHITE CHOC,2.95,2-5
22935,BAKING MOULD ROSE MILK CHOCOLATE,3.25,2-5
22936,BAKING MOULD ROSE WHITE CHOCOLATE,3.25,2-5
22937,BAKING MOULD CHOCOLATE CUPCAKES,2.55,2-5
22938,CUPCAKE LACE PAPER SET 6,1.95,Under 2
22939,ADULT APRON APPLE DELIGHT,4.95,2-5
22940,FELTCRAFT CHRISTMAS FAIRY,4.25,2-5
22941,CHRISTMAS LIGHTS 10 REINDEER,8.5,5-10
22942,CHRISTMAS LIGHTS 10 SANTAS,8.5,5-10
22943,CHRISTMAS LIGHTS 10 VINTAGE BAUBLES,4.95,2-5
22944,CHRISTMAS METAL POSTCARD WITH BELLS,0.97,Under 2
22945,CHRISTMAS METAL TAGS ASSORTED,0.85,Under 2
22946,WOODEN ADVENT CALENDAR CREAM,16.95,10+
22947,WOODEN ADVENT CALENDAR RED,16.63,10+
22948,METAL DECORATION NAUGHTY CHILDREN,0.85,Under 2
22949,SET OF 36 DOLLY GIRL PAPER DOILIES,1.45,Under 2
22950,36 DOILIES VINTAGE CHRISTMAS,1.45,Under 2
22951,60 CAKE CASES DOLLY GIRL DESIGN,0.55,Under 2
22952,60 CAKE CASES VINTAGE CHRISTMAS,0.55,Under 2
22953,BIRTHDAY PARTY CORDON BARRIER TAPE,1.25,Under 2
22954,HEN PARTY CORDON BARRIER TAPE,1.25,Under 2
22955,36 FOIL STAR CAKE CASES,2.1,2-5
22956,36 FOIL HEART CAKE CASES,2.1,2-5
22957,SET 3 PAPER VINTAGE CHICK PAPER EGG,2.95,2-5
22959,WRAP CHRISTMAS VILLAGE,0.42,Under 2
22960,JAM MAKING SET WITH JARS,4.25,2-5
22961,JAM MAKING SET PRINTED,1.45,Under 2
22962,JAM JAR WITH PINK LID,0.85,Under 2
22963,JAM JAR WITH GREEN LID,0.85,Under 2
22964,3 PIECE SPACEBOY COOKIE CUTTER SET,2.1,2-5
22965,3 TRADITIONAL BISCUIT CUTTERS  SET,2.1,2-5
22966,GINGERBREAD MAN COOKIE CUTTER,1.25,Under 2
22967,SET 3 SONG BIRD PAPER EGGS ASSORTED,2.95,2-5
22968,ROSE COTTAGE KEEPSAKE BOX,9.95,5-10
22969,HOMEMADE JAM SCENTED CANDLES,1.45,Under 2
22970,LONDON BUS COFFEE MUG,2.55,2-5
22971,QUEENS GUARD COFFEE MUG,2.55,2-5
22972,CHILDREN'S SPACEBOY MUG,1.65,Under 2
22973,CHILDREN'S CIRCUS PARADE MUG,1.65,Under 2
22974,CHILDRENS DOLLY GIRL MUG,1.65,Under 2
22975,SPACEBOY CHILDRENS EGG CUP,1.25,Under 2
22976,CIRCUS PARADE CHILDRENS EGG CUP,1.25,Under 2
22977,DOLLY GIRL CHILDRENS EGG CUP,1.25,Under 2
22978,PANTRY ROLLING PIN,3.75,2-5
22979,PANTRY WASHING UP BRUSH,1.45,Under 2
22980,PANTRY SCRUBBING BRUSH,1.65,Under 2
22981,PANTRY APPLE CORER,1.45,Under 2
22982,PANTRY PASTRY BRUSH,1.25,Under 2
22983,CARD BILLBOARD FONT,0.42,Under 2
22984,CARD GINGHAM ROSE,0.42,Under 2
22985,WRAP BILLBOARD FONTS DESIGN,0.42,Under 2
22986,WRAP GINGHAM ROSE,0.42,Under 2
22987,WRAP SUMMER ROSE DESIGN,0.42,Under 2
22988,SOLDIERS EGG CUP,1.25,Under 2
22989,SET 2 PANTRY DESIGN TEA TOWELS,3.25,2-5
22990,COTTON APRON PANTRY DESIGN,4.95,2-5
22991,GIRAFFE WOODEN RULER,1.95,Under 2
22992,REVOLVER WOODEN RULER,1.95,Under 2
22993,SET OF 4 PANTRY JELLY MOULDS,1.25,Under 2
22994,TRAVEL CARD WALLET RETROSPOT,0.42,Under 2
22995,TRAVEL CARD WALLET SUKI,0.42,Under 2
22996,TRAVEL CARD WALLET VINTAGE TICKET,0.42,Under 2
22997,TRAVEL CARD WALLET UNION JACK,0.42,Under 2
22998,TRAVEL CARD WALLET KEEP CALM,0.42,Under 2
22999,TRAVEL CARD WALLET VINTAGE LEAF,0.42,Under 2
23000,TRAVEL CARD WALLET TRANSPORT,0.42,Under 2
23002,TRAVEL CARD WALLET SKULLS,0.42,Under 2
23003,TRAVEL CARD WALLET VINTAGE ROSE,0.42,Under 2
23004,TRAVEL CARD WALLET PANTRY,0.42,Under 2
23005,TRAVEL CARD WALLET I LOVE LONDON,0.42,Under 2
23006,TRAVEL CARD WALLET FLOWER MEADOW,0.42,Under 2
23007,SPACEBOY BABY GIFT SET,16.95,10+
23008,DOLLY GIRL BABY GIFT SET,16.95,10+
23009,I LOVE LONDON BABY GIFT SET,16.95,10+
23010,CIRCUS PARADE BABY GIFT SET,16.95,10+
23012,GLASS APOTHECARY BOTTLE PERFUME,3.95,2-5
23013,GLASS APOTHECARY BOTTLE TONIC,3.95,2-5
23014,GLASS APOTHECARY BOTTLE ELIXIR,3.95,2-5
23015,CORDIAL GLASS JUG,8.25,5-10
23016,GLASS TWIST BON BON JAR,7.85,5-10
23017,APOTHECARY MEASURING JAR,12.5,10+
23018,LARGE APOTHECARY MEASURING JAR,12.5,10+
23019,SMALL APOTHECARY MEASURING JAR,8.25,5-10
23020,GLASS  SONGBIRD STORAGE JAR,12.5,10+
23021,GLASS BONNE JAM JAR,4.15,2-5
23022,SMALL BONNE JAM JAR  T-LIGHT HOLDER,2.08,2-5
23023,RIDGED BONNE JAM JAR T-LIGHT HOLDER,1.65,Under 2
23024,LARGE BONNE JAM JAR  T-LIGHT HOLDER,2.89,2-5
23025,DRAWER KNOB VINTAGE GLASS BALL,2.08,2-5
23026,DRAWER KNOB VINTAGE GLASS STAR,2.08,2-5
23027,DRAWER KNOB VINTAGE GLASS HEXAGON,2.08,2-5
23028,DRAWER KNOB CRACKLE GLAZE BLUE,1.65,Under 2
23029,DRAWER KNOB CRACKLE GLAZE GREEN,1.65,Under 2
23031,DRAWER KNOB CRACKLE GLAZE PINK,1.65,Under 2
23032,DRAWER KNOB CRACKLE GLAZE IVORY,1.65,Under 2
23033,DRAWER KNOB CERAMIC RED,1.45,Under 2
23034,DRAWER KNOB CERAMIC BLACK,1.45,Under 2
23035,DRAWER KNOB CERAMIC IVORY,1.45,Under 2
23036,T-LIGHT HOLDER SILVER PETIT FOUR,1.25,Under 2
23037,CANDLE HOLDER SILVER MADELINE,1.65,Under 2
23038,T-LIGHT HOLDER SILVER SAUCER,1.63,Under 2
23039,T-LIGHT HOLDER SILVER HEART HANDLE,1.95,Under 2
23040,PAPER LANTERN 9 POINT SNOW STAR,5.75,5-10
23041,PAPER LANTERN 9 POINT SNOW STAR,4.15,2-5
23042,PAPER LANTERN 7 POINT SNOW STAR,6.65,5-10
23043,PAPER LANTERN 9 POINT HOLLY STAR L,6.25,5-10
23044,PAPER LANTERN 9 POINT HOLLY STAR S,4.15,2-5
23045,PAPER LANTERN 5 POINT STAR MOON,4.15,2-5
23046,PAPER LANTERN 9 POINT DELUXE STAR,6.65,5-10
23047,PAPER LANTERN 5 POINT SEQUIN STAR,5.75,5-10
23048,SET OF 10 LANTERNS FAIRY LIGHT STAR,4.15,2-5
23049,RECYCLED ACAPULCO MAT RED,8.25,5-10
23050,RECYCLED ACAPULCO MAT GREEN,8.25,5-10
23051,RECYCLED ACAPULCO MAT BLUE,8.25,5-10
23052,RECYCLED ACAPULCO MAT TURQUOISE,8.25,5-10
23053,RECYCLED ACAPULCO MAT PINK,8.25,5-10
23054,RECYCLED ACAPULCO MAT LAVENDER,8.25,5-10
23055,IVORY CHANDELIER T-LIGHT HOLDER,6.25,5-10
23056,FLOWERS CHANDELIER T-LIGHT HOLDER,6.25,5-10
23057,BEADED CHANDELIER T-LIGHT HOLDER,4.95,2-5
23058,CHRISTMAS HANGING SNOWFLAKE,0.79,Under 2
23060,HEART BEADED TRELLIS DECORATION,2.08,2-5
23061,VINTAGE EMBOSSED HEART,1.25,Under 2
23064,CINDERELLA CHANDELIER,49.95,10+
23065,LARGE DECO JEWELLERY STAND,12.5,10+
23066,SMALL DECO JEWELLERY STAND,8.25,5-10
23067,HANGING ENGRAVED METAL HEART,4.15,2-5
23068,ALUMINIUM STAMPED HEART,2.49,2-5
23069,EDWARDIAN PHOTO FRAME,6.25,5-10
23070,EDWARDIAN HEART PHOTO FRAME,4.15,2-5
23071,MARIE ANTOINETTE TRINKET BOX GOLD,12.5,10+
23072,MARIE ANTOINETTE TRINKET BOX SILVER,12.5,10+
23073,GEORGIAN TRINKET BOX,12.5,10+
23074,EMBOSSED HEART TRINKET BOX,2.08,2-5
23075,PARLOUR CERAMIC WALL HOOK,4.15,2-5
23076,ICE CREAM SUNDAE LIP GLOSS,1.25,Under 2
23077,DOUGHNUT LIP GLOSS,1.25,Under 2
23078,ICE CREAM PEN LIP GLOSS,1.25,Under 2
23079,TOADSTOOL BEDSIDE LIGHT,8.95,5-10
23080,RED METAL BOX TOP SECRET,8.25,5-10
23081,GREEN METAL BOX ARMY SUPPLIES,8.25,5-10
23082,SET 6 PAPER TABLE LANTERN HEARTS,3.75,2-5
23083,SET 6 PAPER TABLE LANTERN STARS,3.75,2-5
23084,RABBIT NIGHT LIGHT,2.08,2-5
23085,ANTIQUE SILVER BAUBLE LAMP,10.4,10+
23086,ZINC  STAR T-LIGHT HOLDER,1.25,Under 2
23087,ZINC  HEART T-LIGHT HOLDER,1.25,Under 2
23088,ZINC HEART FLOWER T-LIGHT HOLDER,1.25,Under 2
23089,GLASS BON BON JAR,1.95,Under 2
23090,VINTAGE GLASS T-LIGHT HOLDER,0.83,Under 2
23091,ZINC HERB GARDEN CONTAINER,6.25,5-10
23092,LARGE ANTIQUE WHITE PHOTO FRAME,7.9,5-10
23093,SMALL PARISIENNE HEART PHOTO FRAME,2.49,2-5
23094,LE GRAND TRAY CHIC SET,12.5,10+
23096,PETIT TRAY CHIC,1.65,Under 2
23099,FRENCH CARRIAGE LANTERN,6.65,5-10
23100,SILVER BELLS TABLE DECORATION,1.25,Under 2
23101,SILVER STARS TABLE DECORATION,0.83,Under 2
23102,SILVER HEARTS TABLE DECORATION,0.83,Under 2
23103,JINGLE BELL HEART DECORATION,1.65,Under 2
23104,IVORY CAFE HANGING LAMP,12.5,10+
23106,ZINC HEARTS PLANT POT HOLDER,2.89,2-5
23107,WHITE HEARTS WIRE PLANT POT HOLDER,2.89,2-5
23108,SET OF 10 LED DOLLY LIGHTS,6.25,5-10
23109,PACK OF SIX LED TEA LIGHTS,2.89,2-5
23110,PARISIENNE KEY CABINET,5.75,5-10
23111,PARISIENNE SEWING BOX,12.5,10+
23112,PARISIENNE CURIO CABINET,7.5,5-10
23113,PANTRY CHOPPING BOARD,4.95,2-5
23114,VINTAGE LEAF CHOPPING BOARD,4.95,2-5
23115,RED APPLES CHOPPING BOARD,4.95,2-5
23116,VEGETABLE GARDEN CHOPPING BOARD,4.95,2-5
23117,POPPY FIELDS CHOPPING BOARD,4.95,2-5
23118,PARISIENNE JEWELLERY DRAWER,7.5,5-10
23119,PACK OF 6 LARGE FRUIT STRAWS,0.62,Under 2
23120,PACK OF 6 SMALL FRUIT STRAWS,0.42,Under 2
23121,PACK OF 6 COCKTAIL PARASOL STRAWS,0.42,Under 2
23122,PARTY CHARMS 50 PIECES,0.83,Under 2
23123,COCKTAIL SWORDS 50 PIECES,0.83,Under 2
23124,18PC WOODEN CUTLERY SET DISPOSABLE,1.25,Under 2
23125,6PC WOOD PLATE SET DISPOSABLE,2.46,2-5
23126,FELTCRAFT GIRL AMELIE KIT,4.95,2-5
23127,FELTCRAFT GIRL NICOLE KIT,4.95,2-5
23128,FELTCRAFT BOY JEAN-PAUL KIT,4.95,2-5
23129,HEART SHAPED HOLLY WREATH,4.15,2-5
23130,MISTLETOE HEART WREATH GREEN,4.15,2-5
23131,MISTLETOE HEART WREATH CREAM,4.15,2-5
23132,SMALL IVORY HEART WALL ORGANISER,5.75,5-10
23133,LARGE IVORY HEART WALL ORGANISER,8.25,5-10
23134,LARGE ZINC HEART WALL ORGANISER,8.25,5-10
23135,SMALL ZINC HEART WALL ORGANISER,5.75,5-10
23136,IVORY WIRE SWEETHEART LETTER TRAY,3.75,2-5
23137,ZINC WIRE SWEETHEART LETTER TRAY,3.75,2-5
23138,SINGLE WIRE HOOK IVORY HEART,1.45,Under 2
23139,SINGLE WIRE HOOK PINK HEART,1.45,Under 2
23140,TRIPLE WIRE HOOK IVORY HEART,4.15,2-5
23141,TRIPLE WIRE HOOK PINK HEART,4.15,2-5
23142,IVORY WIRE KITCHEN ORGANISER,10.4,10+
23143,ZINC WIRE KITCHEN ORGANISER,10.4,10+
23144,ZINC T-LIGHT HOLDER STARS SMALL,0.83,Under 2
23145,ZINC T-LIGHT HOLDER STAR LARGE,0.95,Under 2
23146,TRIPLE HOOK ANTIQUE IVORY ROSE,3.29,2-5
23147,SINGLE ANTIQUE ROSE HOOK IVORY,1.45,Under 2
23148,MINIATURE ANTIQUE ROSE HOOK IVORY,0.83,Under 2
23149,ANTIQUE IVORY WIRE BOWL SMALL,2.49,2-5
23150,IVORY SWEETHEART SOAP DISH,2.49,2-5
23151,ZINC SWEETHEART SOAP DISH,2.49,2-5
23152,IVORY SWEETHEART WIRE LETTER RACK,3.75,2-5
23153,ZINC SWEETHEART WIRE LETTER RACK,3.75,2-5
23154,SET OF 4 JAM JAR MAGNETS,2.08,2-5
23155,KNICKERBOCKERGLORY MAGNET ASSORTED,0.83,Under 2
23156,SET OF 5 MINI GROCERY MAGNETS,2.08,2-5
23157,SET OF 6 NATIVITY MAGNETS,2.08,2-5
23158,SET OF 5 LUCKY CAT MAGNETS,2.08,2-5
23159,SET OF 5 PANCAKE DAY MAGNETS,2.08,2-5
23160,REGENCY TEA SPOON,1.25,Under 2
23161,REGENCY CAKE FORK,1.25,Under 2
23162,REGENCY TEA STRAINER,3.75,2-5
23163,REGENCY SUGAR TONGS,2.49,2-5
23164,REGENCY CAKE SLICE,4.95,2-5
23165,LARGE CERAMIC TOP STORAGE JAR,1.65,Under 2
23166,MEDIUM CERAMIC TOP STORAGE JAR,1.25,Under 2
23167,SMALL CERAMIC TOP STORAGE JAR,0.83,Under 2
23168,CLASSIC CAFE SUGAR DISPENSER,1.25,Under 2
23169,CLASSIC GLASS COOKIE JAR,4.15,2-5
23170,REGENCY TEA PLATE ROSES,1.65,Under 2
23171,REGENCY TEA PLATE GREEN,1.65,Under 2
23172,REGENCY TEA PLATE PINK,1.65,Under 2
23173,REGENCY TEAPOT ROSES,9.95,5-10
23174,REGENCY SUGAR BOWL GREEN,4.15,2-5
23175,REGENCY MILK JUG PINK,3.25,2-5
23176,ABC TREASURE BOOK BOX,2.25,2-5
23177,TREASURE ISLAND BOOK BOX,2.25,2-5
23178,JAM CLOCK MAGNET,2.89,2-5
23179,CLOCK MAGNET MUM'S KITCHEN,2.89,2-5
23180,MUM'S KITCHEN CLOCK,4.95,2-5
23181,BULL DOG BOTTLE TOP WALL CLOCK,8.25,5-10
23182,TOILET SIGN OCCUPIED OR VACANT,0.83,Under 2
23183,MOTHER'S KITCHEN SPOON REST,3.75,2-5
23184,BULL DOG BOTTLE OPENER,4.95,2-5
23185,FRENCH STYLE STORAGE JAR JAM,0.29,Under 2
23186,FRENCH STYLE STORAGE JAR CAFE,0.29,Under 2
23187,FRENCH STYLE STORAGE JAR BONBONS,0.29,Under 2
23188,VINTAGE  2 METRE FOLDING RULER,1.65,Under 2
23189,SET OF 12 FORK CANDLES,2.89,2-5
23190,BUNDLE OF 3 SCHOOL EXERCISE BOOKS,1.65,Under 2
23191,BUNDLE OF 3 RETRO NOTE BOOKS,1.65,Under 2
23192,BUNDLE OF 3 ALPHABET EXERCISE BOOKS,1.65,Under 2
23193,BUFFALO BILL TREASURE BOOK BOX,2.25,2-5
23194,GYMKHANA TREASURE BOOK BOX,2.25,2-5
23196,VINTAGE LEAF MAGNETIC NOTEPAD,1.45,Under 2
23197,SKETCHBOOK MAGNETIC SHOPPING LIST,1.45,Under 2
23198,PANTRY MAGNETIC  SHOPPING LIST,1.45,Under 2
23199,JUMBO BAG APPLES,2.08,2-5
23200,JUMBO BAG PEARS,2.08,2-5
23201,JUMBO BAG ALPHABET,2.08,2-5
23202,JUMBO BAG VINTAGE LEAF,2.08,2-5
23203,JUMBO BAG VINTAGE DOILY,2.08,2-5
23204,CHARLOTTE BAG APPLES DESIGN,0.85,Under 2
23205,CHARLOTTE BAG VINTAGE ALPHABET,0.85,Under 2
23206,LUNCH BAG APPLE DESIGN,1.65,Under 2
23207,LUNCH BAG ALPHABET DESIGN,1.65,Under 2
23208,LUNCH BAG VINTAGE LEAF DESIGN,1.65,Under 2
23209,LUNCH BAG VINTAGE DOILY,1.65,Under 2
23210,WHITE ROCKING HORSE HAND PAINTED,1.25,Under 2
23211,RED ROCKING HORSE HAND PAINTED,1.25,Under 2
23212,HEART WREATH DECORATION WITH BELL,1.25,Under 2
23213,STAR WREATH DECORATION WITH BELL,1.25,Under 2
23214,JINGLE BELL HEART ANTIQUE GOLD,2.08,2-5
23215,JINGLE BELL HEART ANTIQUE SILVER,2.08,2-5
23216,LAUREL HEART ANTIQUE GOLD,1.25,Under 2
23217,LAUREL HEART ANTIQUE SILVER,1.25,Under 2
23218,LAUREL STAR ANTIQUE GOLD,1.25,Under 2
23219,LAUREL STAR ANTIQUE SILVER,1.25,Under 2
23220,REINDEER HEART DECORATION GOLD,0.83,Under 2
23221,REINDEER HEART DECORATION SILVER,0.83,Under 2
23222,CHRISTMAS TREE HANGING GOLD,0.83,Under 2
23223,CHRISTMAS TREE HANGING SILVER,0.83,Under 2
23224,CHERUB HEART DECORATION GOLD,0.83,Under 2
23225,CHERUB HEART DECORATION SILVER,0.83,Under 2
23226,FILIGREE HEART DAISY WHITE,1.25,Under 2
23227,FILIGREE HEART BUTTERFLY WHITE,1.25,Under 2
23228,FILIGREE HEART BIRD WHITE,1.25,Under 2
23229,VINTAGE DONKEY TAIL GAME,3.75,2-5
23230,WRAP ALPHABET DESIGN,0.42,Under 2
23231,WRAP  VINTAGE DOILY,0.42,Under 2
23232,WRAP VINTAGE LEAF DESIGN,0.42,Under 2
23233,WRAP POPPIES  DESIGN,0.42,Under 2
23234,BISCUIT TIN VINTAGE CHRISTMAS,2.89,2-5
23235,STORAGE TIN VINTAGE LEAF,2.89,2-5
23236,STORAGE TIN VINTAGE DOILY,2.89,2-5
23237,SET OF 4 KNICK KNACK TINS LEAF,4.15,2-5
23238,SET OF 4 KNICK KNACK TINS LONDON,4.15,2-5
23239,SET OF 4 KNICK KNACK TINS POPPIES,4.15,2-5
23240,SET OF 4 KNICK KNACK TINS DOILY,4.15,2-5
23241,TREASURE TIN GYMKHANA DESIGN,2.08,2-5
23242,TREASURE TIN BUFFALO BILL,2.08,2-5
23243,SET OF TEA COFFEE SUGAR TINS PANTRY,4.95,2-5
23244,ROUND STORAGE TIN VINTAGE LEAF,1.95,Under 2
23245,SET OF 3 REGENCY CAKE TINS,4.95,2-5
23247,BISCUIT TIN 50'S CHRISTMAS,2.89,2-5
23249,VINTAGE RED ENAMEL TRIM PLATE,1.65,Under 2
23250,VINTAGE RED TRIM ENAMEL BOWL,1.25,Under 2
23251,VINTAGE RED ENAMEL TRIM MUG,1.25,Under 2
23252,VINTAGE RED ENAMEL TRIM JUG,3.75,2-5
23253,16 PIECE CUTLERY SET PANTRY DESIGN,15.95,10+
23254,CHILDRENS CUTLERY DOLLY GIRL,4.15,2-5
23255,CHILDRENS CUTLERY CIRCUS PARADE,4.15,2-5
23256,CHILDRENS CUTLERY SPACEBOY,4.15,2-5
23263,SET OF 3 WOODEN HEART DECORATIONS,1.25,Under 2
23264,SET OF 3 WOODEN SLEIGH DECORATIONS,1.25,Under 2
23265,SET OF 3 WOODEN TREE DECORATIONS,1.25,Under 2
23266,SET OF 3 WOODEN STOCKING DECORATION,1.25,Under 2
23267,SET OF 4 SANTA PLACE SETTINGS,1.25,Under 2
23268,SET OF 2 CERAMIC CHRISTMAS REINDEER,1.45,Under 2
23269,SET OF 2 CERAMIC CHRISTMAS TREES,1.45,Under 2
23270,SET OF 2 CERAMIC PAINTED HEARTS,1.45,Under 2
23271,CHRISTMAS TABLE SILVER CANDLE SPIKE,0.83,Under 2
23272,TREE T-LIGHT HOLDER WILLIE WINKIE,1.65,Under 2
23273,HEART T-LIGHT HOLDER WILLIE WINKIE,1.65,Under 2
23274,STAR T-LIGHT HOLDER WILLIE WINKIE,1.65,Under 2
23275,SET OF 3 HANGING OWLS OLLIE BEAK,1.25,Under 2
23280,FOLDING BUTTERFLY MIRROR HOT PINK,0.83,Under 2
23281,FOLDING BUTTERFLY MIRROR RED,0.83,Under 2
23282,FOLDING BUTTERFLY MIRROR IVORY,0.83,Under 2
23283,DOORMAT VINTAGE LEAF,7.95,5-10
23284,DOORMAT KEEP CALM AND COME IN,7.95,5-10
23285,PINK VINTAGE SPOT BEAKER,0.85,Under 2
23286,BLUE VINTAGE SPOT BEAKER,0.85,Under 2
23287,RED VINTAGE SPOT BEAKER,0.85,Under 2
23288,GREEN VINTAGE SPOT BEAKER,0.85,Under 2
23289,DOLLY GIRL CHILDRENS BOWL,1.25,Under 2
23290,SPACEBOY CHILDRENS BOWL,1.25,Under 2
23291,DOLLY GIRL CHILDRENS CUP,1.25,Under 2
23292,SPACEBOY CHILDRENS CUP,1.25,Under 2
23293,SET OF 12 FAIRY CAKE BAKING CASES,0.83,Under 2
23294,SET OF 6 SNACK LOAF BAKING CASES,0.83,Under 2
23295,SET OF 12 MINI LOAF BAKING CASES,0.83,Under 2
23296,SET OF 6 TEA TIME BAKING CASES,1.25,Under 2
23297,SET 40 HEART SHAPE PETIT FOUR CASES,1.65,Under 2
23298,SPOTTY BUNTING,4.95,2-5
23299,FOOD COVER WITH BEADS SET 2,3.75,2-5
23300,GARDENERS KNEELING PAD CUP OF TEA,1.65,Under 2
23301,GARDENERS KNEELING PAD KEEP CALM,1.65,Under 2
23302,KNEELING MAT HOUSEWORK  DESIGN,1.65,Under 2
23303,SET 4 PICNIC CUTLERY FONDANT,1.95,Under 2
23304,SET 4 PICNIC CUTLERY CHERRY,1.95,Under 2
23305,SET 4 PICNIC CUTLERY BLUEBERRY,1.95,Under 2
23306,SET OF 36 PANTRY PAPER DOILIES,1.45,Under 2
23307,SET OF 60 PANTRY DESIGN CAKE CASES,0.55,Under 2
23308,SET OF 60 VINTAGE LEAF CAKE CASES,0.55,Under 2
23309,SET OF 60 I LOVE LONDON CAKE CASES,0.55,Under 2
23310,BUBBLEGUM RING ASSORTED,0.42,Under 2
23311,VINTAGE CHRISTMAS STOCKING,2.55,2-5
23312,VINTAGE CHRISTMAS GIFT SACK,4.15,2-5
23313,VINTAGE CHRISTMAS BUNTING,4.95,2-5
23314,VINTAGE CHRISTMAS TABLECLOTH,12.5,10+
23315,IVORY REFECTORY CLOCK,9.95,5-10
23316,RED REFECTORY CLOCK,9.95,5-10
23317,BLUE REFECTORY CLOCK,9.95,5-10
23318,BOX OF 6 MINI VINTAGE CRACKERS,2.49,2-5
23319,BOX OF 6 MINI 50'S CRACKERS,2.49,2-5
23320,GIANT 50'S CHRISTMAS CRACKER,2.89,2-5
23321,SMALL WHITE HEART OF WICKER,1.65,Under 2
23322,LARGE WHITE HEART OF WICKER,2.95,2-5
23323,WHITE WICKER STAR,2.1,2-5
23324,RUSTIC STRAWBERRY JAM POT LARGE,2.08,2-5
23325,RUSTIC STRAWBERRY JAM POT SMALL,1.65,Under 2
23326,HANGING MINI COLOURED BOTTLES,0.63,Under 2
23327,HANGING CLEAR MINI BOTTLE,0.63,Under 2
23328,SET 6 SCHOOL MILK BOTTLES IN CRATE,3.75,2-5
23329,DECORATIVE WICKER HEART LARGE,1.65,Under 2
23330,DECORATIVE WICKER HEART MEDIUM,1.25,Under 2
23331,DECORATIVE WICKER HEART SMALL,0.63,Under 2
23332,IVORY WICKER HEART LARGE,1.65,Under 2
23333,IVORY WICKER HEART MEDIUM,1.25,Under 2
23334,IVORY WICKER HEART SMALL,0.63,Under 2
23335,EGG FRYING PAN IVORY,2.08,2-5
23336,EGG FRYING PAN PINK,2.08,2-5
23337,EGG FRYING PAN MINT,2.08,2-5
23338,EGG FRYING PAN RED,2.08,2-5
23339,EGG FRYING PAN BLUE,2.08,2-5
23340,VINTAGE CHRISTMAS CAKE FRILL,1.65,Under 2
23341,PINK DINER WALL CLOCK,8.5,5-10
23342,MINT DINER WALL CLOCK,8.5,5-10
23343,JUMBO BAG VINTAGE CHRISTMAS,2.08,2-5
23344,JUMBO BAG 50'S CHRISTMAS,2.08,2-5
23345,DOLLY GIRL BEAKER,1.25,Under 2
23346,SPACEBOY BEAKER,1.25,Under 2
23347,I LOVE LONDON BEAKER,1.25,Under 2
23348,CHILDRENS TOY COOKING UTENSIL SET,2.08,2-5
23349,ROLL WRAP VINTAGE CHRISTMAS,1.25,Under 2
23350,ROLL WRAP VINTAGE SPOT,1.25,Under 2
23351,ROLL WRAP 50'S CHRISTMAS,1.25,Under 2
23352,ROLL WRAP 50'S RED CHRISTMAS,1.25,Under 2
23353,6 GIFT TAGS VINTAGE CHRISTMAS,0.83,Under 2
23354,6 GIFT TAGS 50'S CHRISTMAS,0.83,Under 2
23355,HOT WATER BOTTLE KEEP CALM,4.95,2-5
23356,LOVE HOT WATER BOTTLE,5.95,5-10
23357,HOT WATER BOTTLE SEX BOMB,4.95,2-5
23358,HOT STUFF HOT WATER BOTTLE,3.75,2-5
23359,SET OF 12 T-LIGHTS VINTAGE DOILY,1.95,Under 2
23360,SET 8 CANDLES VINTAGE DOILY,1.95,Under 2
23365,SET 12 COLOUR PENCILS LOVE LONDON,0.65,Under 2
23366,SET 12 COLOURING PENCILS DOILY,0.65,Under 2
23367,SET 12 COLOUR PENCILS SPACEBOY,0.65,Under 2
23368,SET 12 COLOUR PENCILS DOLLY GIRL,0.65,Under 2
23369,SET 36 COLOUR PENCILS LOVE LONDON,1.25,Under 2
23370,SET 36 COLOURING PENCILS DOILY,1.25,Under 2
23371,SET 36 COLOUR PENCILS SPACEBOY,1.25,Under 2
23372,SET 36 COLOUR PENCILS DOLLY GIRL,1.25,Under 2
23373,VINTAGE CHRISTMAS PAPER GIFT BAG,0.82,Under 2
23374,RED SPOT PAPER GIFT BAG,0.82,Under 2
23375,50'S CHRISTMAS PAPER GIFT BAG,0.82,Under 2
23376,PACK OF 12 VINTAGE CHRISTMAS TISSUE,0.39,Under 2
23377,PACK OF 12 DOLLY GIRL TISSUES,0.39,Under 2
23378,PACK OF 12 50'S CHRISTMAS TISSUES,0.39,Under 2
23379,PACK OF 12 RED APPLE TISSUES,0.39,Under 2
23380,PACK OF 12 VINTAGE DOILY TISSUES,0.39,Under 2
23381,PACK OF 12 VINTAGE LEAF TISSUES,0.39,Under 2
23382,BOX OF 6 CHRISTMAS CAKE DECORATIONS,3.75,2-5
23388,WOODLAND MINI BACKPACK,4.15,2-5
23389,SPACEBOY MINI BACKPACK,4.15,2-5
23390,DOLLY GIRL MINI BACKPACK,4.15,2-5
23391,I LOVE LONDON MINI BACKPACK,4.15,2-5
23392,SPACEBOY ROCKET LOLLY MAKERS,2.08,2-5
23393,HOME SWEET HOME CUSHION COVER,3.75,2-5
23394,POSTE FRANCE CUSHION COVER,3.75,2-5
23395,BELLE JARDINIERE CUSHION COVER,3.75,2-5
23396,LE JARDIN BOTANIQUE CUSHION COVER,3.75,2-5
23397,FOOT STOOL HOME SWEET HOME,9.95,5-10
23398,HANGING HEART BONHEUR,0.85,Under 2
23399,HOME SWEET HOME HANGING HEART,0.85,Under 2
23400,SHELF WITH 4 HOOKS HOME SWEET HOME,6.25,5-10
23401,RUSTIC MIRROR WITH LACE HEART,6.25,5-10
23402,HOME SWEET HOME 3 PEG HANGER,3.75,2-5
23403,LETTER HOLDER HOME SWEET HOME,3.75,2-5
23404,HOME SWEET HOME BLACKBOARD,4.95,2-5
23405,HOME SWEET HOME 2 DRAWER CABINET,4.95,2-5
23406,HOME SWEET HOME KEY HOLDER,6.25,5-10
23407,SET OF 2 TRAYS HOME SWEET HOME,9.95,5-10
23408,PHOTO FRAME LINEN AND LACE SMALL,2.08,2-5
23409,PHOTO FRAME LINEN AND LACE LARGE,3.75,2-5
23410,CURIO CABINET LINEN AND LACE,8.15,5-10
23411,TRELLIS COAT RACK,4.95,2-5
23412,HEART MIRROR ANTIQUE WHITE,7.5,5-10
23413,DECORATIVE VINTAGE COFFEE  BOX,4.95,2-5
23414,ZINC BOX SIGN HOME,9.95,5-10
23415,HOME SWEET HOME HOOK,1.65,Under 2
23416,CHAMBRE HOOK,1.65,Under 2
23417,BATHROOM HOOK,1.65,Under 2
23418,LAVENDER TOILETTE BOTTLE,2.08,2-5
23419,HOME SWEET HOME BOTTLE,2.08,2-5
23420,PANTRY HOOK TEA STRAINER,2.08,2-5
23421,PANTRY HOOK SPATULA,2.08,2-5
23422,PANTRY HOOK BALLOON WHISK,2.08,2-5
23423,PANTRY 3 HOOK ROLLING PIN HANGER,3.75,2-5
23424,GINGHAM RECIPE BOOK BOX,4.95,2-5
23425,STORAGE TIN HOME SWEET HOME,2.49,2-5
23426,METAL SIGN DROP YOUR PANTS,2.89,2-5
23427,STOOL HOME SWEET HOME,12.5,10+
23428,IVORY RETRO KITCHEN WALL CLOCK,8.15,5-10
23429,RED RETRO KITCHEN WALL CLOCK,8.15,5-10
23430,BLUE RETRO KITCHEN WALL CLOCK,8.15,5-10
23431,NATURAL HANGING QUILTED HEARTS,0.83,Under 2
23432,PRETTY HANGING QUILTED HEARTS,0.83,Under 2
23433,HANGING QUILTED PATCHWORK APPLES,0.83,Under 2
23434,3 RAFFIA RIBBONS 50'S CHRISTMAS,0.79,Under 2
23435,3 RAFFIA RIBBONS VINTAGE CHRISTMAS,0.83,Under 2
23436,VINTAGE CHRISTMAS GIFT BAG LARGE,1.25,Under 2
23437,50'S CHRISTMAS GIFT BAG LARGE,1.25,Under 2
23438,RED SPOT GIFT BAG LARGE,1.25,Under 2
23439,HAND WARMER RED LOVE HEART,2.1,2-5
23440,PAINT YOUR OWN EGGS IN CRATE,2.08,2-5
23441,HAND PAINTED HANGING EASTER EGG,0.42,Under 2
23442,12 HANGING EGGS HAND PAINTED,2.08,2-5
23444,NEXT DAY CARRIAGE,15.0,10+
23445,ICE CREAM BUBBLES,0.83,Under 2
23446,BLUE BUNNY EASTER EGG BASKET,1.65,Under 2
23447,PINK BUNNY EASTER EGG BASKET,1.65,Under 2
23448,CREAM BUNNY EASTER EGG BASKET,1.65,Under 2
23449,SET OF 6 EASTER RAINBOW CHICKS,1.25,Under 2
23451,SQUARE MINI PORTRAIT FRAME,1.95,Under 2
23452,HEART MINI PORTRAIT FRAME,1.95,Under 2
23453,OVAL  MINI PORTRAIT FRAME,1.95,Under 2
23454,THREE MINI HANGING FRAMES,4.15,2-5
23455,SMALL PARLOUR PICTURE FRAME,2.89,2-5
23456,MEDIUM PARLOUR PICTURE FRAME,4.15,2-5
23457,LARGE PARLOUR PICTURE FRAME,4.95,2-5
23458,DOLLY CABINET 3 DRAWERS,14.95,10+
23459,DOLLY CABINET 2 DRAWERS,12.5,10+
23460,SWEETHEART WALL TIDY,9.95,5-10
23461,SWEETHEART BIRD HOUSE,4.15,2-5
23462,ROCOCO WALL MIRROR WHITE,19.95,10+
23463,VINTAGE ZINC WATERING CAN,9.95,5-10
23464,VINTAGE ZINC WATERING CAN SMALL,4.95,2-5
23465,TUSCAN VILLA BIRD FEEDER,8.25,5-10
23466,TUSCAN VILLA DOVECOTE BIRD FEEDER,8.25,5-10
23467,VINTAGE ZINC PLANTER,3.29,2-5
23468,TUSCAN VILLA BIRD TABLE,8.25,5-10
23469,CARD HOLDER LOVE BIRD SMALL,4.15,2-5
23470,CARD HOLDER LOVE BIRD LARGE,6.25,5-10
23471,SIX DRAWER OFFICE TIDY,9.95,5-10
23472,NINE DRAWER OFFICE TIDY,14.95,10+
23473,WOODLAND SMALL RED FELT HEART,0.83,Under 2
23474,WOODLAND SMALL BLUE FELT HEART,0.83,Under 2
23475,WOODLAND SMALL PINK FELT HEART,0.83,Under 2
23476,WOODLAND LARGE RED FELT HEART,1.25,Under 2
23477,WOODLAND LARGE BLUE FELT HEART,1.25,Under 2
23478,WOODLAND LARGE PINK FELT HEART,1.25,Under 2
23479,WIRE EGG BASKET,7.85,5-10
23480,MINI LIGHTS WOODLAND MUSHROOMS,3.75,2-5
23481,PEARLISED IVORY HEART SMALL,1.25,Under 2
23482,PEARLISED IVORY HEART LARGE,1.65,Under 2
23483,HANGING  BUTTERFLY T-LIGHT HOLDER,1.25,Under 2
23484,HEART TRELLIS TRIPLE T-LIGHT HOLDER,2.89,2-5
23485,BOTANICAL GARDENS WALL CLOCK,25.0,10+
23486,ANTIQUE HEART SHELF UNIT,16.65,10+
23487,SWEET HEART CAKE CARRIER,9.95,5-10
23489,VINTAGE BELLS GARLAND,2.89,2-5
23490,T-LIGHT HOLDER HANGING LOVE BIRD,3.75,2-5
23491,VINTAGE JINGLE BELLS HEART,8.25,5-10
23492,VINTAGE JINGLE BELLS WREATH,8.25,5-10
23493,VINTAGE DOILY TRAVEL SEWING KIT,1.95,Under 2
23494,VINTAGE DOILY DELUXE SEWING KIT,5.95,5-10
23495,SET OF 3 PANTRY WOODEN SPOONS,1.25,Under 2
23496,PANTRY KITCHEN THERMOMETER,1.25,Under 2
23497,CLASSIC CHROME BICYCLE BELL,1.45,Under 2
23498,CLASSIC BICYCLE CLIPS,1.45,Under 2
23499,SET 12 VINTAGE DOILY CHALK,0.42,Under 2
23500,KEY RING BASEBALL BOOT ASSORTED,1.25,Under 2
23501,KEY RING BASEBALL BOOT UNION JACK,1.25,Under 2
23502,PLAYING CARDS VINTAGE DOILY,1.25,Under 2
23503,PLAYING CARDS KEEP CALM & CARRY ON,1.25,Under 2
23504,PLAYING CARDS JUBILEE UNION JACK,1.25,Under 2
23505,PLAYING CARDS I LOVE LONDON,1.25,Under 2
23506,MINI PLAYING CARDS SPACEBOY,0.42,Under 2
23507,MINI PLAYING CARDS BUFFALO BILL,0.42,Under 2
23508,MINI PLAYING CARDS DOLLY GIRL,0.42,Under 2
23509,MINI PLAYING CARDS FUN FAIR,0.42,Under 2
23510,MINI PLAYING CARDS GYMKHANA,0.42,Under 2
23511,EMBROIDERED RIBBON REEL EMILY,2.08,2-5
23512,EMBROIDERED RIBBON REEL ROSIE,2.08,2-5
23513,EMBROIDERED RIBBON REEL SUSIE,2.08,2-5
23514,EMBROIDERED RIBBON REEL SALLY,2.08,2-5
23515,EMBROIDERED RIBBON REEL DAISY,2.08,2-5
23516,EMBROIDERED RIBBON REEL SOPHIE,3.75,2-5
23517,EMBROIDERED RIBBON REEL REBECCA,2.89,2-5
23518,EMBROIDERED RIBBON REEL RACHEL,2.89,2-5
23519,EMBROIDERED RIBBON REEL CLAIRE,3.75,2-5
23520,EMBROIDERED RIBBON REEL RUBY,3.75,2-5
23521,WALL ART CAT AND BIRD,4.34,2-5
23522,WALL ART DOG AND BALL,2.89,2-5
23523,WALL ART TREASURE AHOY,3.75,2-5
23524,WALL ART HORSE & PONY,3.75,2-5
23525,WALL ART BUFFALO BILL,3.75,2-5
23526,WALL ART DOG LICENCE,5.95,5-10
23527,WALL ART ANIMALS AND NATURE,3.75,2-5
23528,WALL ART SPACEBOY,3.75,2-5
23529,WALL ART DOLLY GIRL,3.75,2-5
23530,WALL ART ONLY ONE PERSON,4.95,2-5
23531,WALL ART BIG LOVE,6.95,5-10
23532,WALL ART WORK REST AND PLAY,4.95,2-5
23533,WALL ART GARDEN HAVEN,5.95,5-10
23534,WALL ART STOP FOR TEA,5.95,5-10
23535,WALL ART BICYCLE SAFETY,5.95,5-10
23536,WALL ART VILLAGE SHOW,5.95,5-10
23537,WALL ART I LOVE LONDON,4.95,2-5
23538,WALL ART VINTAGE HEART,4.95,2-5
23539,WALL ART LOVES' SECRET,5.95,5-10
23540,WALL ART THE MAGIC FOREST,6.95,5-10
23541,WALL ART CLASSIC PUDDINGS,8.25,5-10
23542,WALL ART 70'S ALPHABET,8.25,5-10
23543,WALL ART KEEP CALM,8.25,5-10
23544,WALL ART MID CENTURY MODERN,8.25,5-10
23545,WRAP RED VINTAGE DOILY,0.42,Under 2
23546,WRAP PAISLEY PARK,0.42,Under 2
23547,WRAP FLOWER SHOP,0.42,Under 2
23548,WRAP MAGIC FOREST,0.42,Under 2
23549,WRAP BIRD GARDEN,0.42,Under 2
23550,WRAP ALPHABET POSTER,0.42,Under 2
23551,PACK OF 12 PAISLEY PARK TISSUES,0.39,Under 2
23552,BICYCLE PUNCTURE REPAIR KIT,2.08,2-5
23553,LANDMARK FRAME CAMDEN TOWN,12.5,10+
23554,LANDMARK FRAME OXFORD STREET,12.5,10+
23555,LANDMARK FRAME NOTTING HILL,12.5,10+
23556,LANDMARK FRAME COVENT GARDEN,12.5,10+
23557,LANDMARK FRAME BAKER STREET,12.5,10+
23558,LANDMARK FRAME LONDON BRIDGE,12.5,10+
23559,WOODLAND BUNNIES LOLLY MAKERS,2.08,2-5
23560,SET OF 6 RIBBONS COUNTRY STYLE,2.89,2-5
23561,SET OF 6 RIBBONS PARTY,2.89,2-5
23562,SET OF 6 RIBBONS PERFECTLY PRETTY,2.89,2-5
23564,EGG CUP MILKMAID INGRID,1.25,Under 2
23565,EGG CUP MILKMAID HELGA,1.25,Under 2
23566,EGG CUP MILKMAID HEIDI,1.25,Under 2
23567,EGG CUP HENRIETTA HEN PINK,1.25,Under 2
23568,EGG CUP HENRIETTA HEN CREAM,1.25,Under 2
23569,TRADTIONAL ALPHABET STAMP SET,4.95,2-5
23570,TRADITIONAL PICK UP STICKS GAME,1.25,Under 2
23571,TRADITIONAL NAUGHTS & CROSSES,1.65,Under 2
23574,PACKING CHARGE,7.5,5-10
23575,SNACK TRAY PAISLEY PARK,1.95,Under 2
23576,SNACK TRAY RED VINTAGE DOILY,1.95,Under 2
23578,SNACK TRAY RED GINGHAM,1.95,Under 2
23579,SNACK TRAY I LOVE LONDON,1.95,Under 2
23580,SNACK TRAY HAPPY FOREST,1.95,Under 2
23581,JUMBO BAG PAISLEY PARK,2.08,2-5
23582,VINTAGE DOILY JUMBO BAG RED,2.08,2-5
23583,LUNCH BAG PAISLEY PARK,1.65,Under 2
23597,PAPER BUNTING PAISLEY PARK,2.95,2-5
23598,PAPER BUNTING VINTAGE PARTY,2.95,2-5
23601,SET 10 CARDS SNOWY SNOWDROPS  17100,2.49,2-5
23602,SET 10 CARDS 3 WISE MEN 17107,2.91,2-5
23603,SET 10 CARD KRAFT REINDEER 17084,2.49,2-5
23604,SET 10 MINI SANTA & SNOWMAN  17087,1.66,Under 2
23605,SET 10 CARDS 12 DAYS OF XMAS 17059,2.91,2-5
23607,SET 10 CARDS HATS & STOCKINGS 17081,1.66,Under 2
23608,SET 10 CARDS RUDOLPHS NOSE 17097,2.91,2-5
23609,SET 10 CARDS SNOWY ROBIN 17099,2.91,2-5
23610,SET 10 CARDS CHRISTMAS ROBIN 17095,2.08,2-5
23611,SET 10 CARDS RED RIDING HOOD 17214,2.49,2-5
23612,SET 10 MINICARDS CUTE SNOWMAN 17071,1.66,Under 2
23613,SET 10 XMAS CARDS & BADGES 17070,2.49,2-5
23614,SET 10 CARDS 12 DAYS WRAP  17058,3.33,2-5
23615,SET 10 CARDS PRINTED GRAPHIC 17219,2.49,2-5
23616,SET 10 CARDS JINGLE BELLS 17217,2.49,2-5
23617,SET 10 CARDS SWIRLY XMAS TREE 17104,2.91,2-5
23619,SET 10 CARDS POINSETTIA 17093,2.49,2-5
23620,SET 10 CARDS PERFECT POST 17090,2.49,2-5
23621,SET 10 CARDS DAVID'S MADONNA 17074,2.49,2-5
23623,SET 10 CARD CHRISTMAS WELCOME 17112,2.91,2-5
23624,SET 10 CARD PERFECT NATIVITY 17089,2.49,2-5
23625,SET 6 CARDS SPARKLY REINDEER 17262,4.99,2-5
23626,SET 10 CARDS DINKY TREE 17076,2.49,2-5
23627,SET 10 CARDS XMAS GRAPHIC  17218,2.49,2-5
23628,SET 10 CARDS TRIANGLE ICONS  17220,2.91,2-5
23629,SET 10 CARDS DRESSING UP 17077,2.49,2-5
23630,SET 10 CARDS HANGING BAUBLES 17080,2.74,2-5
23632,SET 10 CARDS CHEERFUL ROBIN 17065,2.08,2-5
23633,SET 10 CARDS WORLD CHILDREN 17067,2.49,2-5
23634,SET 10 CARDS XMAS CHOIR 17068,2.91,2-5
23635,SET 10 CARDS CHRISTMAS HOLLY  17259,4.16,2-5
23636,SET 10 CARDS WISHING TREE 17116,2.91,2-5
23637,SET 10 CARDS OUT OF ORDER 17216,2.49,2-5
23638,SET 10 CARDS ROBIN WATERPUMP  17096,2.91,2-5
23639,SET 10 CARDS MAGICAL TREE 17086,3.33,2-5
23640,SET 10 CARDS SCOTTIE DOG 17211,2.49,2-5
23643,SET 10 CARDS CHRISTMAS BAUBLE 16954,3.33,2-5
23644,SET 10 CARDS CHRISTMAS TREE 16955,3.33,2-5
23645,SET 10 CHRISTMAS CARDS HOHOHO 16956,2.49,2-5
23646,SET 10 CARDS JINGLE BELLS 16957,2.49,2-5
23649,SET 10 CARDS DECK THE HALLS 16960,2.49,2-5
23650,SET 10 CARDS FILIGREE BAUBLE 16961,2.49,2-5
23652,SET 10 CARD CHRISTMAS STAMPS 16963,2.91,2-5
23654,SET 10 CARD SNOWMAN 16965,2.49,2-5
23660,HENRIETTA HEN MUG,1.65,Under 2
23661,MILK MAIDS MUG,1.65,Under 2
23664,FLOWER SHOP DESIGN MUG,1.65,Under 2
23681,LUNCH BAG RED VINTAGE DOILY,1.65,Under 2
23691,WRAP KEEP CALM BIRTHDAY,0.42,Under 2
23692,WRAP A PRETTY THANK YOU,0.42,Under 2
23694,PAISLEY PARK CARD,0.42,Under 2
23695,DOILY THANK YOU CARD,0.42,Under 2
23697,A PRETTY THANK YOU CARD,0.42,Under 2
23702,HIGH RESOLUTION IMAGE,3.0,2-5
30086C,ASSORTED FRUIT STRAWS,1.7,Under 2
35001B,HAND OPEN SHAPE BLACK,3.49,2-5
35001G,HAND OPEN SHAPE GOLD,4.25,2-5
35001P,HAND OPEN SHAPE PINK,3.49,2-5
35001W,HAND OPEN SHAPE DECO.WHITE,3.49,2-5
35004B,SET OF 3 BLACK FLYING DUCKS,5.79,5-10
35004C,SET OF 3 COLOURED  FLYING DUCKS,5.45,5-10
35004G,SET OF 3 GOLD FLYING DUCKS,6.35,5-10
35004P,SET OF 3 PINK FLYING DUCKS,5.68,5-10
35004S,SET OF 3 SILVER FLYING DUCKS,6.35,5-10
35015,JACOBS LADDER SMALL,0.06,Under 2
35051B,PINK BEADED CONE CHRISTMAS,0.42,Under 2
35071,ASSORTED SANTA CHRISTMAS DECORATION,0.85,Under 2
35085E,IVORY ROSE LAMPSHADE,1.25,Under 2
35095A,BLUE VICTORIAN FABRIC OVAL BOX,0.83,Under 2
35095B,RED VICTORIAN FABRIC OVAL BOX,0.42,Under 2
35096A,BLUE VICTORIAN FABRIC HEART BOX,0.84,Under 2
35096B,RED VICTORIAN FABRIC HEART BOX,0.42,Under 2
35160,BUDDHA INCENSE HOLDER ASSORTED,0.85,Under 2
35233,PASTA ENAMEL/BRASS CONTAINER,3.75,2-5
35240,ENAMEL BLUE RIM OVAL TRAY SET/2,8.49,5-10
35241,ENAMEL BLUE RIM BISCUIT BIN,4.95,2-5
35265,COLOURFUL FLOWER FRUIT BOWL,1.95,Under 2
35271S,GOLD PRINT PAPER BAG,0.19,Under 2
35400,WOODEN BOX ADVENT CALENDAR,8.95,5-10
35443,RASTA IN BATH W SPLIFF ASHTRAY,0.85,Under 2
35471A,SET OF 3 BIRD L.BLUE FEATHER,1.25,Under 2
35471D,SET OF 3 BIRD LIGHT PINK FEATHER,1.25,Under 2
35537,CANDLE RING W/CLEAR BEADS,0.42,Under 2
35591T,TURQUOISE CHRISTMAS TREE,1.25,Under 2
35594,WOODEN CHRISTMAS TREE 3 HANGING,0.42,Under 2
35596,WOOD XMAS TREE 9 FIG SHELVES,0.85,Under 2
35597A,DUSTY PINK CHRISTMAS TREE 30CM,1.25,Under 2
35597B,BLACKCHRISTMAS TREE 30CM,1.25,Under 2
35597D,PINK/WHITE CHRISTMAS TREE 30CM,0.65,Under 2
35598A,DUSTY PINK CHRISTMAS TREE 60CM,2.95,2-5
35598B,BLACK CHRISTMAS TREE 60CM,2.95,2-5
35598C,WHITE CHRISTMAS TREE 60CM,2.95,2-5
35598D,PINK/WHITE CHRISTMAS TREE 60CM,1.25,Under 2
35599B,BLACK CHRISTMAS TREE 120CM,5.91,5-10
35599D,PINK AND WHITE CHRISTMAS TREE 120CM,5.91,5-10
35600D,PINK AND WHITE CHRISTMAS TREE 180CM,2.95,2-5
35603B,S/16 BLACK SHINY/MAT BAUBLES,0.42,Under 2
35603C,SET/16 WHITE SHINY & MATT BAUBLES,0.42,Under 2
35607A,PINK FLUFFY CHRISTMAS DECORATION,0.19,Under 2
35607B,BLACK FEATHER CHRISTMAS DECORATION,0.19,Under 2
35609A,PINK FEATHER CHRISTMAS DECORATION,0.19,Under 2
35610A,PINK CHRISTMAS FLOCK DROPLET,1.25,Under 2
35610B,BLACK CHRISTMAS FLOCK DROPLET,1.25,Under 2
35610C,WHITE CHRISTMAS FLOCK DROPLET,1.25,Under 2
35611B,BLACK ASSORTED DROPLET DECORATION,0.38,Under 2
35633B,BLUE TINSEL GARLAND,0.19,Under 2
35637A,IVORY STRING CURTAIN WITH POLE,5.95,5-10
35637C,PINK STRING CURTAIN WITH POLE,5.95,5-10
35638A,PINK AND BLACK STRING CURTAIN,3.95,2-5
35638B,PINK/BLUE STRING CURTAIN,5.95,5-10
35644,PAIR PINK/BLACK COATHANGERS,1.95,Under 2
35645,VINTAGE BEAD PINK JEWEL BOX,4.25,2-5
35646,VINTAGE BEAD PINK EVENING BAG,2.46,2-5
35647,VINTAGE BEAD PINK SHADE,1.25,Under 2
35648,VINTAGE BEAD PINK PURSE,1.63,Under 2
35649,VINTAGE BEAD COSMETIC BAG,2.46,2-5
35650,VINTAGE BEAD PINK JEWEL STAND,4.95,2-5
35651,VINTAGE BEAD PINK SCARF,1.65,Under 2
35652,VINTAGE BEAD CHAISE LONG JEWEL BOX,3.625,2-5
35653,VINTAGE BEAD NOTEBOOK,2.95,2-5
35654,VINTAGE BEAD FILLED PINK CUSHION,4.95,2-5
35751C,PURPLE CURRENT CANDLE RING,0.47,Under 2
35751D,PINK CURRENT CANDLE RING,0.19,Under 2
35793,S/3 PUPPIES CHRISTMAS DECORATIONS,2.95,2-5
35809A,ENAMEL PINK TEA CONTAINER,2.1,2-5
35809B,ENAMEL BLUE RIM TEA CONTAINER,2.1,2-5
35810A,ENAMEL PINK COFFEE CONTAINER,2.1,2-5
35810B,ENAMEL BLUE RIM COFFEE CONTAINER,2.1,2-5
35811A,ENAMEL PINK SUGAR CONTAINER,2.1,2-5
35815B,"ACRYLIC JEWEL SNOWFLAKE,BLUE",0.38,Under 2
35815P,"ACRYLIC JEWEL SNOWFLAKE, PINK",0.38,Under 2
35816B,"ACRYLIC JEWEL ANGEL,BLUE",1.25,Under 2
35816P,"ACRYLIC JEWEL ANGEL,PINK",1.25,Under 2
35817B,"ACRYLIC JEWEL SNOWFLAKE,BLUE",2.55,2-5
35817P,PINK ACRYLIC JEWEL SNOWFLAKE,0.38,Under 2
35818B,"ACRYLIC JEWEL ICICLE, BLUE",0.38,Under 2
35818C,"ACRYLIC JEWEL ICICLE, CLEAR",3.43,2-5
35818P,"ACRYLIC JEWEL ICICLE, PINK",0.38,Under 2
35819B,"ACRYLIC HANGING JEWEL,BLUE",0.38,Under 2
35819P,"ACRYLIC HANGING JEWEL,PINK",0.38,Under 2
35821B,"JEWELLED DECORATION,BLUE",0.38,Under 2
35821P,"JEWELLED DECORATION,PINK",2.95,2-5
35822B,"ACRYLIC BEAD CHAIN, BLUE",0.38,Under 2
35822P,"ACRYLIC BEAD CHAIN, PINK",0.38,Under 2
35823P,"ACRYLIC BEAD GARLAND,PINK",2.95,2-5
35824B,"HANGING FLOWERS+MIRROR,BLUE",0.38,Under 2
35824C,"HANGING FLOWERS+MIRROR,CLEAR",0.935,Under 2
35824P,"HANGING FLOWERS+MIRROR,PINK",0.38,Under 2
35832,WOOLLY HAT SOCK GLOVE ADVENT STRING,2.95,2-5
35833G,4 GOLD FLOCK CHRISTMAS BALLS,1.25,Under 2
35833P,4 PINK FLOCK CHRISTMAS BALLS,1.25,Under 2
35837,SET OF SIX SILVER+RED FLOCK BAUBLES,0.85,Under 2
35838A,S/6 MULTICOLOUR ORNAMENETAL CANDLE,0.85,Under 2
35838B,S/6 SILVER ORNAMENETAL CANDLE,0.85,Under 2
35840,FLAT GLASS  BAUBLE WHITE FLOCK,2.55,2-5
35909A,RABBIT EASTER DECORATION,2.95,2-5
35909B,PINK FLOWERS RABBIT EASTER,2.95,2-5
35910A,MULTICOLOUR EASTER RABBIT,1.95,Under 2
35910B,PINK FLOWERS RABBIT EASTER,1.95,Under 2
35911A,MULTICOLOUR RABBIT EGG WARMER,0.85,Under 2
35911B,PINK/FLOWER RABBIT EGG WARMER,2.1,2-5
35912B,WHITE/PINK CHICK DECORATION,1.25,Under 2
35913B,WHITE/PINK CHICK EASTER DECORATION,0.85,Under 2
35914,PINK CHICK EGG WARMER + EGG CUP,0.85,Under 2
35915A,CREAM KNITTED HEN,1.27,Under 2
35915B,BLUE KNITTED HEN,0.83,Under 2
35915C,PEACH KNITTED HEN,0.83,Under 2
35916A,YELLOW FELT HANGING HEART W FLOWER,0.74,Under 2
35916B,BLUE FELT HANGING HEART WITH FLOWER,0.63,Under 2
35916C,PINK FELT HANGING HEART W FLOWER,1.63,Under 2
35918B,BLUE FLORIBUNDA EGG WARMER,1.25,Under 2
35920,FOUR RABBIT EASTER DECORATIONS,1.25,Under 2
35921,EASTER BUNNY HANGING GARLAND,1.25,Under 2
35922,EASTER BUNNY WREATH,4.95,2-5
35923,CANDY HEART HANGING DECORATION,1.25,Under 2
35924,HANGING FAIRY CAKE DECORATION,2.1,2-5
35930,PINK HEART CHRISTMAS DECORATION,0.38,Under 2
35931,PINK STAR CHRISTMAS DECORATION,0.38,Under 2
35932,PINK CHRISTMAS TREE DECORATION,0.38,Under 2
35933,PINK STOCKING CHRISTMAS DECORATION,0.38,Under 2
35936,CERISE+GOLD CHRISTMAS TREE DEC,0.38,Under 2
35937,CERISE+GOLD CHRISTMAS STOCKING DEC,0.38,Under 2
35945,GOLD CHRISTMAS STOCKING DECORATION,1.95,Under 2
35950,FOLKART HEART CHRISTMAS DECORATIONS,1.25,Under 2
35951,FOLKART BAUBLE CHRISTMAS DECORATION,0.815,Under 2
35953,FOLKART STAR CHRISTMAS DECORATIONS,0.61,Under 2
35954,SMALL FOLKART STAR CHRISTMAS DEC,0.42,Under 2
35955,SMALL FOLKART CHRISTMAS TREE DEC,0.42,Under 2
35957,SMALLFOLKART BAUBLE CHRISTMAS DEC,1.66,Under 2
35958,FOLKART ZINC STAR CHRISTMAS DEC,0.85,Under 2
35961,FOLKART ZINC HEART CHRISTMAS DEC,0.85,Under 2
35962,SET/12 ZINC CHRISTMAS DECORATIONS,2.1,2-5
35963,FOLKART ZINC CLIP ON ANGEL WINGS,0.38,Under 2
35964,FOLKART CLIP ON STARS,0.83,Under 2
35965,FOLKART HEART NAPKIN RINGS,3.12,2-5
35966,FOLKART CHRISTMAS TREE T-LIGHT HOLD,0.38,Under 2
35967,FOLK ART METAL STAR T-LIGHT HOLDER,0.385,Under 2
35968,FOLK ART METAL HEART T-LIGHT HOLDER,0.38,Under 2
35969,FOLKART CROWN TABLE DECORATIONS,1.65,Under 2
35970,ZINC FOLKART SLEIGH BELLS,1.69,Under 2
35971,ROSE FOLKART HEART DECORATIONS,1.25,Under 2
35972,DAISY FOLKART HEART DECORATION,1.25,Under 2
35973,GERANIUM FOLKART HEART DECORATION,1.25,Under 2
35974,S/6 CHRISTMAS TREE PLACE SETTING,3.75,2-5
35976B,WHITE SCANDINAVIAN HEART CHRISTMAS,1.25,Under 2
35979,SIX STRING SCANDINAVIAN HEART DECS,2.95,2-5
35980B,RED TOP SCANDINAVIAN HEART,0.38,Under 2
35980C,REDWHITE STRIPE SCANDINAVIAN HEART,0.38,Under 2
35981C,WHITE SNOW SCANDINAVIAN STOCKING,0.38,Under 2
35991,SET/6 BLACK SNOWFLAKE T-LIGHTS,0.42,Under 2
35995,SET/6 BLACK GLITTER REINDEER CANDLE,0.42,Under 2
35999,S/6 SCANDINAVIAN HEART T-LIGHT,2.55,2-5
37112,YELLOW BIRDS FELT DES FOODCOVER,3.75,2-5
37326,FAIRY DESIGN MUGS,2.3049999999999997,2-5
37327,ASSTD MULTICOLOUR CIRCLES MUG,0.42,Under 2
37330,BIG POLKADOT MUG,1.95,Under 2
37333,"RETRO ""TEA FOR ONE""",4.95,2-5
37340,MULTICOLOUR SPRING FLOWER MUG,0.85,Under 2
37342,POLKADOT COFFEE CUP & SAUCER PINK,2.46,2-5
37343,POLKADOT MUG PINK,1.65,Under 2
37345,ASSTD HEARTS DESIGN MUGS,1.95,Under 2
37348,SET OF 4 PASTEL STACKING MUGS,2.55,2-5
37351,ORANGE FLOWER MUG,1.25,Under 2
37352,BIRD IN TREE MUG,1.25,Under 2
37370,RETRO COFFEE MUGS ASSORTED,1.25,Under 2
37379A,PINK CHERRY BLOSSOM CUP & SAUCER,11.02,10+
37379B,BLUE CHERRY BLOSSOM CUP & SAUCER,1.25,Under 2
37399,"ASS RETROSPOOF MUGS,SPORTS",1.25,Under 2
37408,ASSORTED DESIGN GEISHA GIRL MUGS,1.25,Under 2
37409,ASSORTED DESIGN FLOWER MUGS,0.85,Under 2
37410,BLACK AND WHITE PAISLEY FLOWER MUG,1.25,Under 2
37413,ICON MUG REVOLUTIONARY,0.39,Under 2
37422,WHITE WITH BLACK CATS BOWL,1.66,Under 2
37423,WHITE WITH BLACK CATS PLATE,1.66,Under 2
37424,WHITE WITH BLACK CATS MUG,1.66,Under 2
37432,MUG PINK AND PURPLE ARABIC DESIGN,0.65,Under 2
37438,FUNKY FLOWER COFFEE POT,3.75,2-5
37441,ASSORTED WHITE EMBOSSED CHINA MUGS,2.1,2-5
37444A,YELLOW BREAKFAST CUP AND SAUCER,2.95,2-5
37444B,BLUE BREAKFAST CUP AND SAUCER,2.95,2-5
37444C,PINK BREAKFAST CUP AND SAUCER,5.91,5-10
37446,MINI CAKE STAND WITH HANGING CAKES,1.45,Under 2
37447,CERAMIC CAKE DESIGN SPOTTED PLATE,1.49,Under 2
37448,CERAMIC CAKE DESIGN SPOTTED MUG,1.49,Under 2
37449,CERAMIC CAKE STAND + HANGING CAKES,9.95,5-10
37450,CERAMIC CAKE BOWL + HANGING CAKES,2.95,2-5
37451,CERAMIC CAKE TEAPOT WITH CHERRY,4.95,2-5
37461,FUNKY MONKEY MUG,1.25,Under 2
37462B,"PET MUG, BUDGIE",0.84,Under 2
37462E,"PET MUG, GOLDFISH",0.83,Under 2
37464,ROBOT MUG IN DISPLAY BOX,1.25,Under 2
37467,PIG MUG IN TWO COLOUR DESIGNS,4.17,2-5
37468,HARDMAN MUG 3 ASSORTED,0.39,Under 2
37471,MULTICOLOUR POLKADOT PLATE,3.7399999999999998,2-5
37474,SET/4 2 TONE EGG SHAPE MIXING BOWLS,9.95,5-10
37475,SET/4 COLOURFUL MIXING BOWLS,9.95,5-10
37476,CONDIMENT TRAY 4 BOWLS AND 4 SPOONS,9.95,5-10
37477B,"FLOWER FAIRY MUG+COASTER,LAVENDER",3.75,2-5
37477C,"FLOWER FAIRY MUG+COASTER,ROSE",3.75,2-5
37479B,CUBIC MUG FLOCK BLUE ON BROWN,0.825,Under 2
37479P,CUBIC MUG FLOCK PINK ON BROWN,0.39,Under 2
37481,CUBIC MUG TEATIME CAKES,2.55,2-5
37482B,CUBIC MUG BLUE POLKA DOT,2.55,2-5
37482P,CUBIC MUG PINK POLKADOT,2.55,2-5
37483,ENGLISH ROSE MUG IN GIFT BOX,2.55,2-5
37484,ENGLISH ROSE TEA FOR ONE GIFT BOX,6.75,5-10
37485,ENGLISH ROSE TEA SET IN GIFT BOX,4.65,2-5
37487B,YELLOW/ORANGE FLOWER DESIGN PLATE,0.29,Under 2
37488A,YELLOW PINK FLOWER DESIGN BIG BOWL,0.39,Under 2
37489A,YELLOW/PINK FLOWER DESIGN BIG MUG,0.39,Under 2
37489B,BLUE/YELLOW FLOWER DESIGN BIG MUG,0.39,Under 2
37489C,GREEN/BLUE FLOWER DESIGN BIG MUG,1.17,Under 2
37489D,PINK/GREEN FLOWER DESIGN BIG MUG,0.39,Under 2
37491A,YELLOW/PINK CERAMIC CANDLE HOLDER,3.29,2-5
37491B,BLUE/YELLOW CERAMIC CANDLE HOLDER,1.65,Under 2
37491C,GREEN/BLUE CERAMIC CANDLE HOLDER,1.65,Under 2
37491D,PURPLE/BLUE CERAMIC CANDLE HOLDER,3.36,2-5
37492A,YELLOW RED FLOWER PIGGY BANK,4.65,2-5
37492B,BLUE YELLOW FLOWER PIGGY BANK,4.65,2-5
37492C,GREEN BLUE FLOWER PIGGY BANK,4.65,2-5
37492D,PURPLE GREEN FLOWER PIGGY BANK,4.65,2-5
37494A,FAIRY CAKE CERAMIC BUTTER DISH,5.91,5-10
37495,FAIRY CAKE BIRTHDAY CANDLE SET,3.75,2-5
37500,TEA TIME TEAPOT IN GIFT BOX,9.95,5-10
37501,TEA TIME TEA SET IN GIFT BOX,6.95,5-10
37502,TEA TIME MUG IN GIFT BOX,2.95,2-5
37503,TEA TIME CAKE STAND IN GIFT BOX,10.75,10+
37506,NEW ENGLAND MILK JUG W GIFT BOX,5.95,5-10
37508,NEW ENGLAND CERAMIC CAKE SERVER,2.55,2-5
37509,NEW ENGLAND MUG W GIFT BOX,2.55,2-5
40001,WHITE BAMBOO RIBS LAMPSHADE,0.85,Under 2
40002,WHITE BAMBOO RIBS LAMPSHADE,0.85,Under 2
40003,WHITE BAMBOO RIBS LAMPSHADE,1.25,Under 2
40005B,BLUE ORGANDY ROUND LAMPSHADE W BEA,0.85,Under 2
40016,CHINESE DRAGON PAPER LANTERNS,0.42,Under 2
40018E,TEA TIME PAPER LANTERNS,1.95,Under 2
40018F,CHERRY DESIGN PAPERLANTERNS,1.95,Under 2
40046A,RED DAISY PAPER LAMPSHADE,1.25,Under 2
40046C,PINK BUTTERFLY PAPER LAMPSHADE,1.25,Under 2
44089A,PINK GAUZE BUTTERFLY LAMPSHADE,0.42,Under 2
44089C,LILAC GAUZE BUTTERFLY LAMPSHADE,0.42,Under 2
44091A,BLUE CRUSOE CHECK LAMPSHADE,0.42,Under 2
44091C,MULTICOLOUR CRUSOE CHECK LAMPSHADE,0.42,Under 2
44092B,BLUE WHITE PLASTIC RINGS LAMPSHADE,0.85,Under 2
44092C,PURPLE/COPPER HANGING LAMPSHADE,0.85,Under 2
44217M,MULTICOLOUR FEATHERS CURTAIN,3.95,2-5
44228,CANNABIS LEAF BEAD CURTAIN,0.85,Under 2
44230,SQUARE MIRROR CURTAIN,7.95,5-10
44234,ASSORTED CIRCULAR MOBILE,0.21,Under 2
44235,ASSORTED COLOURED CIRCLE MOBILE,0.42,Under 2
44236,PINK/PURPLE CIRCLE CURTAIN,4.65,2-5
44241C,BLUE BUTTERFLY ON SPRING,0.85,Under 2
44242A,LILAC FEATHERS CURTAIN,1.02,Under 2
44242B,PINK FEATHERS CURTAIN,1.25,Under 2
44265,M/COLOUR POM-POM CURTAIN,4.25,2-5
45008C,DECORATIVE NET CANOPY CREAM,8.95,5-10
45013,FOLDING SHOE TIDY,2.95,2-5
45014,FOLDING SHIRT TIDY,4.65,2-5
45016,DECORATIVE NET CANOPY LEOPARD,7.62,5-10
46000M,POLYESTER FILLER PAD 45X45CM,1.55,Under 2
46000P,POLYESTER FILLER PAD 65CMX65CM,4.25,2-5
46000R,POLYESTER FILLER PAD 45X30CM,1.45,Under 2
46000S,POLYESTER FILLER PAD 40X40CM,1.45,Under 2
46000U,POLYESTER FILLER PAD 30CMX30CM,1.25,Under 2
46037A,PINK CANVAS DES CUSHION COVER,1.25,Under 2
46115B,GREEN POP ART MAO CUSHION COVER,0.19,Under 2
46118,FUNKY MONKEY CUSHION COVER,3.29,2-5
46126A,ELVIS WALLHANGING / CURTAIN,1.25,Under 2
46137D,GREEN CHENILLE SHAGGY RUG,2.95,2-5
46138B,BLUE CHENILLE SHAGGY CUSHION COVER,1.95,Under 2
46138D,GREEN CHENILLE SHAGGY C/COVER,1.95,Under 2
46307,ROSES BLUE BASE CUSHION COVER,5.91,5-10
46775A,BUBBLE GUM CHUNKY KNITTED THROW,11.02,10+
46775B,BERRIES CHUNKY KNITTED THROW,16.95,10+
46775D,SUNSET COLOUR CHUNKY KNITTED THROW,11.02,10+
46775E,CANDY POP CHUNKY KNITTED THROW,11.02,10+
46776A,WOVEN BUBBLE GUM CUSHION COVER,4.13,2-5
46776B,WOVEN BERRIES CUSHION COVER,4.21,2-5
46776C,WOVEN FROST CUSHION COVER,4.13,2-5
46776D,WOVEN SUNSET CUSHION COVER,4.21,2-5
46776E,WOVEN CANDY CUSHION COVER,4.21,2-5
46776F,WOVEN ROSE GARDEN CUSHION COVER,4.13,2-5
47013A,WINE BOTTLE DRESSING LT.BLUE,0.29,Under 2
47013C,WINE BOTTLE DRESSING DARK BLUE,0.29,Under 2
47016,LIGHT DECORATION BATTERY OPERATED,2.1,2-5
47021G,SET/6 BEAD COASTERS GAUZE BAG GOLD,1.25,Under 2
47310M,SMALL POP BOX FUNKY MONKEY,1.63,Under 2
47341A,FUSCHIA TABLE RUN FLOWER,1.25,Under 2
47341B,BLUE TABLE RUN FLOWER,1.25,Under 2
47343A,FUSCHIA FLOWER PURSE WITH BEADS,1.49,Under 2
47344B,BLUE FLOWER DES PURSE,1.25,Under 2
47347B,BLUE FLOWER T-LIGHT HOLDER,1.25,Under 2
47348A,FUSCHIA VOILE POINTY SHOE DEC,0.39,Under 2
47351B,BLUE  VOILE LAMPSHADE,2.95,2-5
47367B,PAIR PADDED HANGERS PINK CHECK,3.36,2-5
47369A,PINK GREEN EMBROIDERY COSMETIC BAG,2.95,2-5
47369B,BLUE GREEN EMBROIDERY COSMETIC BAG,2.95,2-5
47420,ASSORTED COLOUR SUCTION CUP HOOK,0.19,Under 2
47421,ASSORTED COLOUR LIZARD SUCTION HOOK,0.42,Under 2
47422,ASSORTED MONKEY SUCTION CUP HOOK,0.42,Under 2
47469,ASSORTED SHAPES PHOTO CLIP SILVER,0.65,Under 2
47471,RAINBOW PEGS PHOTO CLIP STRING,0.65,Under 2
47480,HANGING PHOTO CLIP ROPE LADDER,1.65,Under 2
47481,50CM METAL STRING WITH  7 CLIPS,0.85,Under 2
47502,POLKADOT CUTLERY 24 PCS IN TRAY,12.75,10+
47503A,ASS FLORAL PRINT MULTI SCREWDRIVER,0.42,Under 2
47503E,ASS FLORAL PRINT SCISSORS,1.25,Under 2
47503F,ASS FLORAL PRINT TORCH,1.65,Under 2
47503G,ASS FLORAL PRINT TAPE MEASURE,1.25,Under 2
47503H,ASS FLORAL PRINT SPIRIT LEVEL,1.95,Under 2
47503J,SET/3 FLORAL GARDEN TOOLS IN BAG,7.95,5-10
47503K,ASSORTED FLORAL SECATEURS,1.95,Under 2
47504E,ENGLISH ROSE SCISSORS,1.25,Under 2
47504F,ENGLISH ROSE TORCH,1.65,Under 2
47504G,ENGLISH ROSE TAPE MEASURE,1.25,Under 2
47504H,ENGLISH ROSE SPIRIT LEVEL,1.6,Under 2
47504J,ENGLISH ROSE SET/3 GARDEN TOOLS,14.825,10+
47504K,ENGLISH ROSE GARDEN SECATEURS,1.95,Under 2
47505,MINATURE COLOURED GARDENING SET,4.95,2-5
47518F,ICON PLACEMAT POP ART ELVIS,0.12,Under 2
47552A,DOTS IRONING BOARD COVER,1.95,Under 2
47554,S/3 COLOURS FLOCK TEA TOWELS,2.55,2-5
47556,SET/2 SPOTTY + ROSE TEA TOWELS,2.55,2-5
47556B,TEA TIME TEA TOWELS,2.95,2-5
47559B,TEA TIME OVEN GLOVE,1.25,Under 2
47562,ENGLISH ROSE IRONING BOARD COVER,3.75,2-5
47563A,RETRO LONGBOARD IRONING BOARD COVER,3.29,2-5
47563B,WAVELINE SURF IRONING BOARD COVER,3.75,2-5
47566,PARTY BUNTING,4.95,2-5
47566B,TEA TIME PARTY BUNTING,4.95,2-5
47567B,TEA TIME KITCHEN APRON,5.95,5-10
47568,ENGLISH ROSE DESIGN PEG BAG,2.1,2-5
47569,ENGLISH ROSE DESIGN SHOPPING BAG,2.55,2-5
47570,ENGLISH ROSE TABLE CLOTH,10.65,10+
47570B,TEA TIME TABLE CLOTH,10.65,10+
47574A,ENGLISH ROSE SCENTED HANGING FLOWER,2.46,2-5
47574B,ENGLISH ROSE SCENTED HANGING HEART,4.25,2-5
47578A,ENGLISH ROSE SMALL SCENTED FLOWER,0.85,Under 2
47579,TEA TIME BREAKFAST BASKET,2.1,2-5
47580,TEA TIME DES TEA COSY,2.55,2-5
47581B,FAIRY CAKE WICKER PICNIC BASKET,12.75,10+
47583A,SET OF 3 WICKER BASKET ROSE,24.95,10+
47583B,SET OF 3 WICKER BASKET TEA AND CAKE,24.95,10+
47585A,PINK FAIRY CAKE CUSHION COVER,3.75,2-5
47586A,PINK FAIRY CAKE CUSHION COVER,2.55,2-5
47587A,PINK FAIRY CAKE COASTER,1.66,Under 2
47589,CONGRATULATIONS BUNTING,5.45,5-10
47590A,BLUE HAPPY BIRTHDAY BUNTING,5.45,5-10
47590B,PINK HAPPY BIRTHDAY BUNTING,5.45,5-10
47591A,CAROUSEL CHILDRENS APRON,1.65,Under 2
47591B,SCOTTIES CHILDRENS APRON,1.65,Under 2
47591C,BLUE FAIRY CAKE CHILDRENS APRON,1.95,Under 2
47591D,PINK FAIRY CAKE CHILDRENS APRON,1.95,Under 2
47592A,CAROUSEL CHILDRENS OVERALL,1.66,Under 2
47592B,SCOTTIE DOGS CHILDRENS OVERALL,2.1,2-5
47593A,CAROUSEL PONIES BABY BIB,0.85,Under 2
47593B,SCOTTIE DOGS BABY BIB,0.83,Under 2
47594A,CAROUSEL DESIGN WASHBAG,1.95,Under 2
47594B,SCOTTIES DESIGN WASHBAG,1.95,Under 2
47597,NEW ENGLAND TEATOWELS,1.66,Under 2
47598,NEW ENGLAND EGG WARMER,0.55,Under 2
47599A,PINK PARTY BAGS,2.1,2-5
47599B,BLUE PARTY BAGS,2.1,2-5
48103,DOORMAT KISS MY.......,7.49,5-10
48111,DOORMAT 3 SMILEY CATS,7.49,5-10
48116,DOORMAT MULTICOLOUR STRIPE,7.49,5-10
48129,DOORMAT TOPIARY,7.95,5-10
48138,DOORMAT UNION FLAG,7.49,5-10
48173A,DOOR MAT BLUE FLOCK,6.75,5-10
48173C,DOORMAT BLACK FLOCK,7.95,5-10
48175,DOOR MAT CAMOUFLAGE,5.02,5-10
48179,DOOR MAT SWEET HOME,6.75,5-10
48184,DOORMAT ENGLISH ROSE,7.95,5-10
48185,DOORMAT FAIRY CAKE,7.95,5-10
48187,DOORMAT NEW ENGLAND,7.49,5-10
48188,DOORMAT WELCOME PUPPIES,7.95,5-10
48189,DOORMAT FRIENDSHIP,7.49,5-10
48194,DOORMAT HEARTS,7.95,5-10
48195,DOORMAT GREEN PAISLEY,7.49,5-10
48197,DOORMAT BIRD ON THE WIRE,7.49,5-10
51008,AFGHAN SLIPPER SOCK PAIR,3.45,2-5
51012C,"FEATHER DUSTER, COAL BLACK",1.25,Under 2
51012L,"FEATHER DUSTER, LIGHT PINK",1.25,Under 2
51014A,"FEATHER PEN,HOT PINK",0.83,Under 2
51014C,"FEATHER PEN,COAL BLACK",0.83,Under 2
51014L,"FEATHER PEN,LIGHT PINK",0.83,Under 2
51020A,SUMMER FUN DESIGN SHOWER CAP,1.25,Under 2
51020B,STRIPY DESIGN SHOWER CAP,1.25,Under 2
62018,SOMBRERO,1.95,Under 2
62043B,BLUE CHECK BAG W HANDLE 34X20CM,1.24,Under 2
62074B,ELEPHANT CLIP W SUCTION CUP,0.42,Under 2
62086A,PINK RETRO BIG FLOWER BAG,1.95,Under 2
62094B,TURQ ICE CREAM BUM BAG,5.06,5-10
62095B,TURQOISE ICE CREAM SUNHAT,1.69,Under 2
62096A,PINK/YELLOW FLOWERS HANDBAG,1.95,Under 2
62096B,PURPLE/TURQ FLOWERS HANDBAG,1.95,Under 2
62097A,PINK STRIPES SHOULDER BAG,2.95,2-5
62097B,BLUE STRIPES SHOULDER BAG,0.83,Under 2
70006,LOVE HEART POCKET WARMER,1.65,Under 2
70007,HI TEC ALPINE HAND WARMER,1.65,Under 2
71028B,SILVER BLUE EGG T-LIGHT HOLDER,1.65,Under 2
71038,WHITE HANGING BEADS CANDLE HOLDER,5.45,5-10
71050,SMALL SINGLE FLAME CANDLE HOLDER,0.35,Under 2
71053,WHITE MOROCCAN METAL LANTERN,3.75,2-5
71101A,ANGEL ON KNEES METAL POLE 100CM H,0.85,Under 2
71101E,STANDING FAIRY POLE SUPPORT,0.85,Under 2
71143,ANTIQUE SILVER BOOK MARK WITH BEADS,2.51,2-5
71215,METAL BASE FOR CANDLES,0.42,Under 2
71270,PHOTO CLIP LINE,1.25,Under 2
71279,PINK GLASS CANDLEHOLDER,2.95,2-5
71403,"PINK/WHITE ""KEEP CLEAN"" BULLET BIN",5.79,5-10
71406C,BLACK ORANGE SQUEEZER,0.42,Under 2
71434B,"BLACK RND BULLET""KEEP CLEAN"" BIN",2.55,2-5
71459,HANGING JAM JAR T-LIGHT HOLDERS,0.85,Under 2
71477,COLOURED GLASS STAR T-LIGHT HOLDER,3.25,2-5
71495A,CD WALL TIDY BLUE OFFICE,0.83,Under 2
71495B,CD WALL TIDY RED FLOWERS,0.42,Under 2
71496A,A4 WALL TIDY BLUE OFFICE,1.46,Under 2
71496B,A4 WALL TIDY RED FLOWERS,0.5900000000000001,Under 2
71510,SQUARE METAL CANDLEHOLDER BASE,0.85,Under 2
72008,FROSTED BOX 9 WHITE T-LIGHT CANDLES,0.42,Under 2
72023F,RED ORGANIC CANDLE IN GLASS,1.25,Under 2
72024U,LILAC VOTIVE CANDLE,0.21,Under 2
72038P,PRICE'S CANDLE PEACH,0.21,Under 2
72045D,ROSES ON BLUE TEACUP CANDLE,2.95,2-5
72051S,BAG OF SILVER STONES,0.84,Under 2
72083A,STRAWBERY SWIRL FLARE CANDLE,2.1,2-5
72084B,CHOCOLATE ICE CREAM CANDLE,1.95,Under 2
72122,COFFEE SCENT PILLAR CANDLE,0.95,Under 2
72127,COLUMBIAN CANDLE ROUND,1.25,Under 2
72128,COLUMBIAN CANDLE ROUND,0.85,Under 2
72129,COLUMBIAN CANDLE ROUND,0.65,Under 2
72130,COLUMBIAN CANDLE ROUND,0.65,Under 2
72131,COLUMBIAN CANDLE RECTANGLE,1.95,Under 2
72132,COLUMBIAN CUBE CANDLE,1.95,Under 2
72133,COLUMBIAN CANDLE RECTANGLE,1.25,Under 2
72134,COLUMBIAN  CUBE CANDLE,0.85,Under 2
72140E,BEST DAD CANDLE LETTERS,0.85,Under 2
72140F,HAPPY ANNIVERSARY CANDLE LETTERS,0.42,Under 2
72225C,LAVENDER SCENT CAKE CANDLE,0.29,Under 2
72225D,VANILLA SCENT CAKE CANDLE,0.29,Under 2
72232,FENG SHUI PILLAR CANDLE,0.19,Under 2
72267,PREMIUM CHURCH CANDLE,2.1,2-5
72349B,SET/6 PURPLE BUTTERFLY T-LIGHTS,2.1,2-5
72351A,SET/6 TURQUOISE BUTTERFLY T-LIGHTS,2.1,2-5
72351B,SET/6 PINK  BUTTERFLY T-LIGHTS,2.1,2-5
72369A,PINK CLEAR GLASS CANDLE PLATE,1.25,Under 2
72484,ROSES IN WHITE HEART CANDLE,1.25,Under 2
72487,ROSES WHITE ROUND CANDLE,1.49,Under 2
72529W,WHITE ADVENT CANDLE,2.12,2-5
72586,SET OF 6 HALLOWEEN GHOST T-LIGHTS,0.42,Under 2
72598,SET/12 TAPER CANDLES,0.85,Under 2
72606A,BROWN ANTIQUE CUBE CANDLE,0.42,Under 2
72708,SCULPTED ROUND IVORY CANDLE,0.21,Under 2
72709,IVORY SCULPTED RND CANDLE,0.85,Under 2
72715,SPHERICAL IVORY CANDLE,0.42,Under 2
72724,SET/6 CHRISTMAS ICICLE T-LIGHTS,1.25,Under 2
72728,ROSE SCENT CANDLES IN GLASS,0.85,Under 2
72739B,WHITE CHOCOLATE SCENT CANDLE,2.51,2-5
72739C,DARK CHOCOLATE SCENTCANDLE,1.25,Under 2
72740A,LARGE STRAWBERRY CHOCOLATE CANDLE,5.17,5-10
72740B,LARGE WHITE CHOCOLATE CANDLE,5.06,5-10
72741,GRAND CHOCOLATECANDLE,1.45,Under 2
72750A,FLOWER FAIRY SET OF 3 LILY CANDLES,1.95,Under 2
72750B,FLOWER FAIRY SET 3 CANDLES LAVENDER,1.95,Under 2
72750C,"F.FAIRY S/3 CANDLE/GLASS, ROSE",1.95,Under 2
72750D,F.FAIRY S/3 CANDLE/GLASS,1.95,Under 2
72751A,"F.FAIRY S/3 SML CANDLE,LILY/VALLEY",5.95,5-10
72751B,"F.FAIRY S/3 SML CANDLE, LAVENDER",5.95,5-10
72751C,"F.FAIRY S/3 SML CANDLE, ROSE",5.95,5-10
72752A,"F.FAIRY,CANDLE IN GLASS,LILY/VALLEY",4.25,2-5
72752B,"F.FAIRY,CANDLE IN GLASS,LAVENDER",4.25,2-5
72753A,S/3 FLWR FAIRY LILLY CANDLES,2.1,2-5
72753B,S/3 FLWR FAIRY LAVENDER CANDLES,2.1,2-5
72753C,S/3 FLWR FAIRY ROSE CANDLES,2.1,2-5
72753D,S/3 FLWR FAIRY SUMMER CANDLES,2.1,2-5
72754A,FLOWER FAIRY POTPOURRI CUSHION LILY,0.65,Under 2
72754B,F FAIRY POTPOURRI CUSHIONS LAVENDER,1.17,Under 2
72754D,F FAIRY POTPOURRI CUSHIONS SUMMER,1.69,Under 2
72755C,FLOWER FAIRY OIL BURNER SET ROSE,1.25,Under 2
72755D,FLOWER FAIRY OIL BURNER SET SUMMER,1.25,Under 2
72756,FAIRY CAKE CANDLES,1.49,Under 2
72760B,VINTAGE CREAM 3 BASKET CAKE STAND,9.95,5-10
72771B,BURG FLOCK GOLD CUP/CANDLE,0.42,Under 2
72771C,BLACK FLOCK GOLD CANDLE,0.42,Under 2
72772,SET/4 SCENTED CANDLES IN RAMEKINS,1.25,Under 2
72779,SET/6 BLACK ROSE T-LIGHT CANDLES,1.69,Under 2
72780,BLACK SILOUETTE CANDLE PLATE,0.85,Under 2
72781,BLACK SILOUETTE CANDLE PLATE,2.1,2-5
72783,BLACK SIL'T SQU CANDLE PLATE,2.1,2-5
72785A,S/4 CONTEMPORY PINK ROSEBUD CANDLES,2.1,2-5
72785B,S/4 CONTEMPORY RED ROSEBUD CANDLES,2.1,2-5
72789,BASKET/8 SCENTED LOVE TOKEN CANDLES,3.75,2-5
72793,BLACK BOX MIRROR LANTERN,5.95,5-10
72796A,S/3 ENGLISH LAVENDER SQU CANDLE,1.65,Under 2
72796B,S/3 FRENCH VANILLA SQU CANDLE,1.65,Under 2
72796C,S/3 ROSE GARDEN SCENT SQU CANDLE,1.65,Under 2
72798C,SET/4 GARDEN ROSE DINNER CANDLE,1.65,Under 2
72799A,BLACK PILLAR CANDLE SILVER FLOCK,2.95,2-5
72799B,PURPLE PILLAR CANDLE BLACK FLOCK,2.95,2-5
72799C,PINK PILLAR CANDLE SILVER FLOCK,2.95,2-5
72799D,BLUE PILLAR CANDLE SILVER FLOCK,2.95,2-5
72799E,IVORY PILLAR CANDLE SILVER FLOCK,2.95,2-5
72799F,IVORY PILLAR CANDLE GOLD FLOCK,2.95,2-5
72800A,S/4 BLACK DINNER CANDLE SILVER FLOC,2.55,2-5
72800B,4 PURPLE FLOCK DINNER CANDLES,2.55,2-5
72800C,4 PINK DINNER CANDLE SILVER FLOCK,2.55,2-5
72800D,4 BLUE DINNER CANDLES SILVER FLOCK,2.55,2-5
72800E,4 IVORY DINNER CANDLES SILVER FLOCK,2.55,2-5
72800F,4 IVORY DINNER CANDLES GOLD FLOCK,2.55,2-5
72801C,4 ROSE PINK DINNER CANDLES,1.25,Under 2
72801D,4 SKY BLUE DINNER CANDLES,2.46,2-5
72801E,4 FESTIVE GREEN DINNER CANDLES,1.25,Under 2
72801F,S/4 FESTIVE RED DINNER CANDLES,1.25,Under 2
72801G,4 BURGUNDY WINE DINNER CANDLES,1.25,Under 2
72802A,ROSE SCENT CANDLE IN JEWELLED BOX,4.25,2-5
72802B,OCEAN SCENT CANDLE IN JEWELLED BOX,4.25,2-5
72802C,VANILLA SCENT CANDLE JEWELLED BOX,4.25,2-5
72803A,ROSE SCENT CANDLE JEWELLED DRAWER,4.25,2-5
72803B,OCEAN SCENT CANDLE JEWELLED DRAWER,4.25,2-5
72805,VANILLA CANDLE IN EMBOSSED ZINC POT,1.69,Under 2
72807A,SET/3 ROSE CANDLE IN JEWELLED BOX,4.25,2-5
72807B,SET/3 OCEAN SCENT CANDLE JEWEL BOX,4.25,2-5
72807C,SET/3 VANILLA SCENTED CANDLE IN BOX,4.25,2-5
72811,SMALL ZINC/GLASS CANDLEHOLDER,1.49,Under 2
72812,LARGE ZINC GLASS CANDLEHOLDER,4.13,2-5
72814,SET OF 3 CHRISTMAS BRIAR CANDLES,3.75,2-5
72815,3 WICK CHRISTMAS BRIAR CANDLE,3.75,2-5
72816,SET/3 CHRISTMAS DECOUPAGE CANDLES,1.25,Under 2
72817,SET OF 2 CHRISTMAS DECOUPAGE CANDLE,1.25,Under 2
72818,CHRISTMAS DECOUPAGE CANDLE,0.85,Under 2
72819,CUPID DESIGN SCENTED CANDLES,2.55,2-5
72821,CUPID SCENTED CANDLE IN GLASS,1.65,Under 2
75011,BLUE DAISY MOBILE,0.79,Under 2
75013B,"STRING OF 8 BUTTERFLIES,PINK",1.65,Under 2
75049L,LARGE CIRCULAR MIRROR MOBILE,1.25,Under 2
75131,METAL TUBE CHIME ON BAMBOO,1.69,Under 2
75149N,STRING CRYSTALS NATURAL,1.25,Under 2
75172,PAINTED SEA SHELL METAL WINDCHIME,0.79,Under 2
75178,ASSTD COL BUTTERFLY/CRYSTAL W/CHIME,1.25,Under 2
77079,DOLPHIN WINDMILL,2.12,2-5
77081,FLOWER WINDMILL,1.25,Under 2
77101A,UNION FLAG WINDSOCK,1.25,Under 2
78026,SEAGRASS S/3 SQU LAUNDRY BOX,19.975,10+
78027,SEAGRASS S/2 CORNER LAUNDRY,15.95,10+
78033,FLAG OF ST GEORGE CHAIR,5.95,5-10
78034B,BLUE NETTING STORAGE HANGER,1.95,Under 2
78056,CAMOUFLAGE BACKPACK ON WHEELS,9.95,5-10
78124,MAGAZINE RACK GEBRA ASSORTED,1.25,Under 2
79000,MOROCCAN TEA GLASS,0.85,Under 2
79026B,"S/4 ICON COASTER,ELVIS LIVES",1.25,Under 2
79029,GLASS HONEYPOT WASP CATCHER,1.95,Under 2
79030A,"TUMBLER, ENGLISH ROSE",1.65,Under 2
79030D,TUMBLER BAROQUE,0.97,Under 2
79030G,TUMBLER NEW ENGLAND,1.65,Under 2
79051A,SMOKEY GREY COLOUR GLASS,0.29,Under 2
79062D,"RETRO TIN ASHTRAY,REVOLUTIONARY",0.29,Under 2
79063C,"RETRO PILL BOX KEY CHAIN,THE KING",0.19,Under 2
79063D,"RETRO PILL BOX , REVOLUTIONARY",0.19,Under 2
79065A,TEATIME ROUND CAKE TINS,9.95,5-10
79066K,RETRO MOD TRAY,0.85,Under 2
79067,CORONA MEXICAN TRAY,3.75,2-5
79070B,ENGLISH ROSE SQUARE CAKE TINS,11.26,10+
79071B,ENGLISH ROSE METAL WASTE BIN,2.95,2-5
79072,TEATIME CAKE TIN WITH HANDLE,9.95,5-10
79140,ASS WINDPROOF MARIJUANA LIGHTERS,0.42,Under 2
79144B,PAINTED LIGHTBULB STAR+ MOON,0.83,Under 2
79144C,PAINTED LIGHTBULB RAINBOW DESIGN,0.83,Under 2
79149B,SILICON STAR BULB  BLUE,0.42,Under 2
79151B,"SILICON CUBE 25W, BLUE",0.42,Under 2
79157B,UBO-LIGHT TRIOBASE BLUE,0.85,Under 2
79157V,UBO-LIGHT TRIOBASE PURPLE,0.85,Under 2
79160,HEART SHAPE WIRELESS DOORBELL,2.1,2-5
79161A,ST GEORGE SET OF 10 PARTY LIGHTS,2.95,2-5
79163,BLACK CHAMPAGNE GLASS,1.45,Under 2
79164,BLACK WINE GLASS,1.65,Under 2
79172D,PURPLE TINT ACRYLIC FLOWER VASE,0.85,Under 2
79190A,RETRO PLASTIC 70'S TRAY,0.42,Under 2
79190B,RETRO PLASTIC POLKA TRAY,0.42,Under 2
79190D,RETRO PLASTIC DAISY TRAY,0.42,Under 2
79191B,RETRO PLASTIC POLKA TRAY,0.85,Under 2
79191C,RETRO PLASTIC ELEPHANT TRAY,0.85,Under 2
79191D,RETRO PLASTIC DAISY TRAY,0.85,Under 2
79192A,RETRO PLASTIC 70'S TRAY,1.25,Under 2
79301,FEATHER HEART LIGHTS,2.95,2-5
79302M,"ART LIGHTS,FUNK MONKEY",2.95,2-5
79303A,WHITE ROHMBIC BLOCK TABLE LAMP,2.95,2-5
79303B,BLUE STAR BLOCK TABLE LAMP,5.91,5-10
79303D,LILAC FLOWER BLOCK TABLE LAMP,5.91,5-10
79308B,MOSAIC CANDLE DISH BLUE PURPLE,0.85,Under 2
79315W,FLYING SAUCER TABLE LIGHT IN WHITE,2.95,2-5
79320,FLAMINGO LIGHTS,4.95,2-5
79321,CHILLI LIGHTS,4.95,2-5
79323B,BLACK CHERRY LIGHTS,6.75,5-10
79323G,GOLD  CHERRY LIGHTS,6.75,5-10
79323GR,GREEN CHERRY LIGHTS,6.75,5-10
79323LP,LIGHT PINK CHERRY LIGHTS,6.75,5-10
79323P,PINK CHERRY LIGHTS,6.75,5-10
79323S,SILVER CHERRY LIGHTS,6.75,5-10
79323W,WHITE CHERRY LIGHTS,6.75,5-10
79328,BLUE FLOCK GLASS CANDLEHOLDER,0.38,Under 2
79329,PINK FLOCK GLASS CANDLEHOLDER,1.65,Under 2
79331,PINK FLOCK GLASS CANDLEHOLDER,1.65,Under 2
79336,LIGHT PINK FLOCK GLASS CANDLEHOLDER,1.65,Under 2
79337,BLUE FLOCK GLASS CANDLEHOLDER,0.38,Under 2
79338,DARK PINK FLOCK GLASS CANDLEHOLDER,1.65,Under 2
79341,WILLOW BRANCH LIGHTS.,6.75,5-10
79342B,BROWN FLOWER LIGHTS,6.75,5-10
79403,FROSTED WHITE BASE,0.85,Under 2
79406,FROSTED WHITE BASE,0.22,Under 2
79413,GLASS WINE GLASS DECORATIONS,1.25,Under 2
79532,MOSAIC GLASS BALL CANDLEHOLDER,1.25,Under 2
79534,MULTICOLOUR GLASS PLATE,0.55,Under 2
81950B,FLOWER BLUE CLOCK WITH SUCKER,0.85,Under 2
81950V,FLOWER PURPLE CLOCK WITH SUCKER,0.85,Under 2
81952B,ROUND BLUE CLOCK WITH SUCKER,0.745,Under 2
81952V,ROUND PURPLE CLOCK WITH SUCKER,0.19,Under 2
81953B,ROUND BLUE CLOCK WITH SUCKER,0.19,Under 2
81953P,ROUND ARTICULATED PINK CLOCK W/SUCK,0.52,Under 2
81985A,"ICON ALARM CLOCK,FUSCHIA  PIN UP",2.55,2-5
82001S,SILVER RECORD COVER FRAME,3.75,2-5
82011A,"BATHROOM SCALES, TROPICAL BEACH",3.75,2-5
82011B,BATHROOM SCALES RUBBER DUCKS,3.75,2-5
82011C,BATHROOM SCALES FOOTPRINTS IN SAND,3.75,2-5
82011E,"BATHROOM SCALES, FAG BREAK",3.75,2-5
82069,BEECH WOOD P/FRAME,5.91,5-10
82072,WHITE WOOD SINGLE P/FRAME,1.25,Under 2
82076,BEECH WOOD PHOTO FRAME,3.36,2-5
82081,PINK HEARTS PHOTO ALBUM,7.62,5-10
82093,HEART SHAPE BUTTON FRAME,3.43,2-5
82095,HEART BUTTONS JEWELLERY BOX,4.96,2-5
82482,WOODEN PICTURE FRAME WHITE FINISH,2.55,2-5
82483,WOOD 2 DRAWER CABINET WHITE FINISH,5.95,5-10
82484,WOOD BLACK BOARD ANT WHITE FINISH,6.75,5-10
82486,3 DRAWER ANTIQUE WHITE WOOD CABINET,7.95,5-10
82494L,WOODEN FRAME ANTIQUE WHITE,2.95,2-5
82545A,COGNAC AUX OEUFS METAL 1 HOOK,1.25,Under 2
82551,LAUNDRY 15C METAL SIGN,1.45,Under 2
82552,WASHROOM METAL SIGN,1.45,Under 2
82553,POP'S GREASY SPOON METAL SIGN,3.36,2-5
82567,"AIRLINE LOUNGE,METAL SIGN",2.1,2-5
82578,KITCHEN METAL SIGN,0.55,Under 2
82580,BATHROOM METAL SIGN,0.55,Under 2
82581,TOILET METAL SIGN,0.55,Under 2
82582,AREA PATROLLED METAL SIGN,2.1,2-5
82583,HOT BATHS METAL SIGN,2.1,2-5
82585,SWEET VALENCIA CANDLE+CUP,1.25,Under 2
82587,TEXRIO TOMATOES CANDLE+CUP,1.25,Under 2
82597,BOMBS AWAY METAL SIGN,2.1,2-5
82599,FANNY'S REST STOPMETAL SIGN,2.1,2-5
82600,N0 SINGING METAL SIGN,2.1,2-5
82605,OLD DOC RUSSEL METAL SIGN,2.1,2-5
82607A,GLASS BONBON JAR PARFUME AUX FLEURE,1.25,Under 2
82607C,GLASS BONBON JAR. SUPERFINES,2.51,2-5
82607E,GLASS BONBON JAR. D'AMANDES,1.25,Under 2
82613A,"METAL SIGN,CUPCAKE SINGLE HOOK",1.25,Under 2
82613B,"METAL SIGN,CUPCAKE SINGLE HOOK",1.25,Under 2
82613C,"METAL SIGN,CUPCAKE SINGLE HOOK",2.46,2-5
82613D,METAL SIGN CUPCAKE SINGLE HOOK,1.25,Under 2
82615,PINK MARSHMALLOW SCARF KNITTING KIT,2.95,2-5
82616A,BUBBLE GUM SCARF KNITTING KIT,2.95,2-5
82616B,FRAPPUCINO SCARF KNITTING KIT,2.46,2-5
82616C,MIDNIGHT GLAMOUR SCARF KNITTING KIT,2.46,2-5
84006,MAGIC TREE -PAPER FLOWERS,0.85,Under 2
84007,MAGIC GARDEN MOUNT FUJI,2.55,2-5
84012,MAGIC SHEEP WOOL GROWING FROM PAPER,1.63,Under 2
84016,FLAG OF ST GEORGE CAR FLAG,0.42,Under 2
84029C,BROWN FURRY HOT WATER BOTTLE,3.75,2-5
84029D,LEOPARD PRINT HOT WATER BOTTLE,3.75,2-5
84029E,RED WOOLLY HOTTIE WHITE HEART.,3.75,2-5
84029G,KNITTED UNION FLAG HOT WATER BOTTLE,3.75,2-5
84030B,KNITTED POM POM HOT WATER BOTTLE,3.75,2-5
84030C,KNITTED RAINBOW HOT WATER BOTTLE,7.62,5-10
84030E,ENGLISH ROSE HOT WATER BOTTLE,4.25,2-5
84031A,CHARLIE+LOLA RED HOT WATER BOTTLE,4.21,2-5
84031B,CHARLIE LOLA BLUE HOT WATER BOTTLE,4.21,2-5
84032A,CHARLIE+LOLA PINK HOT WATER BOTTLE,2.95,2-5
84032B,CHARLIE + LOLA RED HOT WATER BOTTLE,2.95,2-5
84033,FLAG OF ST GEORGE,1.65,Under 2
84050,PINK HEART SHAPE EGG FRYING PAN,1.65,Under 2
84051,ASS COLOUR GLOWING TIARAS,0.85,Under 2
84077,WORLD WAR 2 GLIDERS ASSTD DESIGNS,0.29,Under 2
84078A,SET/4 WHITE RETRO STORAGE CUBES,39.95,10+
84081,WHITE CERAMIC PARTY SET (5PCS),4.25,2-5
84086B,YELLOW/BLUE RETRO RADIO,2.95,2-5
84086C,PINK/PURPLE RETRO RADIO,2.95,2-5
84192,ASSORTED COLOUR METAL CAT,1.25,Under 2
84199,GLOW IN DARK DOLPHINS,0.21,Under 2
84201B,HAPPY BIRTHDAY CARD STRIPEY TEDDY,0.19,Under 2
84201C,HAPPY BIRTHDAY CARD TEDDY/CAKE,0.19,Under 2
84205C,HAPPY BIRTHDAY GINGER CAT CARD,0.19,Under 2
84206A,3 BLACK CATS W HEARTS BLANK CARD,0.19,Under 2
84206B,CAT WITH SUNGLASSES BLANK CARD,0.19,Under 2
84206C,CHAMPAGNE TRAY BLANK CARD,0.19,Under 2
84212,"ASSORTED FLOWER COLOUR ""LEIS""",0.65,Under 2
84218,BOX/12 CHICK & EGG IN BASKET,1.95,Under 2
84219,BOX/12 MOTHER & CHICK IN BASKET/BOW,2.55,2-5
84226,HEN HOUSE W FAMILY IN BARN & NEST,0.85,Under 2
84227,HEN HOUSE W CHICK IN NEST,0.42,Under 2
84228,HEN HOUSE WITH CHICK STANDING,0.625,Under 2
84231,EASTER BUNNY WITH BASKET ON BACK,0.65,Under 2
84247C,PACK/12 BLUE REINDEER CARD,2.95,2-5
84247E,PACK OF 12 CHRISTMAS FUN CARDS,2.95,2-5
84247G,"DECOUPAGE,GREETING CARD,",0.42,Under 2
84247H,PACK/12 DECOUPAGE CARD,2.95,2-5
84247J,PACK/12 RUSSIAN DOLL CARDS,0.86,Under 2
84247K,"FOLK ART GREETING CARD,PACK/12",2.95,2-5
84247L,FAWN AND MUSHROOM GREETING CARD,0.42,Under 2
84247N,PACK/12 BLUE FOLKART CARDS,2.95,2-5
84249A,"GREETING CARD,SQUARE, DOUGHNUTS",0.42,Under 2
84249D,FAIRY CAKE GREETINGS CARD,0.42,Under 2
84250M,"GREETING CARD, BLACKPOOL ROCK",0.85,Under 2
84251B,"GREETING CARD, STICKY GORDON",0.42,Under 2
84251C,"GREETING CARD, TWO SISTERS.",0.42,Under 2
84251F,"GREETING CARD, RITA",0.19,Under 2
84251G,"GREETING CARD, OVERCROWDED POOL.",0.42,Under 2
84251J,"GREETING CARD, THE BLACK CAT",0.84,Under 2
84255A,PINK GLASS COCKTAIL LAMP,2.1,2-5
84255B,ORANGE COCKTAIL GLASS LAMP,2.1,2-5
84270,ASSTD DESIGN BUBBLE GUM RING,0.21,Under 2
84279B,CHERRY BLOSSOM DECORATIVE FLASK,3.75,2-5
84279P,CHERRY BLOSSOM  DECORATIVE FLASK,3.75,2-5
84288B,SET/2 BLUE  NOODLE BASKETS,1.95,Under 2
84292,ROSE PINK METAL FOLDING CHAIR,7.95,5-10
84292B,BLUE COL METAL FOLDING CHAIR,7.95,5-10
84306,S/3 PINK SQUARE PLANTERS ROSES,10.95,10+
84311,CAMOFLAGE CUSHION COVER,1.65,Under 2
84313A,PINK TV TRAY TABLE,4.25,2-5
84313B,BLUE TV TRAY TABLE,4.25,2-5
84313C,ORANGE TV TRAY TABLE,4.25,2-5
84327A,PINK JUMPER LARRY THE LAMB,2.1,2-5
84340,LARGE FIBRE OPTIC CHRISTMAS TREE,2.55,2-5
84341B,SMALL PINK MAGIC CHRISTMAS TREE,0.85,Under 2
84347,ROTATING SILVER ANGELS T-LIGHT HLDR,2.55,2-5
84352,SILVER CHRISTMAS TREE BAUBLE STAND,16.95,10+
84356,POMPOM CURTAIN,6.95,5-10
84358,FLOOR LAMP SHADE WOOD BASE,9.95,5-10
84360,TABLE LAMP WHITE SHADE WOOD BASE,5.95,5-10
84366,VENDETTA CANVAS PICTURE,3.75,2-5
84367,LA STREGA CANVAS PICTURE,1.65,Under 2
84371,BIG PINK POODLE,19.95,10+
84375,SET OF 20 KIDS COOKIE CUTTERS,2.1,2-5
84378,SET OF 3 HEART COOKIE CUTTERS,1.25,Under 2
84380,SET OF 3 BUTTERFLY COOKIE CUTTERS,1.25,Under 2
84387A,BIRD ON BRANCH CANVAS SCREEN,1.95,Under 2
84388,WISE MAN STAR SHAPE EGG PAN,1.65,Under 2
84396,6 HOOK JEWELLERY STAND BLACK DRESS,8.47,5-10
84402B,PURPLE DRESS JEWELLERY STAND,0.79,Under 2
84402D,PINK DRESS JEWELLERY STAND,0.85,Under 2
84405A,S/3 PINK COL METAL BASKET W HANDLE,12.75,10+
84406B,CREAM CUPID HEARTS COAT HANGER,3.25,2-5
84414B,FUSCHIA/GREEN STRIPE WOOLLY BLANKET,5.95,5-10
84415A,PINK FLOCK SUEDE CUSHION COVER,3.75,2-5
84415B,BLUE FLOCK CUSHION COVER,3.75,2-5
84422,PINK/BLUE DISC/MIRROR STRING,0.85,Under 2
84424A,FOUR PICTURE WHITE GLASS FRAME,3.75,2-5
84425A,WHITE GLASS TV TRIPLE FRAME,4.25,2-5
84427B,BLACK GLASS TV DOUBLE P/FRAME 15X10,4.25,2-5
84429A,MEDIUM PINK BUDDHA HEAD,2.95,2-5
84437A,S/6 PINK EASTER DECS IN BOX,0.85,Under 2
84447,6 RABBIT CHAIN EASTER,1.66,Under 2
84450A,PINK RABBIT SITTING EASTER,0.42,Under 2
84450B,PINK/YELLOW RABBIT SAT EASTER,0.81,Under 2
84452,METAL RABBIT LADDER EASTER,0.85,Under 2
84454,WOBBLING METAL CHICKEN EASTER,0.85,Under 2
84455,SET OF 3 RABBIT CARROTS EASTER,0.85,Under 2
84456,SET OF 3 RABBIT EGG EASTER,0.85,Under 2
84457,SET/3 RABBITS FLOWER SKIPPPING ROPE,0.85,Under 2
84458,S/3 RABBIT FLOWER/EGG/CARROT ROPE,0.85,Under 2
84459A,PINK METAL CHICKEN HEART,1.49,Under 2
84459B,YELLOW METAL CHICKEN HEART,1.49,Under 2
84461,12 PINK HEN+CHICKS IN BASKET,2.55,2-5
84462,3 PINK HEN+CHICKS IN BASKET,1.25,Under 2
84464,S/60 PINK FLUFFY CHICKS IN BOX,2.55,2-5
84465,15 PINK FLUFFY CHICKS IN BOX,2.95,2-5
84466,TOP SECRET PEN SET,1.25,Under 2
84467,ENGLISH ROSE DESIGN QUILTED THROW,25.49,10+
84469,ROSE DES PADDED FLOOR CUSHION,2.95,2-5
84472,PINK AND LILAC QUILTED THROW,45.95,10+
84482,BUTTONS DESIGN JEWELLERY BOX,3.75,2-5
84493,BLUE/PINK NEST STRIPE BOX,2.55,2-5
84497,BUTTONS AND STRIPES NOTEBOOK,3.75,2-5
84499,BLACK FLOWER CANDLE PLATE,0.85,Under 2
84507B,STRIPES DESIGN MONKEY DOLL,2.55,2-5
84507C,BLUE CIRCLES DESIGN MONKEY DOLL,2.55,2-5
84508A,CAMOUFLAGE DESIGN TEDDY,2.55,2-5
84508B,STRIPES DESIGN TEDDY,2.55,2-5
84508C,BLUE CIRCLES DESIGN TEDDY,2.55,2-5
84509A,SET OF 4 ENGLISH ROSE PLACEMATS,3.75,2-5
84509B,SET OF 4 FAIRY CAKE PLACEMATS,3.75,2-5
84509C,SET OF 4 POLKADOT PLACEMATS,3.75,2-5
84509E,SET OF 4 CAROUSEL PLACEMATS,3.36,2-5
84509F,SET OF 4 NEW ENGLAND PLACEMATS,3.75,2-5
84509G,SET OF 4 FAIRY CAKE PLACEMATS,3.75,2-5
84510A,SET OF 4 ENGLISH ROSE COASTERS,1.25,Under 2
84510B,SET OF 4 FAIRY CAKES COASTERS,1.25,Under 2
84510C,SET OF 4 POLKADOT COASTERS,2.46,2-5
84510E,SET OF 4 GREEN CAROUSEL COASTERS,2.46,2-5
84510F,SET OF 4 NEW ENGLAND COASTERS,1.25,Under 2
84519A,TOMATO CHARLIE+LOLA COASTER SET,2.95,2-5
84519B,CARROT CHARLIE+LOLA COASTER SET,2.95,2-5
84520B,PACK 20 ENGLISH ROSE PAPER NAPKINS,0.85,Under 2
84520D,PACK OF 20 FAIRY CAKE PAPER NAPKINS,0.85,Under 2
84522,PINK PARTY SUNGLASSES,1.95,Under 2
84526,GIANT BLACK SUNGLASSES,1.95,Under 2
84527,FLAMES SUNGLASSES PINK LENSES,1.95,Under 2
84529A,PINK KNITTED KIDS RUCKSACK,6.75,5-10
84529B,BLUE KNITTED KID'S RUCKSACK,4.21,2-5
84529C,YELLOW KNITTED KIDS RUCKSACK,4.21,2-5
84531A,PINK KNITTED EGG COSY,0.83,Under 2
84531B,BLUE KNITTED EGG COSY,0.61,Under 2
84532B,FAIRY CAKES RECTANGLUAR BOXES,5.95,5-10
84533B,FAIRY CAKES ROUND NESTING BOXES,5.95,5-10
84534B,FAIRY CAKE NOTEBOOK A5 SIZE,0.85,Under 2
84535A,ENGLISH ROSE NOTEBOOK A6 SIZE,0.65,Under 2
84535B,FAIRY CAKES NOTEBOOK A6 SIZE,0.65,Under 2
84536A,ENGLISH ROSE NOTEBOOK A7 SIZE,0.42,Under 2
84536B,FAIRY CAKES NOTEBOOK A7 SIZE,0.42,Under 2
84537B,FAIRY CAKES GIFT BAG,0.42,Under 2
84539,KNITTED RABBIT DOLL,1.65,Under 2
84546,CROCHET POODLE KEYRING,1.65,Under 2
84548,CROCHET BEAR RED/BLUE  KEYRING,1.65,Under 2
84549,CROCHET WHITE RABBIT KEYRING,1.65,Under 2
84550,CROCHET LILAC/RED BEAR KEYRING,1.65,Under 2
84551,CROCHET DOG KEYRING,1.65,Under 2
84555A,YELLOW VW BEETLE CERAMIC MONEY BOX,2.95,2-5
84558A,3D DOG PICTURE PLAYING CARDS,2.95,2-5
84559A,3D SHEET OF DOG STICKERS,0.85,Under 2
84559B,3D SHEET OF CAT STICKERS,0.85,Under 2
84559D,3D SHEET OF SEA WORLD STICKERS,0.85,Under 2
84562A,PINK/WHITE RIBBED MELAMINE JUG,7.95,5-10
84562B,BLUE/WHITE RIBBED MELAMINE JUG,7.95,5-10
84563A,PINK & WHITE BREAKFAST TRAY,5.95,5-10
84563B,BLUE & WHITE BREAKFAST TRAY,4.21,2-5
84564,6 SEGMENT COLOURED SNACK BOWL,7.95,5-10
84567,FROSTED GLASS WITH SILVER SURROUND,1.65,Under 2
84568,GIRLS ALPHABET IRON ON PATCHES,0.42,Under 2
84569A,PACK 3 IRON ON DOG PATCHES,1.25,Under 2
84569B,PACK 3 FIRE ENGINE/CAR PATCHES,1.25,Under 2
84569C,PACK 4 FLOWER/BUTTERFLY PATCHES,1.25,Under 2
84569D,PACK 6 HEART/ICE-CREAM PATCHES,1.25,Under 2
84570B,WHITE SATIN DRESS JEWEL STAND,4.95,2-5
84572,6 HOOK JEWEL STAND LILAC DRESS,8.49,5-10
84575A,PINK DOG CANNISTER,5.95,5-10
84575B,BROWN DOG CANNISTER W BONE,5.95,5-10
84576,BLUE CAT BISCUIT BARREL PINK HEART,4.13,2-5
84578,ELEPHANT TOY WITH BLUE T-SHIRT,3.75,2-5
84580,MOUSE TOY WITH PINK T-SHIRT,3.75,2-5
84581,DOG TOY WITH PINK CROCHET SKIRT,3.75,2-5
84582,PINK CROCHET CAT WITH SCARF,4.25,2-5
84584,PINK GINGHAM CAT WITH SCARF,2.55,2-5
84586L,"PINK ROSES/GINGHAM PATCH RABBIT 8""",2.95,2-5
84592,CROCHET ROSE PURSE WITH SUEDE BACK,2.95,2-5
84593,CROCHET ROSE DES CLOTHES HANGER,2.95,2-5
84595B,LARGE TRIFLE DESIGN L BLUE BOWL,3.75,2-5
84595E,LARGE TORTILLA DESIGN RED BOWL,3.29,2-5
84596B,SMALL DOLLY MIX DESIGN ORANGE BOWL,0.83,Under 2
84596E,SMALL LICORICE DES PINK BOWL,1.25,Under 2
84596F,SMALL MARSHMALLOWS PINK BOWL,0.83,Under 2
84596G,SMALL CHOCOLATES PINK BOWL,0.83,Under 2
84596I,WRAP SWEETS LIGHT PINK SMALL BOWL,1.25,Under 2
84596J,MIXED NUTS LIGHT GREEN BOWL,1.25,Under 2
84596K,JELLY BABIES YELLOW SMALL BOWL,1.25,Under 2
84596L,BISCUITS SMALL BOWL LIGHT BLUE,0.83,Under 2
84597B,RETRO BROWN BALL ASHTRAY,1.25,Under 2
84597C,RETRO PINK BALL ASHTRAY,1.25,Under 2
84598,BOYS ALPHABET IRON ON PATCHES,0.42,Under 2
84599,CANDY STRIPE ROSE FLOOR CUSHION,12.04,10+
84600,NEW BAROQUE JEWELLERY BOX,7.95,5-10
84601A,NEW BAROQUE IVORY CUSHION COVER,2.95,2-5
84608,ORNATE EDWARDIAN CANDLE HOLDER,7.95,5-10
84609,TALL ROCOCO CANDLE HOLDER,8.5,5-10
84611B,BLACK NEW BAROQUE FLOCK BOX,5.95,5-10
84612B,SET/4 BLACK  BAROQUE FLOCK COASTER,2.55,2-5
84613A,PINK NEW BAROQUE FLOCK CANDLESTICK,4.65,2-5
84613C,BLUE NEW BAROQUE FLOCK CANDLESTICK,4.65,2-5
84614A,PINK BAROQUE FLOCK CANDLE HOLDER,5.95,5-10
84614C,BLUE BAROQUE FLOCK CANDLE HOLDER,5.95,5-10
84615,PINK ROUND BUTTERFLY MIRROR,1.95,Under 2
84616,SILVER ROCCOCO CHANDELIER,29.95,10+
84617,NEW BAROQUE BLACK BOXES,12.75,10+
84619,BLUE GINGHAM ROSE QUILT,45.95,10+
84620,BLUE GINGHAM ROSE CUSHION COVER,5.95,5-10
84621,BLUE GINGHAM ROSE FLOOR CUSHION,7.95,5-10
84622,PINK GINGHAM ROSE CUSHION COVER,5.95,5-10
84623,PINK GINGHAM ROSE FLOOR CUSHION,7.95,5-10
84625A,PINK NEW BAROQUECANDLESTICK CANDLE,2.95,2-5
84625B,BLCK NEW BAROQUE CANDLESTICK CANDLE,2.95,2-5
84625C,BLUE NEW BAROQUE CANDLESTICK CANDLE,2.95,2-5
84625D,WHITE NEWBAROQUE CANDLESTICK CANDLE,2.95,2-5
84626,CANDY STRIPE ROSE QUILT,45.95,10+
84627,CANDY STRIPE ROSE C/COVER,5.95,5-10
84629,WHITE 3 FRAME BIRDS AND TREE,4.95,2-5
84630,FLOWERS AND BIRDS WALL PLAQUE,7.95,5-10
84631,FRUIT TREE AND BIRDS WALL PLAQUE,7.95,5-10
84632,DECORATIVE HANGING SHELVING UNIT,59.95,10+
84637,KITCHEN FLOWER POTS WALL PLAQUE,4.96,2-5
84638,SMALL KITCHEN FLOWER POTS PLAQUE,6.95,5-10
84648,NEW BAROQUE WALL MIRROR,12.75,10+
84653,GREEN ROSE QUILT,45.95,10+
84656,WHITE ROSE C/COVER,5.95,5-10
84657,GREEN ROSE CUSHION COVER,3.1500000000000004,2-5
84658,WHITE STITCHED CUSHION COVER,6.95,5-10
84659A,WHITE TRAVEL ALARM CLOCK,2.51,2-5
84660A,WHITE STITCHED WALL CLOCK,1.25,Under 2
84660B,BLACK STITCHED WALL CLOCK,3.75,2-5
84660C,PINK STITCHED WALL CLOCK,3.75,2-5
84661A,WHITE SQUARE TABLE CLOCK,2.55,2-5
84661B,BLACK SQUARE TABLE CLOCK,2.55,2-5
84661C,PINK SQUARE TABLE CLOCK,2.55,2-5
84663A,GRASS HOPPER WOODEN WALL CLOCK,5.91,5-10
84664,CHERRY BLOSSOM BATHROOM CABINET,4.95,2-5
84665,SQUARE CHERRY BLOSSOM CABINET,5.95,5-10
84666,SQUARE CHERRY BLOSSOM CABINET,3.95,2-5
84670,JAPANESE CROCHETED ANIMAL,0.42,Under 2
84671B,CROCHET BEAR WITH BLUE STRIPES,2.55,2-5
84673A,PINK FLY SWAT,0.65,Under 2
84673B,BLUE FLY SWAT,0.65,Under 2
84674,FLYING PIG WATERING CAN,2.95,2-5
84675,FROG KING WATERING CAN,2.95,2-5
84676,BATH DUCK WATERING CAN,2.95,2-5
84678,CLASSICAL ROSE SMALL VASE,2.55,2-5
84679,CLASSICAL ROSE TABLE LAMP,5.95,5-10
84680,CLASSICAL ROSE URN,7.95,5-10
84682,CLASSICAL ROSE DISH,2.95,2-5
84683,CLASSICAL ROSE CANDLESTAND,1.25,Under 2
84684,BEACH HUT PHOTO FRAME,2.55,2-5
84685,BEACH HUT KEY CABINET,7.62,5-10
84686,BEACH HUT MIRROR,6.36,5-10
84687,BEACH HUT SHELF W 3 DRAWERS,5.95,5-10
84688,BEACH HUT DESIGN BLACKBOARD,4.25,2-5
84689,S/2 BEACH HUT TREASURE CHESTS,5.95,5-10
84690,S/2 BEACH HUT STOOLS,7.95,5-10
84691,PACK 20 DOLLY PEGS,0.85,Under 2
84692,BOX OF 24 COCKTAIL PARASOLS,0.42,Under 2
84705A,ENGLISH ROSE PHOTO FRAME,4.65,2-5
84705B,FAIRY CAKES PHOTO FRAME,3.43,2-5
84705C,PINK FLOCK PHOTO FRAME,4.43,2-5
84705D,CHERRY BLOSSOM PHOTO FRAME,4.21,2-5
84705F,RED PEONY PHOTO FRAME,4.65,2-5
84706A,ENGLISH ROSE TABLE CLOCK,8.95,5-10
84706B,FAIRY CAKES TABLE CLOCK,8.95,5-10
84706C,PINK FLOCK TABLE CLOCK,1.95,Under 2
84706D,CHERRY BLOSSOM TABLE CLOCK,1.95,Under 2
84706F,RED PEONY TABLE CLOCK,2.95,2-5
84707A,SILVER JEWELLED MIRROR TRINKET TRAY,9.95,5-10
84707B,PINK JEWELLED MIRROR TRINKET TRAY,8.47,5-10
84708B,PINK JEWELLED PHOTO FRAME,4.95,2-5
84709A,SILVER OVAL JEWELLED MIRROR,5.95,5-10
84709B,PINK OVAL JEWELLED MIRROR,5.95,5-10
84711A,SILVER OVAL SHAPE TRINKET BOX,9.95,5-10
84711B,PINK OVAL SHAPE TRINKET BOX,9.3,5-10
84712B,PINK JEWELLED PHOTO FRAME,7.95,5-10
84715,SET OF 6 ICE CREAM SKITTLES,2.95,2-5
84720,DOT MATRIX CANVAS ART PICTURE,3.95,2-5
84721,MANHATTAN CANVAS ART PICTURE,8.35,5-10
84723,CHERRY BLOSSOM CANVAS ART PICTURE,7.95,5-10
84725,FREESTYLE CANVAS ART PICTURE,1.65,Under 2
84726,LILLIES CANVAS PICTURE,1.65,Under 2
84731,3 BIRDS CANVAS SCREEN,1.65,Under 2
84732B,CUTE BIRD CEATURE SCREEN,1.65,Under 2
84732D,CUTE RABBIT CEATURE SCREEN,1.65,Under 2
84741C,CITRUS GARLAND FELT FLOWERS,1.95,Under 2
84743C,ORANGE FELT VASE + FLOWERS,1.25,Under 2
84744,S/6 SEW ON CROCHET FLOWERS,1.25,Under 2
84745A,PINK HANGING GINGHAM EASTER HEN,0.42,Under 2
84745B,BLUE HANGING GINGHAM EASTER HEN,0.42,Under 2
84746,PINK EASTER HENS+FLOWER,3.105,2-5
84748,FOLK FELT HANGING MULTICOL GARLAND,2.51,2-5
84750A,PINK SMALL GLASS CAKE STAND,1.95,Under 2
84750B,BLACK SMALL GLASS CAKE STAND,1.95,Under 2
84751B,BLACK MEDIUM GLASS CAKE STAND,3.75,2-5
84753A,PINK EAU DE COLOGNE BOTTLE,0.85,Under 2
84754,S/15 SILVER GLASS BAUBLES IN BAG,1.25,Under 2
84755,COLOUR GLASS T-LIGHT HOLDER HANGING,0.65,Under 2
84757,ENCHANTED GARDEN WROUGHT IRON TABLE,14.95,10+
84760L,LARGE HANGING GLASS+ZINC LANTERN,1.6,Under 2
84760S,SMALL HANGING GLASS+ZINC LANTERN,1.45,Under 2
84761,IVORY HANGING BIRD PLANTER,2.55,2-5
84762A,WHITE PICNIC BARBECUE BUCKET,10.75,10+
84762B,PINK PICNIC BARBECUE BUCKET,8.47,5-10
84762C,GREEN PICNIC BARBECUE BUCKET,8.47,5-10
84763,ZINC FINISH 15CM PLANTER POTS,1.25,Under 2
84765,SILVER ROCOCO CANDELABRA,12.75,10+
84766,SILVER ROCOCO CANDLE STICK,5.95,5-10
84767,ZINC POLICE BOX LANTERN,5.95,5-10
84770,ROUND GEORGIAN SILVER MIRROR,2.95,2-5
84773,RED ROSE AND LACE C/COVER,2.95,2-5
84782A,PINK 3 TIER GLASS PLATE STAND,12.75,10+
84782B,BLACK 3 TIER GLASS PLATE STAND,12.75,10+
84782C,GREEN 3 TIER GLASS PLATE STAND,12.75,10+
84789,ENCHANTED BIRD PLANT CAGE,3.75,2-5
84791,GINGHAM HEART DECORATION,2.95,2-5
84792,ENCHANTED BIRD COATHANGER 5 HOOK,4.65,2-5
84795A,PASTEL STRIPE HAMMOCK,7.95,5-10
84795B,SUNSET CHECK HAMMOCK,7.95,5-10
84795C,OCEAN STRIPE HAMMOCK,7.95,5-10
84795D,SEASIDE STRIPE HAMMOCK,7.95,5-10
84795E,RIO PINK STRIPE HAMMOCK,7.95,5-10
84796A,PINK HAWAIIAN PICNIC HAMPER FOR 2,8.47,5-10
84796B,BLUE SAVANNAH PICNIC HAMPER FOR 2,8.29,5-10
84797A,PINK HAWAIIAN PICNIC HAMPER FOR 4,11.02,10+
84797B,BLUE SAVANNAH PICNIC HAMPER FOR 4,11.02,10+
84798A,PINK FOXGLOVE ARTIIFCIAL FLOWER,2.55,2-5
84798B,PURPLE FOXGLOVE ARTIIFCIAL FLOWER,2.55,2-5
84798C,WHITE FOXGLOVE ARTIIFCIAL FLOWER,2.55,2-5
84799,SPRIG LAVENDER ARTIFICIAL FLOWER,1.25,Under 2
84800L,LARGE WHITE/PINK ROSE ART FLOWER,2.12,2-5
84800M,MEDIUM WHITE/PINK ROSE ART FLOWER,1.69,Under 2
84800S,SMALL WHITE/PINK ROSE ART FLOWER,1.25,Under 2
84801A,PINK HYDRANGEA ART FLOWER,2.1,2-5
84801B,WHITE HYDRANGEA ART FLOWER,2.1,2-5
84802A,WHITE ANEMONE ARTIFICIAL FLOWER,1.69,Under 2
84802B,PURPLE ANEMONE ARTIFICIAL FLOWER,1.69,Under 2
84803A,PINK ALLIUM  ARTIFICIAL FLOWER,1.69,Under 2
84803B,WHITE ALLIUM  ARTIFICIAL FLOWER,1.69,Under 2
84804A,CREAM DELPHINIUM ARTIFICIAL FLOWER,2.95,2-5
84804B,BLUE DELPHINIUM ARTIFICIAL FLOWER,2.95,2-5
84805A,CREAM CLIMBING HYDRANGA ART FLOWER,3.75,2-5
84805B,BLUE CLIMBING HYDRANGA ART FLOWER,2.95,2-5
84806A,PINK CANDYSTUFT ARTIFICIAL FLOWER,1.45,Under 2
84806B,WHITE CANDYSTUFT ARTIFICIAL FLOWER,1.45,Under 2
84807,RED POPPY ARTIFICIAL FLOWER,1.69,Under 2
84809A,WHITE CHRYSANTHEMUMS ART FLOWER,2.1,2-5
84809B,PINK CHRYSANTHEMUMS ART FLOWER,2.1,2-5
84813,SET OF 4 DIAMOND NAPKIN RINGS,12.75,10+
84814A,HEXAGONAL CRYSTAL PERFUME BOTTLE,1.95,Under 2
84814B,RHOMBUS CRYSTAL PERFUME BOTTLE,1.95,Under 2
84815,SET OF 3 DANISH ROSE PLANTERS,4.25,2-5
84816,DANISH ROSE BEDSIDE CABINET,39.95,10+
84817,DANISH ROSE DECORATIVE PLATE,2.1,2-5
84818,DANISH ROSE PHOTO FRAME,2.51,2-5
84819,DANISH ROSE ROUND SEWING BOX,4.25,2-5
84820,DANISH ROSE TRINKET TRAYS,5.95,5-10
84821,DANISH ROSE DELUXE COASTER,0.85,Under 2
84823,DANISH ROSE FOLDING CHAIR,7.95,5-10
84824,DANISH ROSE UMBRELLA STAND,15.95,10+
84826,ASSTD DESIGN 3D PAPER STICKERS,0.85,Under 2
84827,ASS DES PHONE SPONGE CRAFT STICKER,0.65,Under 2
84828,JUNGLE POPSICLES ICE LOLLY MOULDS,1.25,Under 2
84830,LARGE ENGLISH ARBORETUM,16.95,10+
84832,ZINC WILLIE WINKIE  CANDLE STICK,0.85,Under 2
84836,ZINC METAL HEART DECORATION,1.25,Under 2
84837,WHITE SWEETHEARTS CABINET 4 DRAWERS,12.75,10+
84838,ANT WHITE HIGH RISE BIRD BOX,8.5,5-10
84839,SWEETHEART KEY CABINET,6.75,5-10
84840,SWEETHEART CARRY-ALL BASKET,8.5,5-10
84842,HELLO SAILOR BATHROOM SET,3.75,2-5
84843,WHITE SOAP RACK WITH 2 BOTTLES,5.95,5-10
84845A,HOLLYHOCK SQUARE HANDY TIN,1.25,Under 2
84845C,CARNATION SQUARE HANDY TIN,1.25,Under 2
84845D,GERANIUM SQUARE HANDY TIN,1.25,Under 2
84846A,SCENTED CANDLE IN DIGITALIS TIN,2.1,2-5
84847,FLORAL BATHROOM SET,3.75,2-5
84849A,HELLO SAILOR BLUE SOAP HOLDER,1.69,Under 2
84849B,FAIRY SOAP SOAP HOLDER,1.69,Under 2
84849D,HOT BATHS SOAP HOLDER,1.69,Under 2
84854,GIRLY PINK TOOL SET,4.95,2-5
84855,BLOKEY SILVER TOOL SET,4.95,2-5
84856L,LARGE TAHITI BEACH BAG,5.95,5-10
84856S,SMALL TAHITI BEACH BAG,4.65,2-5
84857A,SILVER MONTE CARLO HANDBAG,8.5,5-10
84857B,BLUE MONTE CARLO HANDBAG,1.95,Under 2
84857C,PINK MONTE CARLO HANDBAG,1.95,Under 2
84858A,NATURAL RIVIERA HANDBAG,5.95,5-10
84858B,BLUE RIVIERA HANDBAG,1.25,Under 2
84858C,PINK RIVIERA HANDBAG,5.95,5-10
84859A,SILVER DISCO HANDBAG,1.95,Under 2
84859B,BLUE DISCO HANDBAG,1.95,Under 2
84859C,PINK DISCO HANDBAG,1.95,Under 2
84864A,PINK PAISLEY PHOTO ALBUM,6.75,5-10
84865,NEW BAROQUE BLACK PHOTO ALBUM,8.5,5-10
84867A,PINK BABY GIRLS PHOTO ALBUM,6.95,5-10
84867B,BLUE BABY BOY'S PHOTO ALBUM,13.57,10+
84868A,PINK BABY GIRL'S MEMORY BOX,6.95,5-10
84868B,BLUE BABY BOY'S MEMORY BOX,6.95,5-10
84869,CANDY BUTTON PHOTO ALBUM,5.95,5-10
84870B,BLUE GEISHA GIRL,3.75,2-5
84870C,GREEN GEISHA GIRL,3.75,2-5
84872A,TEATIME FUNKY FLOWER BACKPACK FOR 2,11.02,10+
84873A,FUNKY FLOWER PICNIC BAG FOR 4,11.02,10+
84874B,BLUE TRAVEL FIRST AID KIT,1.65,Under 2
84875A,PINK SQUARE COMPACT MIRROR,3.75,2-5
84875B,GREEN SQUARE COMPACT MIRROR,1.25,Under 2
84875D,BLUE SQUARE COMPACT MIRROR,1.25,Under 2
84876B,GREEN HEART COMPACT MIRROR,1.25,Under 2
84876C,SILVER HEART COMPACT MIRROR,3.75,2-5
84876D,BLUE HEART COMPACT MIRROR,3.75,2-5
84877A,PINK ROUND COMPACT MIRROR,3.75,2-5
84877B,GREEN ROUND COMPACT MIRROR,3.29,2-5
84877D,BLUE ROUND COMPACT MIRROR,3.36,2-5
84879,ASSORTED COLOUR BIRD ORNAMENT,1.69,Under 2
84880,WHITE WIRE EGG HOLDER,5.95,5-10
84881,BLUE WIRE SPIRAL CANDLE HOLDER,6.35,5-10
84882,GREEN WIRE STANDING CANDLE HOLDER,3.75,2-5
84884A,ANT WHITE WIRE HEART SPIRAL,3.95,2-5
84886,BLUE METAL WALL SHELF,9.95,5-10
84891B,GREEN WIRE GOBLET CANDLEHOLDER,7.95,5-10
84893,ANT WHITE IRON BASKET,5.95,5-10
84898F,YELLOW FLOWERS FELT HANDBAG KIT,2.1,2-5
84899E,YELLOW BROWN BEAR FELT PURSE KIT,1.25,Under 2
84899F,YELLOW PURPLE DAISY FELT PURSE KIT,2.51,2-5
84901,BLACK FACE LAMB WITH PANTS,3.75,2-5
84902,PINK KNITTED COW STUFFED TOY,3.75,2-5
84905,PINK BUTTERFLY CUSHION COVER,5.06,5-10
84906,PINK BUTTERFLY CUSHION COVER,5.95,5-10
84907,PINK YELLOW PATCH CUSHION COVER,5.79,5-10
84908A,PINK 5 PATCH FLOWER CUSHION COVER,5.91,5-10
84908B,BLUE 5 PATCH FLOWER CUSHION COVER,5.91,5-10
84909A,PINK PAISLEY QUILT,12.75,10+
84910A,PINK PAISLEY CUSHION COVER,5.95,5-10
84912A,PINK ROSE WASHBAG,3.36,2-5
84912B,GREEN ROSE WASHBAG,3.36,2-5
84913A,SOFT PINK ROSE TOWEL,3.36,2-5
84913B,MINT GREEN ROSE TOWEL,3.36,2-5
84914A,PINK ROSE PICNIC RUG,25.95,10+
84915,HAND TOWEL PINK FLOWER AND DAISY,4.21,2-5
84916,HAND TOWEL PALE BLUE W FLOWERS,4.21,2-5
84917,WHITE HAND TOWEL WITH BUTTERFLY,4.21,2-5
84918,CREAM CUSHION COVER WITH FLOWERS,5.91,5-10
84919,BLUE CUSHION COVER WITH FLOWER,6.95,5-10
84920,PINK FLOWER FABRIC PONY,3.75,2-5
84921,CREAM AND PINK FLOWERS PONY,3.75,2-5
84922,PINK BUTTERFLY WASHBAG,4.25,2-5
84923,PINK BUTTERFLY HANDBAG W BOBBLES,4.13,2-5
84924A,WAKE UP COCKEREL CALENDAR SIGN,3.75,2-5
84924D,LA PALMIERA METAL SIGN CALENDAR,3.75,2-5
84924F,PSYCHEDELIC METAL SIGN CALENDAR,2.27,2-5
84925A,WAKE UP COCKEREL WALL THERMOMETER,2.55,2-5
84925C,FAIRY CAKES  WALL THERMOMETER,2.55,2-5
84925D,LA PALMIERA WALL THERMOMETER,2.55,2-5
84925E,FLOWERS WALL THERMOMETER,2.55,2-5
84925F,PSYCHEDELIC WALL THERMOMETER,2.55,2-5
84926A,WAKE UP COCKEREL TILE COASTER,1.25,Under 2
84926B,SCOTTS ROSES TILE COASTER,1.25,Under 2
84926C,FAIRY CAKES TILE COASTER,1.25,Under 2
84926D,LA PALMIERA TILE COASTER,0.835,Under 2
84926E,FLOWERS TILE COASTER,0.29,Under 2
84926F,PSYCHEDELIC TILE COASTER,1.25,Under 2
84927A,WAKE UP COCKEREL TILE HOOK,2.1,2-5
84927D,LA PALMIERA TILE HOOK,2.1,2-5
84927E,FLOWERS TILE HOOK,2.1,2-5
84927F,PSYCHEDELIC TILE HOOK,1.245,Under 2
84929,ASSTD FRUIT+FLOWERS FRIDGE MAGNETS,0.19,Under 2
84931A,PINK SCOTTIE DOG W FLOWER PATTERN,2.55,2-5
84931B,BLUE SCOTTIE DOG W FLOWER PATTERN,2.55,2-5
84932A,SMALL GREEN PEONY FOLDING STOOL,1.95,Under 2
84932B,SMALL PINK PEONY FOLDING STOOL,1.95,Under 2
84932C,SMALL ORIENTAL BLUE FOLDING STOOL,1.95,Under 2
84932D,SMALL ORIENTAL RED FOLDING STOOL,1.95,Under 2
84933A,LARGE GREEN PEONY FOLDING STOOL,2.1,2-5
84933B,LARGE PINK PEONY FOLDING STOOL,2.1,2-5
84933C,LARGE BLUE ORIENTAL FOLDING STOOL,2.1,2-5
84934,ASSTD DESIGN POP ART SLIM PEN,0.85,Under 2
84937,KASHMIR FOLKART TUMBLERS,2.1,2-5
84942,KASHMIR FOLKART HEART DISHES,1.69,Under 2
84944,SET OF 6 KASHMIR FOLKART BAUBLES,4.25,2-5
84945,MULTI COLOUR SILVER T-LIGHT HOLDER,0.85,Under 2
84946,ANTIQUE SILVER T-LIGHT GLASS,1.25,Under 2
84947,ANTIQUE SILVER TEA GLASS ENGRAVED,1.25,Under 2
84948,SILVER HANGING T-LIGHT HOLDER DOME,1.65,Under 2
84949,SILVER HANGING T-LIGHT HOLDER,1.65,Under 2
84950,ASSORTED COLOUR T-LIGHT HOLDER,0.72,Under 2
84951A,SET OF 4 PISTACHIO LOVEBIRD COASTER,1.66,Under 2
84951B,SET OF 4 BLACK LOVEBIRD COASTERS,1.66,Under 2
84952A,CLEAR LOVE BIRD T-LIGHT HOLDER,2.51,2-5
84952B,BLACK LOVE BIRD T-LIGHT HOLDER,2.51,2-5
84952C,MIRROR LOVE BIRD T-LIGHT HOLDER,3.75,2-5
84962,SET/3 COLOUR PAINTED KASHMIRI STOOL,59.95,10+
84963A,PINK PAINTED KASHMIRI CHAIR,49.95,10+
84963B,BLUE PAINTED KASHMIRI CHAIR,49.95,10+
84964A,PINK PAINTED KASHMIRI TABLE,45.0,10+
84964B,BLUE PAINTED KASHMIRI TABLE,45.0,10+
84965A,PINK KASHMIRI COFFEE TABLE,30.0,10+
84965B,BLUE KASHMIRI COFFEE TABLE,45.0,10+
84966A,PINK KASHMIRI BOXED MIRROR,20.0,10+
84966B,BLUE KASHMIRI BOXED MIRROR,16.0,10+
84966C,GREEN KASHMIRI BOXED MIRROR,12.0,10+
84967A,PINK KASHMIRI OCCASIONAL TABLE,79.95,10+
84967B,BLUE KASHMIRI OCCASIONAL TABLE,79.95,10+
84967C,GREEN KASHMIRI OCCASIONAL TABLE,79.95,10+
84968A,SET OF 16 VINTAGE ROSE CUTLERY,12.75,10+
84968B,SET OF 16 VINTAGE IVORY CUTLERY,12.75,10+
84968C,SET OF 16 VINTAGE PISTACHIO CUTLERY,12.75,10+
84968D,SET OF 16 VINTAGE RED CUTLERY,12.75,10+
84968E,SET OF 16 VINTAGE BLACK CUTLERY,12.75,10+
84968F,SET OF 16 VINTAGE SKY BLUE CUTLERY,12.75,10+
84969,BOX OF 6 ASSORTED COLOUR TEASPOONS,4.25,2-5
84970L,SINGLE HEART ZINC T-LIGHT HOLDER,0.95,Under 2
84970S,HANGING HEART ZINC T-LIGHT HOLDER,0.85,Under 2
84971L,LARGE HEART FLOWERS HOOK,1.25,Under 2
84971S,SMALL HEART FLOWERS HOOK,0.85,Under 2
84972L,GIANT PINK HEART MEMO HOLDER,3.95,2-5
84974,S/2 ZINC HEART DESIGN PLANTERS,9.95,5-10
84975,HEART SHAPED MIRROR,1.69,Under 2
84976,RECTANGULAR SHAPED MIRROR,1.69,Under 2
84977,WIRE FLOWER T-LIGHT HOLDER,1.25,Under 2
84978,HANGING HEART JAR T-LIGHT HOLDER,1.25,Under 2
84984A,GREEN PEONY CUSHION COVER,4.65,2-5
84984B,RED PEONY CUSHION COVER,4.65,2-5
84984C,ORIENTAL BLUE CUSHION COVER,4.65,2-5
84984D,ORIENTAL RED CUSHION COVER,4.65,2-5
84985A,SET OF 72 GREEN PAPER DOILIES,1.45,Under 2
84985B,SET OF 72 BLACK PAPER DOILIES,1.45,Under 2
84986B,SET OF 36 SILVER PAPER DOILIES,1.45,Under 2
84987,SET OF 36 TEATIME PAPER DOILIES,1.45,Under 2
84988,SET OF 72 PINK HEART PAPER DOILIES,1.45,Under 2
84989A,75 GREEN FAIRY CAKE CASES,0.55,Under 2
84989B,75 BLACK FAIRY CAKE CASES,0.55,Under 2
84990,60 GOLD AND SILVER FAIRY CAKE CASES,0.55,Under 2
84991,60 TEATIME FAIRY CAKE CASES,0.55,Under 2
84992,72 SWEETHEART FAIRY CAKE CASES,0.55,Under 2
84993A,75 GREEN PETIT FOUR CASES,0.42,Under 2
84993B,75 BLACK PETIT FOUR CASES,0.42,Under 2
84997A,CHILDRENS CUTLERY POLKADOT GREEN,3.75,2-5
84997B,CHILDRENS CUTLERY RETROSPOT RED,3.75,2-5
84997C,CHILDRENS CUTLERY POLKADOT BLUE,3.75,2-5
84997D,CHILDRENS CUTLERY POLKADOT PINK,3.75,2-5
85006,SET 4 NURSERY DES ROUND BOXES,2.95,2-5
85007,SET OF 3 VINTAGE TEA TIME BOXES,4.65,2-5
85008,SET OF 3 CONEY ISLAND OVAL BOXES,4.95,2-5
85014A,BLACK/BLUE POLKADOT UMBRELLA,5.95,5-10
85014B,RED RETROSPOT UMBRELLA,5.95,5-10
85014C,BLUE/BROWN DOTS RUFFLED UMBRELLA,5.95,5-10
85014D,PINK/BROWN DOTS RUFFLED UMBRELLA,5.95,5-10
85015,SET OF 12  VINTAGE POSTCARD SET,2.51,2-5
85016,SET OF 6 VINTAGE NOTELETS KIT,2.51,2-5
85017A,ENVELOPE 50 ROMANTIC IMAGES,0.83,Under 2
85017B,ENVELOPE 50 BLOSSOM IMAGES,0.83,Under 2
85017C,ENVELOPE 50 CURIOUS IMAGES,0.83,Under 2
85018A,S/6 PAPER BOXES ROMANTIC IMAGES,4.25,2-5
85018B,S/6 PAPER BOXES BLOSSOM IMAGES,4.25,2-5
85018C,S/6 PAPER BOXES CURIOUS IMAGES,4.25,2-5
85018D,YULETIDE IMAGES S/6 PAPER BOXES,2.55,2-5
85019A,ROMANTIC IMAGES NOTEBOOK SET,1.25,Under 2
85019B,BLOSSOM  IMAGES NOTEBOOK SET,1.25,Under 2
85019C,CURIOUS  IMAGES NOTEBOOK SET,4.25,2-5
85020,ROUND PINK HEART MIRROR,2.1,2-5
85023A,CRYSTAL LARGE JEWELLED PHOTO FRAME,2.55,2-5
85023B,EAU DE NILE JEWELLED PHOTOFRAME,2.55,2-5
85023C,PINK LARGE JEWELED PHOTOFRAME,2.55,2-5
85024A,CRYSTAL SMALL JEWELLED PHOTOFRAME,1.65,Under 2
85024B,EAU DE NILE JEWELLED PHOTOFRAME,1.65,Under 2
85024C,PINK SMALL JEWELLED PHOTOFRAME,1.65,Under 2
85025B,EAU DE NILE HEART SHAPE PHOTO FRAME,1.65,Under 2
85025C,PINK HEART SHAPE PHOTO FRAME,1.65,Under 2
85026B,EAU DE NILE JEWELLED T-LIGHT HOLDER,0.85,Under 2
85027L,FRENCH CHATEAU LARGE PLATTER,1.95,Under 2
85028L,FRENCH CHATEAU LARGE FRUIT BOWL,7.95,5-10
85028S,FRENCH CHATEAU SMALL FRUITBOWL,2.25,2-5
85030,FRENCH CHATEAU OVAL PLATTER,7.95,5-10
85031A,ROMANTIC IMAGES SCRAP BOOK SET,3.36,2-5
85031B,BLOSSOM IMAGES SCRAP BOOK SET,3.36,2-5
85031C,CURIOUS IMAGES SCRAP BOOK SET,3.36,2-5
85032A,ROMANTIC IMAGES GIFT WRAP SET,0.65,Under 2
85032B,BLOSSOM IMAGES GIFT WRAP SET,0.65,Under 2
85032C,CURIOUS IMAGES GIFT WRAP SET,1.63,Under 2
85032D,YULETIDE IMAGES GIFT WRAP SET,1.63,Under 2
85033G,SET/6 GOLD REINDEER T-LIGHT CANDLES,1.95,Under 2
85033S,SET/6 SILVER REINDEER T-LIGHTS,0.65,Under 2
85034A,3 GARDENIA MORRIS BOXED CANDLES,4.25,2-5
85034B,3 WHITE CHOC MORRIS BOXED CANDLES,3.29,2-5
85034C,3 ROSE MORRIS BOXED CANDLES,1.25,Under 2
85035A,GARDENIA 3 WICK MORRIS BOXED CANDLE,4.25,2-5
85035B,CHOCOLATE 3 WICK MORRIS BOX CANDLE,4.25,2-5
85035C,ROSE 3 WICK MORRIS BOX CANDLE,4.25,2-5
85036A,GARDENIA 1 WICK MORRIS BOXED CANDLE,4.25,2-5
85036B,CHOCOLATE 1 WICK MORRIS BOX CANDLE,4.25,2-5
85036C,ROSE 1 WICK MORRIS BOXED CANDLE,4.25,2-5
85038,6 CHOCOLATE LOVE HEART T-LIGHTS,2.1,2-5
85039A,SET/4 RED MINI ROSE CANDLE IN BOWL,1.65,Under 2
85039B,S/4 IVORY MINI ROSE CANDLE IN BOWL,1.65,Under 2
85039C,S/4 BLACK MINI ROSE CANDLE IN BOWL,1.65,Under 2
85040A,S/4 PINK FLOWER CANDLES IN BOWL,1.65,Under 2
85040B,SET/4 BLUE FLOWER CANDLES IN BOWL,1.65,Under 2
85041,SET/4 PINK ORCHID CANDLES IN BOWL,1.65,Under 2
85042,ANTIQUE LILY FAIRY LIGHTS,4.95,2-5
85043,RED HEART CANDY POP LIGHTS,4.95,2-5
85044,RED REINDEER STRING OF 20 LIGHTS,4.95,2-5
85045,GREEN CHRISTMAS TREE STRING 20LIGHT,4.95,2-5
85047,WHITE BEADED GARLAND STRING 20LIGHT,6.35,5-10
85048,15CM CHRISTMAS GLASS BALL 20 LIGHTS,7.95,5-10
85049A,TRADITIONAL CHRISTMAS RIBBONS,1.25,Under 2
85049B,LUSH GREENS RIBBONS,1.25,Under 2
85049C,ROMANTIC PINKS RIBBONS,1.25,Under 2
85049D,BRIGHT BLUES RIBBONS,1.25,Under 2
85049E,SCANDINAVIAN REDS RIBBONS,1.25,Under 2
85049F,BABY BOOM RIBBONS,1.25,Under 2
85049G,CHOCOLATE BOX RIBBONS,1.25,Under 2
85049H,URBAN BLACK RIBBONS,1.25,Under 2
85050,FRENCH ENAMEL SOAP DISH WITH LID,2.1,2-5
85053,FRENCH ENAMEL CANDLEHOLDER,2.1,2-5
85054,FRENCH ENAMEL POT W LID,2.95,2-5
85055,FRENCH ENAMEL UTENSIL HOLDER,3.75,2-5
85059,FRENCH ENAMEL WATER BASIN,3.75,2-5
85060,WOOD FAN WITH FLOWER DESIGN,1.25,Under 2
85061W,WHITE JEWELLED HEART DECORATION,0.85,Under 2
85062,PEARL CRYSTAL PUMPKIN T-LIGHT HLDR,1.65,Under 2
85063,CREAM SWEETHEART MAGAZINE RACK,16.95,10+
85064,CREAM SWEETHEART LETTER RACK,5.45,5-10
85065,CREAM SWEETHEART TRAYS,12.75,10+
85066,CREAM SWEETHEART MINI CHEST,12.75,10+
85067,CREAM SWEETHEART WALL CABINET,18.95,10+
85068,CREAM SWEETHEART SHELF + HOOKS,7.95,5-10
85069,CREAM SWEETHEART DOUBLE SHELF,16.95,10+
85070,ANT WHITE SWEETHEART TABLE W 3 DRAW,125.0,10+
85071A,BLUE CHARLIE+LOLA PERSONAL DOORSIGN,0.39,Under 2
85071B,RED CHARLIE+LOLA PERSONAL DOORSIGN,0.39,Under 2
85071C,"CHARLIE+LOLA""EXTREMELY BUSY"" SIGN",0.83,Under 2
85071D,CHARLIE+LOLA MY ROOM DOOR SIGN,0.39,Under 2
85072,OCCASIONS GIFT CARD ASSORTMENT,0.55,Under 2
85077,KISSING REINDEER TABLE RUNNER,5.95,5-10
85078,SCANDINAVIAN 3 HEARTS NAPKIN RING,0.65,Under 2
85079,EMBROIDERED REINDEER DECORATION,0.85,Under 2
85080,PADDED RED HEART DECORATION,0.42,Under 2
85081,PADDED HOLLY CHRISTMAS DECORATION,0.42,Under 2
85083,KISS REINDEER SCANDINAVIAN STOCKING,2.55,2-5
85084,HOLLY TOP CHRISTMAS STOCKING,0.85,Under 2
85086A,CANDY SPOT HEART DECORATION,0.85,Under 2
85087,CANDY SPOT CUSHION COVER,3.29,2-5
85088,CANDY SPOT HAND BAG,2.1,2-5
85089,CANDY SPOT BUNNY,2.95,2-5
85090,CANDY SPOT APRON,4.65,2-5
85091,CANDY SPOT BREAD BASKETS,4.95,2-5
85092,CANDY SPOT TEA COSY,3.35,2-5
85093,CANDY SPOT EGG WARMER HARE,0.83,Under 2
85094,CANDY SPOT EGG WARMER RABBIT,0.83,Under 2
85095,THREE CANVAS LUGGAGE TAGS,1.28,Under 2
85096,HILDA CANDY SPOT RABBIT,3.75,2-5
85097B,BLUE ROCKING SINGING CANARY,3.75,2-5
85098B,BLUE FLYING SINGING CANARY,3.75,2-5
85099B,JUMBO BAG RED RETROSPOT,1.95,Under 2
85099C,JUMBO  BAG BAROQUE BLACK WHITE,1.95,Under 2
85099F,JUMBO BAG STRAWBERRY,1.95,Under 2
85103,SILVER T-LIGHT SETTING,6.75,5-10
85104,SILVER GLASS T-LIGHT SET,2.95,2-5
85106,CUT GLASS HEXAGON T-LIGHT HOLDER,2.55,2-5
85107,CUT GLASS T-LIGHT HOLDER OCTAGON,2.55,2-5
85109,PINK BOUDOIR T-LIGHT HOLDER,0.85,Under 2
85110,BLACK SILVER FLOWER T-LIGHT HOLDER,0.85,Under 2
85111,SILVER GLITTER FLOWER VOTIVE HOLDER,0.29,Under 2
85112,S/3 TEAR DROP CUT GLASS DECORATION,1.25,Under 2
85113,POLKA DOT PISTACHIO PAIL,2.1,2-5
85114A,BLACK ENCHANTED FOREST PLACEMAT,1.65,Under 2
85114B,IVORY ENCHANTED FOREST PLACEMAT,1.65,Under 2
85114C,RED ENCHANTED FOREST PLACEMAT,1.65,Under 2
85115B,S/4 BLACK DISCO PARTITION PANEL,6.27,5-10
85116,BLACK CANDELABRA T-LIGHT HOLDER,1.66,Under 2
85117,NIGHTINGALE COATHOOK WHITE,1.65,Under 2
85118,HEART T-LIGHT HOLDER,1.25,Under 2
85119,WATERING CAN SINGLE HOOK PISTACHIO,1.69,Under 2
85121B,RETRO LAUNDRY TUB PINK,8.5,5-10
85121C,RETRO LAUNDRY TUB PISTACHIO,8.5,5-10
85123A,CREAM HANGING HEART T-LIGHT HOLDER,2.95,2-5
85123B,ZINC HANGING HEART T-LITE HLDR,6.04,5-10
85124A,PINK JUICY FRUIT PHOTO FRAME,2.55,2-5
85124B,BLUE JUICY FRUIT PHOTO FRAME,2.55,2-5
85124C,GREEN JUICY FRUIT PHOTO FRAME,2.55,2-5
85125,SMALL ROUND CUT GLASS CANDLESTICK,4.95,2-5
85126,LARGE ROUND CUTGLASS CANDLESTICK,6.75,5-10
85127,SMALL SQUARE CUT GLASS CANDLESTICK,4.95,2-5
85128,PLANTPOT SINGLE HOOK PISTACHIO,2.56,2-5
85129A,"WHITE PEARL BEADED HEART, SMALL",1.25,Under 2
85129B,BEADED CRYSTAL HEART GREEN SMALL,1.25,Under 2
85129C,BEADED CRYSTAL HEART BLUE SMALL,1.25,Under 2
85129D,BEADED CRYSTAL HEART PINK SMALL,2.46,2-5
85130A,BEADED PEARL HEART WHITE LARGE,1.65,Under 2
85130B,BEADED CRYSTAL HEART GREEN LARGE,0.79,Under 2
85130C,BEADED CRYSTAL HEART BLUE  LARGE,0.79,Under 2
85130D,BEADED CRYSTAL HEART PINK LARGE,1.65,Under 2
85131A,BEADED PEARL HEART WHITE ON STICK,0.83,Under 2
85131B,BEADED CRYSTAL HEART GREEN ON STICK,0.83,Under 2
85131C,BEADED CRYSTAL HEART BLUE ON STICK,0.83,Under 2
85131D,BEADED CRYSTAL HEART PINK ON STICK,0.83,Under 2
85132A,CHARLIE + LOLA BISCUITS TINS,8.29,5-10
85132B,CHARLIE AND LOLA TABLE TINS,3.95,2-5
85132C,CHARLIE AND LOLA FIGURES TINS,5.79,5-10
85135A,YELLOW DRAGONFLY HELICOPTER,7.95,5-10
85135B,BLUE DRAGONFLY HELICOPTER,7.95,5-10
85135C,RED DRAGONFLY HELICOPTER,7.95,5-10
85136A,YELLOW SHARK HELICOPTER,7.95,5-10
85136B,BLUE SHARK HELICOPTER,7.95,5-10
85136C,RED SHARK HELICOPTER,7.95,5-10
85141,JARDIN ETCHED GLASS FRUITBOWL,10.75,10+
85142,JARDIN ETCHED GLASS GINGER JAR,7.95,5-10
85144,JARDIN ETCHED GLASS CHEESE DISH,7.25,5-10
85145,JARDIN ETCHED GLASS LARGE BELL JAR,12.75,10+
85146,JARDIN ETCHED GLASS SMALL BELL JAR,5.95,5-10
85147,JARDIN ETCHED GLASS CANDLEHLDR LONG,4.95,2-5
85150,LADIES & GENTLEMEN METAL SIGN,2.55,2-5
85151,WELCOME METAL SIGN,1.25,Under 2
85152,HAND OVER THE CHOCOLATE   SIGN,2.1,2-5
85157,SET OF 2 CHESTS CHOCOLAT AU LAIT,12.72,10+
85159A,"BLACK TEA,COFFEE,SUGAR JARS",1.95,Under 2
85159B,"WHITE TEA,COFFEE,SUGAR JARS",1.95,Under 2
85160A,WHITE BIRD GARDEN DESIGN MUG,1.25,Under 2
85160B,BLACK BIRD GARDEN DESIGN MUG,1.25,Under 2
85161,ACRYLIC GEOMETRIC LAMP,18.95,10+
85162A,SILVER RETRODISC LAMPSHADE,1.95,Under 2
85162B,BLACK RETRODISC LAMPSHADE,1.95,Under 2
85162C,WHITE RETRODISC LAMPSHADE,1.95,Under 2
85163A,WHITE BAROQUE WALL CLOCK,12.75,10+
85163B,BLACK BAROQUE WALL CLOCK,12.75,10+
85164B,BLACK BAROQUE CUCKOO CLOCK,12.75,10+
85165,CANDY PINK FRENCH BOUDOIR CLOCK,8.47,5-10
85166A,WHITE METAL BAROQUE PHOTO FRAME,3.75,2-5
85166B,BLACK METAL BAROQUE PHOTO FRAME,3.75,2-5
85167A,WHITE GRAND BAROQUE PHOTO FRAME,4.25,2-5
85167B,BLACK GRAND BAROQUE PHOTO FRAME,4.25,2-5
85168A,WHITE BAROQUE CARRIAGE CLOCK,9.95,5-10
85168B,BLACK BAROQUE CARRIAGE CLOCK,8.47,5-10
85169A,IVORY LOVE BIRD CANDLE,1.25,Under 2
85169B,BLACK LOVE BIRD CANDLE,1.25,Under 2
85169C,EAU DE NIL LOVE BIRD CANDLE,1.25,Under 2
85169D,PINK LOVE BIRD CANDLE,1.25,Under 2
85170A,SET/6 IVORY BIRD T-LIGHT CANDLES,2.1,2-5
85170B,SET/6 BLACK BIRD T-LIGHT CANDLES,2.1,2-5
85170C,SET/6 EAU DE NIL BIRD T-LIGHTS,2.46,2-5
85170D,SET/6 PINK BIRD T-LIGHT CANDLES,2.46,2-5
85171,S/2 HYACINTH BULB CANDLES,2.55,2-5
85172,HYACINTH BULB T-LIGHT CANDLES,0.42,Under 2
85173,SET/6 FROG PRINCE T-LIGHT CANDLES,2.55,2-5
85174,S/4 CACTI CANDLES,4.95,2-5
85175,CACTI T-LIGHT CANDLES,0.42,Under 2
85176,SEWING SUSAN 21 NEEDLE SET,0.85,Under 2
85177,BASKET OF FLOWERS SEWING KIT,0.85,Under 2
85178,VICTORIAN SEWING KIT,1.25,Under 2
85179A,GREEN BITTY LIGHT CHAIN,2.46,2-5
85179B,WHITE BITTY LIGHT CHAIN,4.65,2-5
85179C,PINK BITTY LIGHT CHAIN,2.46,2-5
85180A,RED HEARTS LIGHT CHAIN,4.65,2-5
85180B,PINK HEARTS LIGHT CHAIN,4.65,2-5
85183A,CHARLIE & LOLA WASTEPAPER BIN BLUE,1.25,Under 2
85183B,CHARLIE & LOLA WASTEPAPER BIN FLORA,1.25,Under 2
85184B,SET 4 EASTER DECOUPAGE OVAL BOXES,2.95,2-5
85184C,SET 4 VALENTINE DECOUPAGE HEART BOX,2.95,2-5
85184D,S/4 BLUE ROUND DECOUPAGE BOXES,2.95,2-5
85185B,PINK HORSE SOCK PUPPET KIT,2.95,2-5
85185C,COW  SOCK PUPPET,2.95,2-5
85185D,FROG SOCK PUPPET,2.95,2-5
85185E,DUCK SOCK PUPPET,2.95,2-5
85185F,LION SOCK PUPPET,2.95,2-5
85186A,EASTER BUNNY GARLAND OF FLOWERS,0.42,Under 2
85186B,BUNNY BUNCH OF FLOWERS,0.42,Under 2
85186C,BUNNY EGG GARLAND,0.42,Under 2
85187,S/12 MINI RABBIT EASTER,1.65,Under 2
85188A,GREEN METAL SWINGING BUNNY,0.85,Under 2
85188B,PINK METAL SWINGING BUNNY,0.85,Under 2
85189,HANGING BUTTERFLY  EGG,0.85,Under 2
85190,PINK FLOWER HANGING HEART,0.85,Under 2
85192S,HANGING SPRING FLOWER HEART SMALL,0.65,Under 2
85194L,HANGING SPRING FLOWER EGG LARGE,0.85,Under 2
85194S,HANGING SPRING FLOWER EGG SMALL,0.65,Under 2
85195,HANGING HEART BASKET,2.1,2-5
85196,EASTER BUNNIES ON A STICK,0.55,Under 2
85197,SET OF 12 MINI BUNNIES IN A BUCKET,2.1,2-5
85198,ASSORTED FARMYARD ANIMALS IN BUCKET,0.85,Under 2
85199L,LARGE HANGING IVORY & RED WOOD BIRD,0.65,Under 2
85199S,SMALL HANGING IVORY/RED WOOD BIRD,0.42,Under 2
85200,BUNNY EGG BOX,1.25,Under 2
85202,HANGING WOOD AND FELT HEART,0.42,Under 2
85203,HANGING WOOD AND FELT BUTTERFLY,0.42,Under 2
85204,HANGING WOOD AND FELT FLOWER,0.42,Under 2
85205A,IVORY FELT EASTER RABBIT GARLAND,2.55,2-5
85205B,PINK FELT EASTER RABBIT GARLAND,2.55,2-5
85206A,CREAM FELT EASTER EGG BASKET,1.65,Under 2
85206B,PINK FELT EASTER EGG BASKET,1.65,Under 2
85208,SET/12 FUNKY FELT FLOWER PEG IN BAG,2.1,2-5
85211,S/4 GROOVY CAT MAGNETS,1.65,Under 2
85212,MINI PAINTED GARDEN DECORATION,0.85,Under 2
85213,MINI  ZINC GARDEN DECORATIONS,0.85,Under 2
85214,TUB 24 PINK FLOWER PEGS,1.65,Under 2
85215,ASSORTED CHEESE FRIDGE MAGNETS,0.65,Under 2
85216,ASSORTED CAKES FRIDGE MAGNETS,0.65,Under 2
85217,ASSORTED ICE CREAM FRIDGE MAGNETS,0.65,Under 2
85218,S/5 MINI ICE CREAM FRIDGE MAGNETS,0.875,Under 2
85220,SMALL FAIRY CAKE FRIDGE MAGNETS,1.5499999999999998,Under 2
85221,ASSORTED COLOUR SILK COIN PURSE,1.25,Under 2
85222,ASSORTED COLOUR SILK COSMETIC PURSE,2.1,2-5
85224,ASSORTED COLOUR SILK GLASSES CASE,2.1,2-5
85225,BLING KEY RING STAND,1.25,Under 2
85226A,WHITE/BLUE PULL BACK RACING CAR,0.55,Under 2
85226C,BLUE PULL BACK RACING CAR,0.55,Under 2
85227,SET OF 6 3D KIT CARDS FOR KIDS,0.85,Under 2
85230A,OPIUM SCENTED VOTIVE CANDLE,0.29,Under 2
85230B,CINNAMON SCENTED VOTIVE CANDLE,0.29,Under 2
85230C,ROSE SCENTED VOTIVE CANDLE,0.29,Under 2
85230D,VANILLA SCENTED VOTIVE CANDLE,0.29,Under 2
85230E,STRAWBRY SCENTED VOTIVE CANDLE,0.29,Under 2
85230F,JASMINE VOTIVE CANDLE,0.29,Under 2
85230G,ORANGE VOTIVE CANDLE,0.29,Under 2
85231B,CINAMMON SET OF 9 T-LIGHTS,0.85,Under 2
85231E,STRAWBERRY SCENTED SET/9 T-LIGHTS,0.85,Under 2
85231G,ORANGE SCENTED SET/9 T-LIGHTS,0.85,Under 2
85231L,LAVENDER SCENTED SET/9 T-LIGHTS,0.85,Under 2
85232A,SET/3 POLKADOT STACKING TINS,4.95,2-5
85232B,SET OF 3 BABUSHKA STACKING TINS,4.95,2-5
85232C,RUSSIAN FOLKART STACKING TINS,4.95,2-5
85232D,SET/3 DECOUPAGE STACKING TINS,4.95,2-5
90000A,RASPBERRY ANT COPPER FLOWER NECKLAC,5.95,5-10
90000B,MIDNIGHT BLUE COPPER FLOWER NECKLAC,5.95,5-10
90000C,OPAL WHITE/SILVER FLOWER NECKLACE,6.16,5-10
90000D,COPPER/OLIVE GREEN FLOWER NECKLACE,6.23,5-10
90001A,ANTIQUE RASPBERRY FLOWER EARRINGS,4.25,2-5
90001B,ANTIQUE MID BLUE FLOWER EARRINGS,4.25,2-5
90001C,ANTIQUE OPAL WHITE FLOWER EARRINGS,4.25,2-5
90001D,ANTIQUE OLIVE GREEN FLOWER EARRINGS,4.25,2-5
90002A,FLOWER BURST SILVER RING OPAL,3.75,2-5
90002B,FLOWER BURST SILVER RING ROSE,3.75,2-5
90002C,FLOWER BURST SILVER RING MIDN'T BLU,3.75,2-5
90002D,FLOWER BURST SILVER RING CRYSTAL,3.75,2-5
90002E,FLOWER BURST SILVER RING GREEN,3.75,2-5
90003B,ROSE COLOUR PAIR HEART HAIR SLIDES,3.75,2-5
90003C,MIDNIGHT BLUE PAIR HEART HAIR SLIDE,3.75,2-5
90003D,CRYSTAL PAIR HEART HAIR SLIDES,3.75,2-5
90003E,GREEN PAIR HEART HAIR SLIDES,3.75,2-5
90004A,JADE GREEN PAIR ENAMEL HAIR SLIDES,3.75,2-5
90005A,JADE GREEN ENAMEL HAIR COMB,2.11,2-5
90010A,MIDNIGHT BLUE GLASS/SILVER BRACELET,8.95,5-10
90010B,BLACK/WHITE GLASS/SILVER BRACELET,8.95,5-10
90010E,AMBER GLASS/SILVER BRACELET,8.95,5-10
90011A,MIDNIGHT BLUE CRYSTAL DROP EARRINGS,2.96,2-5
90011B,BLACK CRYSTAL DROP EARRINGS,2.95,2-5
90011C,GREEN CRYSTAL DROP EARRINGS,2.95,2-5
90011D,PURPLE CRYSTAL DROP EARRINGS,2.96,2-5
90011E,AMBER CRYSTAL DROP EARRINGS,2.955,2-5
90012A,MIDNIGHT BLUE DROP CRYSTAL NECKLACE,9.98,5-10
90012B,BLACK DROP CRYSTAL NECKLACE,9.95,5-10
90013A,MIDNIGHT BLUE VINTAGE EARRINGS,3.81,2-5
90013B,BLACK VINTAGE EARRINGS,4.24,2-5
90013C,GREEN VINTAGE EARRINGS,4.15,2-5
90013D,PURPLE VINTAGE EARRINGS,4.15,2-5
90013E,AMBER VINTAGE EARRINGS,4.285,2-5
90014A,SILVER M.O.P. ORBIT NECKLACE,9.95,5-10
90014B,GOLD M.O.P. ORBIT NECKLACE,9.95,5-10
90014C,SILVER AND BLACK ORBIT NECKLACE,9.95,5-10
90016A,SILVER/M.O.P PENDANT ORBIT NECKLACE,8.5,5-10
90016B,GOLD/M.O.P PENDANT ORBIT NECKLACE,8.5,5-10
90016C,SILVER/BLACK PENDANT ORBIT NECKLACE,8.49,5-10
90018A,SILVER M.O.P ORBIT DROP EARRINGS,4.24,2-5
90018B,GOLD M.O.P ORBIT DROP EARRINGS,4.24,2-5
90018C,SILVER BLACK ORBIT DROP EARRINGS,4.245,2-5
90019A,SILVER M.O.P ORBIT BRACELET,5.4,5-10
90019B,GOLD M.O.P ORBIT BRACELET,5.4,5-10
90019C,SILVER BLACK ORBIT BRACELET,5.51,5-10
90020,FILIGREE DIAMANTE CHAIN,12.75,10+
90021,LASER CUT MULTI STRAND NECKLACE,11.95,10+
90022,EDWARDIAN DROP EARRINGS JET BLACK,3.75,2-5
90023,FILIGREE DIAMANTE EARRINGS,4.25,2-5
90024A,NEW BAROQUE B'FLY NECKLACE BLACK,8.5,5-10
90024B,NEW BAROQUE B'FLY NECKLACE RED,8.49,5-10
90024C,NEW BAROQUE B'FLY NECKLACE GREEN,8.5,5-10
90024D,NEW BAROQUE B'FLY NECKLACE PINK,8.5,5-10
90024E,NEW BAROQUE B'FLY NECKLACE MONTANA,8.5,5-10
90024F,NEW BAROQUE B'FLY NECKLACE CRYSTAL,8.49,5-10
90025A,BAROQUE BUTTERFLY EARRINGS BLACK,3.75,2-5
90025B,BAROQUE BUTTERFLY EARRINGS RED,3.75,2-5
90025C,BAROQUE BUTTERFLY EARRINGS GREEN,3.75,2-5
90025D,BAROQUE BUTTERFLY EARRINGS PINK,3.73,2-5
90025E,BAROQUE BUTTERFLY EARRINGS MONTANA,3.75,2-5
90025F,BAROQUE BUTTERFLY EARRINGS CRYSTAL,3.75,2-5
90026A,GLASS BEAD HOOP NECKLACE BLACK,8.5,5-10
90026B,GLASS BEAD HOOP NECKLACE MONTANA,8.5,5-10
90026C,GLASS BEAD HOOP NECKLACE GREEN,8.5,5-10
90026D,GLASS BEAD HOOP NECKLACE AMETHYST,8.5,5-10
90027A,GLASS BEAD HOOP EARRINGS BLACK,2.95,2-5
90027B,GLASS BEAD HOOP EARRINGS MONTANA,2.95,2-5
90027C,GLASS BEAD HOOP EARRINGS GREEN,2.95,2-5
90027D,GLASS BEAD HOOP EARRINGS AMETHYST,3.32,2-5
90028,NEW BAROQUE LARGE NECKLACE BLK/WHIT,8.49,5-10
90029,NEW BAROQUE SMALL NECKLACE BLACK,8.5,5-10
90030A,SPOTTED WHITE NATURAL SEED NECKLACE,1.0,Under 2
90030B,RED KUKUI COCONUT SEED NECKLACE,5.880000000000001,5-10
90030C,BROWN KUKUI COCONUT SEED NECKLACE,3.41,2-5
90031,BILI NUT AND WOOD NECKLACE,1.0,Under 2
90032,IVORY SHELL HEART NECKLACE,6.25,5-10
90033,IVORY SHELL HEART EARRINGS,2.54,2-5
90034,WHITE SILVER NECKLACE SHELL GLASS,9.98,5-10
90035A,"PEARL & SHELL 42""NECKL. GREEN",10.75,10+
90035B,"PEARL & SHELL 42""NECKL. PINK",10.75,10+
90035C,"PEARL & SHELL 42""NECKL. IVORY",10.75,10+
90036A,FLOWER GARLAND NECKLACE RED,7.95,5-10
90036B,"FLOWER GLASS GARLAND NECKL.36""GREEN",7.95,5-10
90036C,"FLOWER GLASS GARLAND NECKL.36""BLUE",7.95,5-10
90036D,"FLOWER GLASS GARLAND NECKL.36""BLACK",7.95,5-10
90036E,"FLOWER GLASS GARLD NECKL36""AMETHYST",7.95,5-10
90036F,"FLOWER GLASS GARLD NECKL36""TURQUOIS",8.07,5-10
90037A,TINY CRYSTAL BRACELET RED,2.55,2-5
90037B,TINY CRYSTAL BRACELET GREEN,2.545,2-5
90037C,TINY CRYSTAL BRACELET BLUE,2.54,2-5
90037D,TINY CRYSTALS BRACELET BLACK,2.57,2-5
90038A,GLASS AND PAINTED BEADS BRACELET TO,3.75,2-5
90038B,GLASS AND PAINTED BEADS BRACELET OL,3.75,2-5
90038C,GLASS AND BEADS BRACELET IVORY,3.75,2-5
90039A,FIRE POLISHED GLASS BRACELET RED,3.75,2-5
90039B,FIRE POLISHED GLASS BRACELET MONTAN,3.75,2-5
90039C,FIRE POLISHED GLASS BRACELET BLACK,3.75,2-5
90039D,FIRE POLISHED GLASS BRACELET GREEN,3.81,2-5
90040A,MURANO STYLE GLASS BRACELET RED,4.24,2-5
90040B,MURANO STYLE GLASS BRACELET BLACK,3.73,2-5
90040C,MURANO STYLE GLASS BRACELET GOLD,3.73,2-5
90040D,MURANO STYLE GLASS BRACELET PINK,3.81,2-5
90041,PEARL AND CHERRY QUARTZ BRACLET,3.73,2-5
90042A,FRESHWATER PEARL BRACELET GOLD,2.54,2-5
90042B,FRESHWATER PEARL BRACELET PINK,2.55,2-5
90042C,FRESHWATER PEARL BRACELET IVORY,2.54,2-5
90043,COPPER AND BRASS BAG CHARM,4.95,2-5
90046,WHITE WITH METAL BAG CHARM,4.95,2-5
90048,GREEN WITH METAL BAG CHARM,4.95,2-5
90049,IVORY GOLD METAL BAG CHARM,7.455,5-10
90050,CRACKED GLAZE NECKLACE IVORY,7.01,5-10
90051,CRACKED GLAZE NECKLACE RED,6.95,5-10
90052,CRACKED GLAZE NECKLACE BROWN,7.07,5-10
90053,CRACKED GLAZE EARRINGS IVORY,2.54,2-5
90054,CRACKED GLAZE EARRINGS RED,2.54,2-5
90055,CRACKED GLAZE EARRINGS BROWN,2.54,2-5
90056,CHUNKY CRACKED GLAZE NECKLACE IVORY,11.05,10+
90057,DIAMANTE RING ASSORTED IN BOX.,1.25,Under 2
90058A,CRYSTAL STUD EARRINGS CLEAR DISPLAY,0.38,Under 2
90058B,CRYSTAL STUD EARRINGS ASSORTED COL,0.38,Under 2
90059A,DIAMANTE HAIR GRIP PACK/2 CRYSTAL,1.69,Under 2
90059B,DIAMANTE HAIR GRIP PACK/2 BLACK DIA,1.67,Under 2
90059C,DIAMANTE HAIR GRIP PACK/2 MONTANA,1.65,Under 2
90059D,DIAMANTE HAIR GRIP PACK/2 PERIDOT,1.69,Under 2
90059E,DIAMANTE HAIR GRIP PACK/2 RUBY,1.65,Under 2
90059F,DIAMANTE HAIR GRIP PACK/2 LT ROSE,1.65,Under 2
90060B,FIRE POLISHED GLASS NECKL GOLD,5.95,5-10
90060C,FIRE POLISHED GLASS NECKL SILVER,5.95,5-10
90060D,FIRE POLISHED GLASS NECKL BRONZE,5.95,5-10
90060F,FIRE POLISHED GLASS NECKL GREEN,5.94,5-10
90062,CARNIVAL BRACELET,12.75,10+
90063A,WHITE VINT ART DECO CRYSTAL NECKLAC,8.5,5-10
90063B,BLACK VINT ART DEC CRYSTAL NECKLACE,8.5,5-10
90064A,WHITE VINTAGE CRYSTAL EARRINGS,4.15,2-5
90064B,BLACK VINTAGE  CRYSTAL EARRINGS,3.75,2-5
90065A,WHITE VINTAGE CRYSTAL BRACELET,7.0600000000000005,5-10
90065B,BLACK VINT ART DEC CRYSTAL BRACELET,6.75,5-10
90066A,PINK VINTAGE VICTORIAN CHOKER,6.75,5-10
90067A,PINK VINTAGE VICTORIAN EARRINGS,2.95,2-5
90067B,BROWN VINTAGE VICTORIAN EARRINGS,2.95,2-5
90068,"RUBY GLASS NECKLACE 42""",7.5,5-10
90069,RUBY GLASS CLUSTER NECKLACE,7.5,5-10
90070,RUBY GLASS CLUSTER BRACELET,6.23,5-10
90071,RUBY GLASS CLUSTER EARRINGS,1.26,Under 2
90072,RUBY DROP CHANDELIER EARRINGS,4.195,2-5
90073,VINTAGE ENAMEL & CRYSTAL EARRINGS,5.035,5-10
90074,BLACK DIAMOND CLUSTER NECKLACE,8.95,5-10
90075,MONTANA DIAMOND CLUSTER NECKLACE,8.95,5-10
90076,MONTANA DIAMOND CLUSTER EARRINGS,2.96,2-5
90077,BLACK DIAMOND CLUSTER EARRINGS,2.96,2-5
90078,PINK/WHITE GLASS DEMI CHOKER,7.5,5-10
90079,VINTAGE ENAMEL & CRYSTAL NECKLACE,4.95,2-5
90081A,LILY BROOCH AMETHYST COLOUR,4.95,2-5
90081B,LILY BROOCH WHITE/SILVER COLOUR,4.95,2-5
90081C,LILY BROOCH OLIVE COLOUR,4.98,2-5
90082A,DIAMANTE BOW BROOCH GREEN COLOUR,6.35,5-10
90082B,DIAMANTE BOW BROOCH RED COLOUR,6.35,5-10
90082C,DIAMANTE BOW BROOCH WHITE COLOUR,6.79,5-10
90082D,DIAMANTE BOW BROOCH BLACK COLOUR,6.35,5-10
90083,CRYSTAL CZECH CROSS PHONE CHARM,1.63,Under 2
90084,PINK CRYSTAL GUITAR PHONE CHARM,0.85,Under 2
90085,CRYSTAL STILETTO PHONE CHARM,0.85,Under 2
90086,CRYSTAL FROG PHONE CHARM,1.63,Under 2
90087,CRYSTAL SEA HORSE PHONE CHARM,1.63,Under 2
90088,CRYSTAL KEY+LOCK PHONE CHARM,0.85,Under 2
90089,PINK CRYSTAL SKULL PHONE CHARM,1.63,Under 2
90090,PINK CRYSTAL HEART PHONE CHARM,0.85,Under 2
90091,CRYSTAL DRAGONFLY PHONE CHARM,0.85,Under 2
90092,BLUE CRYSTAL BOOT PHONE CHARM,0.85,Under 2
90093,CLEAR CRYSTAL STAR PHONE CHARM,0.85,Under 2
90094,NECKLACE+BRACELET SET FRUIT SALAD,2.55,2-5
90095,NECKLACE+BRACELET SET PINK BLOSSOM,2.55,2-5
90096,NECKLACE+BRACELET SET BLUE BLOSSOM,2.46,2-5
90098,NECKLACE+BRACELET PINK BUTTERFLY,2.55,2-5
90099,NECKLACE+BRACELET SET BLUE HIBISCUS,2.55,2-5
90100,NECKLACE+BRACELET SET PINK DAISY,2.55,2-5
90101,WHITE FRANGIPANI NECKLACE,2.54,2-5
90102,WHITE FRANGIPANI HAIR CLIP,0.85,Under 2
90103,PURPLE FRANGIPANI NECKLACE,2.54,2-5
90104,PURPLE FRANGIPANI HAIRCLIP,0.83,Under 2
90108,BLUE BLOSSOM HAIR CLIP,1.05,Under 2
90111,BLUE HIBISCUS  HAIR CLIP,1.05,Under 2
90112,PINK DOLLY HAIR CLIPS,1.05,Under 2
90114,SUMMER DAISIES BAG CHARM,2.46,2-5
90115,SUMMER BUTTERFLIES BAG CHARM,2.51,2-5
90116,FRUIT SALAD BAG CHARM,2.46,2-5
90118,PINK DAISY BAG CHARM,2.46,2-5
90119,METALIC LEAVES BAG CHARMS,2.46,2-5
90120A,PINK MURANO TWIST BRACELET,4.25,2-5
90120B,BLUE MURANO TWIST BRACELET,4.25,2-5
90120C,GREEN MURANO TWIST BRACELET,4.24,2-5
90120D,WHITE MURANO TWIST BRACELET,4.25,2-5
90121B,VINTAGE ROSE BEAD BRACELET BLUE,4.25,2-5
90122A,PINK CRYSTAL+GLASS BRACELET,4.98,2-5
90122B,JADE CRYSTAL+GLASS BRACELET,4.95,2-5
90122C,TURQUOISE CRYSTAL+GLASS BRACELET,4.965,2-5
90123A,PINK HEART OF GLASS BRACELET,5.95,5-10
90123B,TURQUOISE HEART OF GLASS BRACELET,5.95,5-10
90123C,GREEN HEART OF GLASS BRACELET,5.95,5-10
90123D,WHITE HEART OF GLASS BRACELET,5.95,5-10
90124A,PINK MURANO TWIST NECKLACE,9.95,5-10
90124B,BLUE MURANO TWIST NECKLACE,9.96,5-10
90124C,GREEN MURANO TWIST NECKLACE,9.95,5-10
90125A,PINK BERTIE GLASS BEAD BAG CHARM,2.1,2-5
90125B,AQUA BERTIE GLASS BEAD BAG CHARM,2.1,2-5
90125C,TURQUOISE BERTIE GLASS BEAD CHARM,1.645,Under 2
90125D,PURPLE BERTIE GLASS BEAD BAG CHARM,2.1,2-5
90125E,AMBER BERTIE GLASS BEAD BAG CHARM,2.1,2-5
90126A,PINK BERTIE MOBILE PHONE CHARM,1.69,Under 2
90126B,BLUE BERTIE MOBILE PHONE CHARM,3.36,2-5
90126C,AMBER BERTIE MOBILE PHONE CHARM,3.29,2-5
90127A,PINK BEADS+HAND PHONE CHARM,1.855,Under 2
90127B,BLUE BEADS+HAND PHONE CHARM,1.25,Under 2
90128A,PINK LEAVES AND BEADS PHONE CHARM,1.25,Under 2
90128B,BLUE LEAVES AND BEADS PHONE CHARM,1.25,Under 2
90128C,GREEN LEAVES AND BEADS PHONE CHARM,1.855,Under 2
90128D,PURPLE LEAVES AND BEADS PHONE CHAR,2.46,2-5
90129A,PINK GLASS TASSLE BAG CHARM,1.66,Under 2
90129B,TURQUOISE GLASS TASSLE BAG CHARM,1.66,Under 2
90129C,GREEN GLASS TASSLE BAG CHARM,1.66,Under 2
90129D,AMBER GLASS TASSLE BAG CHARM,1.66,Under 2
90129E,PURPLE GLASS TASSLE BAG CHARM,1.66,Under 2
90129F,RED GLASS TASSLE BAG CHARM,1.66,Under 2
90130A,WHITE STONE/CRYSTAL EARRINGS,2.95,2-5
90130B,TURQ STONE/CRYSTAL EARRINGS,2.95,2-5
90130C,GREEN STONE/CRYSTAL EARRINGS,2.955,2-5
90130D,RED STONE/CRYSTAL EARRINGS,2.955,2-5
90131,PINK/AMETHYST/GOLD NECKLACE,6.95,5-10
90132,LIGHT TOPAZ TEAL/AQUA COL NECKLACE,5.09,5-10
90133,TEAL/FUSCHIA COL BEAD NECKLACE,5.09,5-10
90134,OLD ROSE COMBO BEAD NECKLACE,2.96,2-5
90135,ORANGE/WHT/FUSCHIA STONES NECKLACE,4.98,2-5
90135A,ORANGE/FUSCHIA STONES NECKLACE,4.965,2-5
90136,PALE PINK/AMETHYST STONE NECKLACE,9.95,5-10
90137,PINK COMBO MINI CRYSTALS NECKLACE,4.95,2-5
90138,WHITE/PINK MINI CRYSTALS NECKLACE,5.4,5-10
90139,FLOWER BROOCH 4 ASSORTED COLOURS,5.2,5-10
90140,PINK SWEETIE NECKLACE,7.5,5-10
90141A,GREEN PENDANT TRIPLE SHELL NECKLACE,5.4,5-10
90141B,IVORY PENDANT TRIPLE SHELL NECKLACE,4.98,2-5
90141C,TURQ PENDANT TRIPLE SHELL NECKLACE,5.4,5-10
90141D,ROSE PENDANT TRIPLE SHELL NECKLACE,5.51,5-10
90141E,ORANGE PENDANT TRIPLE SHELL NECKLAC,4.95,2-5
90142A,GREEN PENDANT SHELL NECKLACE,5.09,5-10
90142B,IVORY PENDANT SHELL NECKLACE,5.09,5-10
90142C,ROSE PINK PENDANT SHELL NECKLACE,5.09,5-10
90142D,MOP PENDANT SHELL NECKLACE,4.95,2-5
90143,SILVER BRACELET W PASTEL FLOWER,7.5,5-10
90144,SILVER DROP EARRINGS WITH FLOWER,3.75,2-5
90145,SILVER HOOP EARRINGS WITH FLOWER,5.95,5-10
90146,FINE SILVER NECKLACE W PASTEL FLOWE,7.5,5-10
90147,CHUNKY SILVER NECKLACE PASTEL FLOWE,9.95,5-10
90148,LONG SILVER NECKLACE PASTEL FLOWER,12.75,10+
90149,SILVER FLOWR PINK SHELL NECKLACE,7.5,5-10
90150,BLUE SHELL+SILVER NECKLACE,7.5,5-10
90151,SILVER/NATURAL SHELL NECKLACE,8.5,5-10
90152A,SILVER/NAT SHELL NECKLACE W PENDANT,5.95,5-10
90152B,BLUE/GREEN SHELL NECKLACE W PENDANT,5.95,5-10
90152C,BLUE/NAT SHELL NECKLACE W PENDANT,5.95,5-10
90154,LAZER CUT NECKLACE W PASTEL BEADS,8.95,5-10
90155,RESIN NECKLACE W PASTEL BEADS,7.5,5-10
90156,RESIN BRACELET W PASTEL BEADS,4.95,2-5
90157,RIVIERA NECKLACE,4.95,2-5
90158,ST TROPEZ NECKLACE,4.98,2-5
90159,COTE D'AZURE NECKLACE,4.95,2-5
90160A,PURPLE BOUDICCA LARGE BRACELET,6.95,5-10
90160B,RED BOUDICCA LARGE BRACELET,6.95,5-10
90160C,TURQ+RED BOUDICCA LARGE BRACELET,6.95,5-10
90160D,PINK BOUDICCA LARGE BRACELET,6.95,5-10
90161A,ANT COPPER RED BOUDICCA BRACELET,4.98,2-5
90161B,ANT COPPER TURQ BOUDICCA BRACELET,4.98,2-5
90161C,ANT COPPER LIME BOUDICCA BRACELET,4.98,2-5
90161D,ANT COPPER PINK BOUDICCA BRACELET,4.98,2-5
90162A,ANT SILVER TURQUOISE BOUDICCA RING,2.95,2-5
90162B,ANT SILVER LIME GREEN BOUDICCA RING,2.95,2-5
90162C,ANT SILVER FUSCHIA BOUDICCA RING,2.95,2-5
90162D,ANT SILVER PURPLE BOUDICCA RING,2.95,2-5
90163A,PINK ROSEBUD & PEARL NECKLACE,7.64,5-10
90163B,WHITE ROSEBUD & PEARL NECKLACE,7.5,5-10
90164A,PINK ROSEBUD PEARL BRACELET,7.64,5-10
90164B,WHITE  ROSEBUD PEARL BRACELET,7.64,5-10
90165A,PINK ROSEBUD PEARL EARRINGS,2.54,2-5
90165B,WHITE ROSEBUD  PEARL EARRINGS,2.54,2-5
90166,PINK & WHITE ROSEBUD RING,4.24,2-5
90167,BEADED LOVE HEART JEWELLERY SET,0.85,Under 2
90168,2 DAISIES HAIR COMB,2.95,2-5
90169,DAISY HAIR COMB,2.54,2-5
90170,DAISY HAIR BAND,1.65,Under 2
90171,DAISY RING,1.26,Under 2
90173,PAIR BUTTERFLY HAIR CLIPS,3.81,2-5
90174,BUTTERFLY HAIR BAND,2.51,2-5
90175A,WHITE GLASS CHUNKY CHARM BRACELET,9.15,5-10
90175B,PINK GLASS CHUNKY CHARM BRACELET,9.15,5-10
90175C,BLUE GLASS CHUNKY CHARM BRACELET,8.95,5-10
90175D,TIGRIS EYE CHUNKY CHARM BRACELET,9.15,5-10
90176A,CLASSIC DIAMANTE NECKLACE JET,7.5,5-10
90176B,DIAMANTE NECKLACE BLACK,7.5,5-10
90176C,DIAMANTE NECKLACE,7.5,5-10
90176D,DIAMANTE NECKLACE PURPLE,7.5,5-10
90176E,DIAMANTE NECKLACE GREEN,7.5,5-10
90177A,CLASSIC DIAMANTE EARRINGS JET,2.9,2-5
90177B,DROP DIAMANTE EARRINGS BLACK DIAMON,2.95,2-5
90177C,DROP DIAMANTE EARRINGS CRYSTAL,2.95,2-5
90177D,DROP DIAMANTE EARRINGS PURPLE,2.95,2-5
90177E,DROP DIAMANTE EARRINGS GREEN,2.96,2-5
90178A,AMBER CHUNKY GLASS+BEAD NECKLACE,11.95,10+
90178B,PURPLE CHUNKY GLASS+BEAD NECKLACE,11.95,10+
90179A,AMBER FINE BEAD NECKLACE W TASSEL,5.95,5-10
90179B,PURPLE FINE BEAD NECKLACE W TASSEL,5.95,5-10
90179C,BLACK FINE BEAD NECKLACE W TASSEL,5.95,5-10
90180A,BLACK+WHITE NECKLACE W TASSEL,9.95,5-10
90180B,PURPLE AMETHYST NECKLACE W TASSEL,9.95,5-10
90181A,AMBER GLASS/SHELL/PEARL NECKLACE,9.15,5-10
90181B,AMETHYST GLASS/SHELL/PEARL NECKLACE,9.15,5-10
90181C,BLACK GLASS/SHELL/PEARL NECKLACE,9.34,5-10
90182A,AMBER 3 BEAD DROP EARRINGS,2.9,2-5
90182B,AMETHYST 3 BEAD DROP EARRINGS,2.9,2-5
90182C,BLACK 3 BEAD DROP EARRINGS,2.9,2-5
90183A,AMBER DROP EARRINGS W LONG BEADS,2.95,2-5
90183B,AMETHYST DROP EARRINGS W LONG BEADS,2.9,2-5
90183C,BLACK DROP EARRINGS W LONG BEADS,2.9,2-5
90184A,AMBER CHUNKY BEAD BRACELET W STRAP,9.15,5-10
90184B,AMETHYST CHUNKY BEAD BRACELET W STR,8.95,5-10
90184C,BLACK CHUNKY BEAD BRACELET W STRAP,8.95,5-10
90185A,AMBER DIAMANTE EXPANDABLE RING,4.24,2-5
90185B,AMETHYST DIAMANTE EXPANDABLE RING,4.25,2-5
90185C,BLACK DIAMANTE EXPANDABLE RING,4.25,2-5
90185D,CRYSTAL DIAMANTE EXPANDABLE RING,4.25,2-5
90186A,AMETHYST HOOP EARRING FLORAL LEAF,2.95,2-5
90186B,CRYSTAL HOOP EARRING FLORAL LEAF,2.95,2-5
90187A,BLUE DROP EARRINGS W BEAD CLUSTER,3.39,2-5
90187B,GREEN DROP EARRINGS W BEAD CLUSTER,3.35,2-5
90188,DROP EARRINGS W FLOWER & LEAF,2.54,2-5
90189A,SILVER 2 STRAND NECKLACE-LEAF CHARM,7.5,5-10
90189B,GOLD 2 STRAND NECKLACE-LEAF CHARMS,7.5,5-10
90190A,SILVER/CRYSTAL DROP EARRINGS W LEAF,2.95,2-5
90190B,GOLD/AMBER DROP EARRINGS W LEAF,2.95,2-5
90190C,SILVER/AMETHYST DROP EARRINGS LEAF,2.95,2-5
90191,SILVER LARIAT 40CM,12.75,10+
90192,JADE DROP EARRINGS W FILIGREE,4.98,2-5
90194,SILVER LARIAT BLACK STONE EARRINGS,4.25,2-5
90195A,PURPLE GEMSTONE BRACELET,8.95,5-10
90195B,BLACK GEMSTONE BRACELET,8.95,5-10
90196A,PURPLE GEMSTONE NECKLACE 45CM,12.75,10+
90196B,BLACK GEMSTONE NECKLACE 45CM,12.75,10+
90197B,BLACK GLASS BRACELET W HEART CHARMS,5.09,5-10
90197D,AMBER GLASS BRACELET HEART CHARMS,4.95,2-5
90198A,VINTAGE ROSE BEAD BRACELET RASPBERR,4.24,2-5
90198B,VINTAGE ROSE BEAD BRACELET BLACK,4.25,2-5
90199A,5 STRAND GLASS NECKLACE BLACK,6.35,5-10
90199B,5 STRAND GLASS NECKLACE AMETHYST,6.35,5-10
90199C,5 STRAND GLASS NECKLACE CRYSTAL,6.35,5-10
90199D,5 STRAND GLASS NECKLACE AMBER,6.35,5-10
90200A,PURPLE SWEETHEART BRACELET,4.25,2-5
90200B,BLACK SWEETHEART BRACELET,4.25,2-5
90200C,BLUE SWEETHEART BRACELET,4.25,2-5
90200D,PINK SWEETHEART BRACELET,4.24,2-5
90200E,GREEN SWEETHEART BRACELET,4.25,2-5
90201A,PURPLE ENAMEL FLOWER RING,2.95,2-5
90201B,BLACK ENAMEL FLOWER RING,2.96,2-5
90201C,RED ENAMEL FLOWER RING,2.95,2-5
90201D,GREEN ENAMEL FLOWER RING,2.95,2-5
90202A,PURPLE ENAMEL FLOWER HAIR TIE,2.95,2-5
90202B,WHITE ENAMEL FLOWER HAIR TIE,2.925,2-5
90202C,GREEN ENAMEL FLOWER HAIR TIE,2.96,2-5
90202D,PINK ENAMEL FLOWER HAIR TIE,2.95,2-5
90203,SILVER CHARM NECKLACE 70CM,7.5,5-10
90204,PAIR OF ENAMEL BUTTERFLY HAIRCLIP,3.35,2-5
90205A,LARGE MINT DIAMANTE HAIRSLIDE,1.67,Under 2
90205C,LARGE CRYSTAL DIAMANTE HAIRSLIDE,1.65,Under 2
90206A,GOLD DIAMANTE STAR BROOCH,4.965,2-5
90206C,CRYSTAL DIAMANTE STAR BROOCH,4.98,2-5
90208,PAIR OF PINK FLOWER CLUSTER SLIDE,2.54,2-5
90209A,PURPLE ENAMEL+GLASS HAIR COMB,2.1,2-5
90209B,GREEN ENAMEL+GLASS HAIR COMB,2.11,2-5
90209C,PINK ENAMEL+GLASS HAIR COMB,2.1,2-5
90210A,GREY ACRYLIC FACETED BANGLE,2.95,2-5
90210B,CLEAR ACRYLIC FACETED BANGLE,2.95,2-5
90210C,RED   ACRYLIC FACETED BANGLE,2.925,2-5
90210D,PURPLE ACRYLIC FACETED BANGLE,2.95,2-5
90211A,DIAMOND LAS VEGAS NECKLACE 45CM,5.94,5-10
90211B,JET BLACK LAS VEGAS NECKLACE 45CM,5.94,5-10
90212B,JET BLACK LAS VEGAS BRACELET ROUND,3.81,2-5
90212C,PURPLE LAS VEGAS BRACELET ROUND,3.75,2-5
90214A,"LETTER ""A"" BLING KEY RING",0.85,Under 2
90214B,"LETTER ""B"" BLING KEY RING",0.85,Under 2
90214C,"LETTER ""C"" BLING KEY RING",0.85,Under 2
90214D,"LETTER ""D"" BLING KEY RING",0.85,Under 2
90214E,"LETTER ""E"" BLING KEY RING",0.85,Under 2
90214F,"LETTER ""F"" BLING KEY RING",0.85,Under 2
90214G,"LETTER ""G"" BLING KEY RING",0.85,Under 2
90214H,"LETTER ""H"" BLING KEY RING",0.85,Under 2
90214I,"LETTER ""I"" BLING KEY RING",0.85,Under 2
90214J,"LETTER ""J"" BLING KEY RING",0.85,Under 2
90214K,"LETTER ""K"" BLING KEY RING",1.25,Under 2
90214L,"LETTER ""L"" BLING KEY RING",0.85,Under 2
90214M,"LETTER ""M"" BLING KEY RING",1.05,Under 2
90214N,"LETTER ""N"" BLING KEY RING",0.85,Under 2
90214O,"LETTER ""O"" BLING KEY RING",1.25,Under 2
90214P,"LETTER ""P"" BLING KEY RING",1.25,Under 2
90214R,"LETTER ""R"" BLING KEY RING",0.85,Under 2
90214S,"LETTER ""S"" BLING KEY RING",0.85,Under 2
90214T,"LETTER ""T"" BLING KEY RING",1.05,Under 2
90214U,"LETTER ""U"" BLING KEY RING",0.77,Under 2
90214V,"LETTER ""V"" BLING KEY RING",0.85,Under 2
90214W,"LETTER ""W"" BLING KEY RING",0.84,Under 2
90214Y,"LETTER ""Y"" BLING KEY RING",0.84,Under 2
90214Z,"LETTER ""Z"" BLING KEY RING",0.85,Under 2
